customerID,gender,SeniorCitizen,Partner,Dependents,tenure,PhoneService,MultipleLines,InternetService,OnlineSecurity,OnlineBackup,DeviceProtection,TechSupport,StreamingTV,StreamingMovies,Contract,PaperlessBilling,PaymentMethod,MonthlyCharges,TotalCharges,Churn,tenure_bin,is_new_client,is_month_to_month,is_electronic_check,is_fiber_optic,addon_missing_count,avg_monthly_charge_hist
3723-BFBGR,Male,Yes,No,No,24,Yes,Yes,DSL,No,Yes,No,No,No,No,Month-to-month,No,Credit card (automatic),54.8,1291.3,No,24-35,No,Yes,No,No,3,53.80416666666667
2819-GWENI,Female,No,Yes,Yes,28,Yes,No,No,No internet service,No internet service,No internet service,No internet service,No internet service,No internet service,One year,No,Mailed check,19.9,543.0,No,24-35,No,No,No,No,0,19.392857142857142
2863-IMQDR,Female,No,No,No,61,Yes,Yes,DSL,Yes,Yes,Yes,Yes,Yes,Yes,Two year,No,Electronic check,89.65,5308.7,No,60-72,No,No,Yes,No,0,87.02786885245901
4315-MURBD,Female,No,No,No,12,Yes,No,Fiber optic,Yes,No,No,Yes,Yes,Yes,Month-to-month,Yes,Bank transfer (automatic),98.9,1120.95,Yes,12-23,No,Yes,No,Yes,2,93.4125
7115-IRDHS,Female,No,Yes,No,72,Yes,Yes,No,No internet service,No internet service,No internet service,No internet service,No internet service,No internet service,Two year,No,Bank transfer (automatic),24.65,1830.05,No,60-72,No,No,No,No,0,25.41736111111111
0909-SELIE,Male,No,Yes,No,61,Yes,Yes,DSL,Yes,Yes,Yes,Yes,No,Yes,Two year,Yes,Bank transfer (automatic),80.8,4860.85,No,60-72,No,No,No,No,0,79.68606557377049
3680-CTHUH,Male,No,No,No,60,Yes,Yes,Fiber optic,Yes,Yes,Yes,Yes,Yes,Yes,One year,Yes,Credit card (automatic),116.6,7049.5,No,60-72,No,No,No,Yes,0,117.49166666666666
1307-TVUFB,Male,Yes,No,No,42,Yes,Yes,Fiber optic,No,Yes,No,No,No,No,Month-to-month,Yes,Bank transfer (automatic),79.35,3344.1,No,36-47,No,Yes,No,Yes,3,79.62142857142857
8410-BGQXN,Male,No,No,No,4,Yes,No,No,No internet service,No internet service,No internet service,No internet service,No internet service,No internet service,Month-to-month,No,Mailed check,19.4,93.4,No,0-5,No,Yes,No,No,0,23.35
5156-UMKOW,Female,No,No,Yes,3,No,No phone service,DSL,No,Yes,No,No,No,No,Month-to-month,No,Mailed check,29.65,90.05,No,0-5,Yes,Yes,No,No,3,30.016666666666666
9618-LFJRU,Female,No,No,No,4,Yes,No,No,No internet service,No internet service,No internet service,No internet service,No internet service,No internet service,Month-to-month,No,Credit card (automatic),20.45,82.85,No,0-5,No,Yes,No,No,0,20.7125
1660-HSOOQ,Male,No,No,No,1,Yes,No,DSL,No,No,Yes,No,No,No,Month-to-month,Yes,Mailed check,49.65,49.65,Yes,0-5,Yes,Yes,No,No,3,49.65
4043-MKDTV,Male,No,Yes,No,71,Yes,No,Fiber optic,No,Yes,Yes,Yes,Yes,Yes,Two year,Yes,Electronic check,105.25,7291.75,No,60-72,No,No,Yes,Yes,1,102.70070422535213
0567-XRHCU,Female,No,Yes,Yes,69,No,No phone service,DSL,Yes,No,Yes,No,No,Yes,Two year,Yes,Credit card (automatic),43.95,2960.1,No,60-72,No,No,No,No,2,42.9
0083-PIVIK,Male,No,No,No,64,Yes,Yes,DSL,Yes,Yes,Yes,Yes,Yes,No,One year,No,Electronic check,81.25,5567.55,No,60-72,No,No,Yes,No,0,86.99296875
0761-AETCS,Female,No,No,No,1,Yes,No,No,No internet service,No internet service,No internet service,No internet service,No internet service,No internet service,Month-to-month,No,Electronic check,19.3,19.3,Yes,0-5,Yes,Yes,Yes,No,0,19.3
6195-MELTI,Male,No,No,No,57,Yes,No,DSL,No,Yes,No,Yes,No,No,One year,Yes,Mailed check,54.65,3134.7,No,48-59,No,No,No,No,2,54.99473684210526
6818-WOBHJ,Female,Yes,Yes,No,68,Yes,Yes,Fiber optic,No,Yes,No,No,No,Yes,Month-to-month,Yes,Bank transfer (automatic),89.6,6127.6,Yes,60-72,No,Yes,No,Yes,3,90.11176470588236
9367-OIUXP,Male,No,No,No,4,Yes,No,No,No internet service,No internet service,No internet service,No internet service,No internet service,No internet service,Month-to-month,No,Mailed check,20.7,73.05,No,0-5,No,Yes,No,No,0,18.2625
8809-RIHDD,Male,No,Yes,Yes,72,Yes,Yes,Fiber optic,No,Yes,Yes,No,Yes,Yes,Two year,Yes,Electronic check,103.4,7372.65,Yes,60-72,No,No,Yes,Yes,2,102.39791666666666
0523-VNGTF,Female,Yes,No,No,52,No,No phone service,DSL,No,Yes,Yes,Yes,Yes,No,Month-to-month,Yes,Electronic check,50.5,2566.3,No,48-59,No,Yes,Yes,No,1,49.35192307692308
0969-RGKCU,Male,No,Yes,Yes,37,Yes,No,No,No internet service,No internet service,No internet service,No internet service,No internet service,No internet service,One year,No,Credit card (automatic),19.8,677.05,No,36-47,No,No,No,No,0,18.298648648648648
9214-EKVXR,Female,No,No,No,1,Yes,No,DSL,No,No,No,No,No,No,Month-to-month,Yes,Mailed check,44.0,44.0,No,0-5,Yes,Yes,No,No,4,44.0
5126-RCXYW,Male,No,Yes,Yes,54,No,No phone service,DSL,No,No,Yes,Yes,No,Yes,Two year,No,Credit card (automatic),46.0,2424.05,No,48-59,No,No,No,No,2,44.88981481481482
5144-TVGLP,Male,Yes,No,No,38,Yes,Yes,Fiber optic,No,No,No,No,Yes,Yes,Month-to-month,No,Electronic check,94.75,3653.0,No,36-47,No,Yes,Yes,Yes,4,96.13157894736842
0326-VDYXE,Female,No,Yes,No,70,Yes,Yes,Fiber optic,No,No,Yes,No,Yes,Yes,One year,Yes,Electronic check,97.65,6982.5,No,60-72,No,No,Yes,Yes,3,99.75
2675-IJRGJ,Male,No,No,No,53,Yes,No,No,No internet service,No internet service,No internet service,No internet service,No internet service,No internet service,Two year,No,Bank transfer (automatic),19.65,978.0,No,48-59,No,No,No,No,0,18.452830188679247
7248-VZQLC,Female,Yes,No,No,47,Yes,Yes,Fiber optic,No,Yes,Yes,No,No,No,Month-to-month,Yes,Bank transfer (automatic),85.2,3969.35,Yes,36-47,No,Yes,No,Yes,2,84.45425531914893
8663-UPDGF,Female,No,No,No,26,Yes,Yes,DSL,Yes,Yes,No,No,Yes,No,Month-to-month,Yes,Bank transfer (automatic),69.5,1800.05,No,24-35,No,Yes,No,No,2,69.2326923076923
7140-ADSMJ,Male,No,No,No,8,Yes,No,No,No internet service,No internet service,No internet service,No internet service,No internet service,No internet service,Month-to-month,Yes,Credit card (automatic),20.45,162.3,No,6-11,No,Yes,No,No,0,20.2875
7993-NQLJE,Male,No,Yes,Yes,15,Yes,No,Fiber optic,Yes,No,No,No,No,No,Month-to-month,No,Mailed check,75.1,1151.55,No,12-23,No,Yes,No,Yes,3,76.77
8118-LSUEL,Male,Yes,No,No,23,Yes,Yes,Fiber optic,No,Yes,Yes,No,Yes,Yes,Month-to-month,Yes,Electronic check,106.4,2483.5,Yes,12-23,No,Yes,Yes,Yes,2,107.97826086956522
3021-VLNRJ,Female,No,No,Yes,50,Yes,No,DSL,Yes,No,Yes,Yes,Yes,No,One year,Yes,Credit card (automatic),70.8,3478.15,No,48-59,No,No,No,No,1,69.563
6609-MXJHJ,Female,No,Yes,Yes,30,Yes,Yes,No,No internet service,No internet service,No internet service,No internet service,No internet service,No internet service,Two year,Yes,Mailed check,25.1,789.55,No,24-35,No,No,No,No,0,26.31833333333333
3675-YDUPJ,Male,No,No,No,10,Yes,No,No,No internet service,No internet service,No internet service,No internet service,No internet service,No internet service,Month-to-month,Yes,Mailed check,19.85,193.05,No,6-11,No,Yes,No,No,0,19.305
9361-YNQWJ,Female,No,No,No,64,Yes,Yes,No,No internet service,No internet service,No internet service,No internet service,No internet service,No internet service,One year,Yes,Bank transfer (automatic),24.4,1601.2,No,60-72,No,No,No,No,0,25.01875
2607-FBDFF,Male,No,No,No,1,Yes,No,DSL,No,No,No,Yes,No,No,Month-to-month,No,Credit card (automatic),49.0,49.0,No,0-5,Yes,Yes,No,No,3,49.0
6583-SZVGP,Male,No,No,No,48,Yes,Yes,Fiber optic,No,Yes,Yes,No,Yes,Yes,Two year,Yes,Bank transfer (automatic),108.1,5067.45,No,48-59,No,No,No,Yes,2,105.571875
8751-EDEKA,Female,No,Yes,No,28,Yes,No,Fiber optic,No,Yes,Yes,No,No,Yes,Month-to-month,No,Credit card (automatic),89.9,2433.5,No,24-35,No,Yes,No,Yes,2,86.91071428571429
7730-CLDSV,Female,No,Yes,Yes,72,Yes,Yes,Fiber optic,No,Yes,Yes,Yes,No,Yes,Two year,Yes,Bank transfer (automatic),98.65,7129.45,No,60-72,No,No,No,Yes,1,99.02013888888888
3572-UOLYZ,Female,No,No,Yes,46,Yes,Yes,Fiber optic,No,No,Yes,Yes,No,No,Month-to-month,Yes,Bank transfer (automatic),84.8,3958.85,No,36-47,No,Yes,No,Yes,2,86.06195652173913
8329-IBCTI,Female,No,No,No,1,Yes,No,No,No internet service,No internet service,No internet service,No internet service,No internet service,No internet service,Month-to-month,No,Mailed check,19.65,19.65,Yes,0-5,Yes,Yes,No,No,0,19.65
7148-XZPHA,Male,No,Yes,Yes,55,Yes,No,Fiber optic,No,Yes,No,Yes,No,No,Month-to-month,No,Electronic check,79.4,4238.45,No,48-59,No,Yes,Yes,Yes,2,77.06272727272727
1251-STYSZ,Female,Yes,No,No,4,Yes,Yes,Fiber optic,Yes,No,No,No,No,No,Month-to-month,Yes,Electronic check,80.25,303.7,No,0-5,No,Yes,Yes,Yes,3,75.925
9774-NRNAU,Male,Yes,Yes,No,27,Yes,Yes,DSL,No,Yes,Yes,Yes,Yes,Yes,Month-to-month,Yes,Bank transfer (automatic),84.8,2309.55,No,24-35,No,Yes,No,No,1,85.53888888888889
8309-PPCED,Female,No,Yes,No,72,Yes,Yes,Fiber optic,No,Yes,Yes,Yes,Yes,Yes,Two year,Yes,Bank transfer (automatic),110.45,7982.5,No,60-72,No,No,No,Yes,1,110.86805555555556
7130-YXBRO,Male,No,Yes,No,48,Yes,Yes,Fiber optic,Yes,Yes,Yes,No,Yes,Yes,Month-to-month,Yes,Bank transfer (automatic),111.45,5315.1,No,48-59,No,Yes,No,Yes,1,110.73125
3889-VWBID,Male,No,Yes,Yes,68,Yes,No,DSL,Yes,Yes,No,Yes,Yes,Yes,Two year,No,Bank transfer (automatic),82.85,5776.45,No,60-72,No,No,No,No,1,84.94779411764705
5889-LFOLL,Female,No,No,No,13,Yes,Yes,Fiber optic,No,No,No,No,No,Yes,Month-to-month,Yes,Electronic check,84.6,1115.2,Yes,12-23,No,Yes,Yes,Yes,4,85.78461538461539
2848-YXSMW,Male,No,Yes,Yes,72,Yes,No,No,No internet service,No internet service,No internet service,No internet service,No internet service,No internet service,Two year,No,Credit card (automatic),19.4,1363.25,No,60-72,No,No,No,No,0,18.93402777777778
0921-OHLVP,Male,No,No,No,22,Yes,Yes,Fiber optic,No,No,No,No,No,Yes,Month-to-month,No,Electronic check,83.05,1799.3,No,12-23,No,Yes,Yes,Yes,4,81.78636363636363
5673-FSSMF,Female,No,No,No,1,Yes,Yes,DSL,No,No,No,No,No,Yes,Month-to-month,Yes,Electronic check,60.15,60.15,Yes,0-5,Yes,Yes,Yes,No,4,60.15
4238-JSSWH,Female,Yes,Yes,No,35,Yes,Yes,Fiber optic,No,No,Yes,No,Yes,Yes,Month-to-month,No,Bank transfer (automatic),102.05,3452.55,No,24-35,No,Yes,No,Yes,3,98.64428571428572
7459-IMVYU,Male,No,No,No,38,Yes,Yes,DSL,Yes,Yes,Yes,Yes,No,No,Month-to-month,No,Electronic check,69.95,2657.55,No,36-47,No,Yes,Yes,No,0,69.93552631578947
5206-HPJKM,Male,No,No,No,17,Yes,No,DSL,Yes,Yes,No,No,No,No,Month-to-month,Yes,Credit card (automatic),55.5,934.15,No,12-23,No,Yes,No,No,2,54.95
3481-JHUZH,Male,No,Yes,No,41,Yes,Yes,Fiber optic,No,Yes,No,No,No,No,Month-to-month,Yes,Electronic check,80.25,3439.0,No,36-47,No,Yes,Yes,Yes,3,83.8780487804878
9534-NSXEM,Male,No,No,No,26,Yes,No,No,No internet service,No internet service,No internet service,No internet service,No internet service,No internet service,One year,Yes,Credit card (automatic),20.65,595.5,No,24-35,No,No,No,No,0,22.903846153846157
6094-ZIVKX,Female,No,No,No,68,Yes,No,DSL,Yes,No,Yes,No,No,No,One year,Yes,Credit card (automatic),54.45,3674.95,No,60-72,No,No,No,No,2,54.04338235294117
5839-SUYVZ,Male,No,No,No,16,Yes,No,Fiber optic,No,No,No,Yes,No,No,Month-to-month,Yes,Credit card (automatic),74.55,1170.5,No,12-23,No,Yes,No,Yes,3,73.15625
9066-QRSDU,Female,No,Yes,No,69,Yes,Yes,No,No internet service,No internet service,No internet service,No internet service,No internet service,No internet service,One year,Yes,Electronic check,26.3,1763.55,No,60-72,No,No,Yes,No,0,25.558695652173917
1122-JWTJW,Male,No,Yes,Yes,1,Yes,No,Fiber optic,No,No,No,No,No,No,Month-to-month,Yes,Mailed check,70.65,70.65,Yes,0-5,Yes,Yes,No,Yes,4,70.65
4163-HFTUK,Male,No,No,No,51,Yes,No,No,No internet service,No internet service,No internet service,No internet service,No internet service,No internet service,One year,No,Electronic check,19.1,1007.8,No,48-59,No,No,Yes,No,0,19.76078431372549
6789-HJBWG,Female,No,No,No,12,Yes,No,DSL,No,Yes,No,No,No,No,Month-to-month,Yes,Electronic check,49.4,611.65,No,12-23,No,Yes,Yes,No,3,50.97083333333333
3714-XPXBW,Female,No,No,No,37,Yes,Yes,DSL,Yes,Yes,Yes,Yes,Yes,No,Month-to-month,Yes,Credit card (automatic),78.9,2976.95,No,36-47,No,Yes,No,No,0,80.4581081081081
6266-QHOJZ,Female,No,No,No,65,Yes,Yes,Fiber optic,Yes,Yes,No,Yes,No,No,One year,Yes,Electronic check,89.85,5844.65,No,60-72,No,No,Yes,Yes,1,89.9176923076923
3162-ZJZFU,Male,No,Yes,Yes,53,Yes,No,Fiber optic,No,Yes,No,Yes,Yes,No,Month-to-month,Yes,Electronic check,92.55,4779.45,No,48-59,No,Yes,Yes,Yes,2,90.17830188679244
4418-LZMSV,Male,No,Yes,Yes,13,Yes,No,DSL,No,Yes,Yes,Yes,No,No,Month-to-month,No,Bank transfer (automatic),61.8,750.1,No,12-23,No,Yes,No,No,1,57.7
5916-QEWPT,Female,No,Yes,No,2,Yes,No,DSL,No,No,Yes,No,Yes,Yes,Month-to-month,No,Credit card (automatic),69.0,147.8,No,0-5,Yes,Yes,No,No,3,73.9
1670-SVOWZ,Female,No,Yes,Yes,14,Yes,No,Fiber optic,No,Yes,No,Yes,No,Yes,Month-to-month,Yes,Credit card (automatic),89.65,1208.35,Yes,12-23,No,Yes,No,Yes,2,86.31071428571428
2436-QBZFP,Female,No,Yes,Yes,22,No,No phone service,DSL,No,Yes,No,No,Yes,No,Month-to-month,No,Electronic check,39.2,849.9,No,12-23,No,Yes,Yes,No,3,38.63181818181818
8908-NMQTX,Male,No,No,No,72,No,No phone service,DSL,Yes,Yes,Yes,Yes,Yes,Yes,Two year,Yes,Bank transfer (automatic),65.6,4566.5,No,60-72,No,No,No,No,0,63.42361111111112
1930-WNXSB,Male,No,Yes,Yes,58,Yes,No,Fiber optic,No,Yes,No,No,Yes,Yes,Month-to-month,Yes,Electronic check,92.85,5305.05,No,48-59,No,Yes,Yes,Yes,3,91.46637931034483
3132-TVFDZ,Male,Yes,Yes,No,57,No,No phone service,DSL,No,No,No,No,Yes,Yes,Month-to-month,Yes,Electronic check,44.85,2572.95,Yes,48-59,No,Yes,Yes,No,4,45.13947368421052
7246-ZGQDF,Female,No,No,Yes,1,Yes,No,DSL,Yes,No,No,Yes,No,No,Month-to-month,No,Electronic check,54.5,54.5,No,0-5,Yes,Yes,Yes,No,2,54.5
5248-RPYWW,Female,Yes,Yes,Yes,72,Yes,Yes,DSL,Yes,Yes,Yes,Yes,Yes,Yes,Two year,Yes,Bank transfer (automatic),90.15,6716.45,No,60-72,No,No,No,No,0,93.28402777777778
2388-LAESQ,Female,Yes,Yes,No,72,Yes,Yes,Fiber optic,Yes,Yes,Yes,Yes,Yes,Yes,Two year,Yes,Bank transfer (automatic),114.85,8317.95,No,60-72,No,No,No,Yes,0,115.52708333333334
4006-HKYHO,Male,No,No,No,63,Yes,No,DSL,Yes,Yes,Yes,Yes,Yes,Yes,Two year,Yes,Bank transfer (automatic),86.7,5309.5,No,60-72,No,No,No,No,0,84.27777777777777
7558-IMLMT,Male,No,Yes,Yes,67,Yes,No,No,No internet service,No internet service,No internet service,No internet service,No internet service,No internet service,Two year,Yes,Mailed check,20.8,1411.9,No,60-72,No,No,No,No,0,21.07313432835821
5315-CKEQK,Male,Yes,Yes,Yes,28,Yes,Yes,DSL,No,No,No,No,No,No,One year,Yes,Electronic check,51.0,1381.8,No,24-35,No,No,Yes,No,4,49.35
6300-BWMJX,Female,No,Yes,No,59,Yes,Yes,Fiber optic,No,No,Yes,Yes,Yes,No,Month-to-month,No,Electronic check,93.35,5386.5,No,48-59,No,Yes,Yes,Yes,2,91.29661016949152
8628-MFKAX,Female,Yes,Yes,No,72,Yes,Yes,Fiber optic,Yes,Yes,Yes,Yes,Yes,Yes,Two year,Yes,Credit card (automatic),116.75,8277.05,No,60-72,No,No,No,Yes,0,114.95902777777776
6166-YIPFO,Male,No,Yes,No,72,No,No phone service,DSL,Yes,Yes,Yes,Yes,Yes,Yes,Two year,Yes,Electronic check,64.7,4746.05,No,60-72,No,No,Yes,No,0,65.91736111111112
4710-NKCAW,Male,No,Yes,Yes,5,Yes,Yes,DSL,Yes,Yes,No,Yes,No,No,Month-to-month,No,Credit card (automatic),64.4,316.9,No,0-5,No,Yes,No,No,1,63.38
5482-PLVPE,Female,Yes,No,No,2,No,No phone service,DSL,No,No,No,No,No,No,Month-to-month,No,Electronic check,24.35,41.85,Yes,0-5,Yes,Yes,Yes,No,4,20.925
9761-XUJWD,Male,No,No,No,5,Yes,No,DSL,No,Yes,No,Yes,No,Yes,Month-to-month,Yes,Bank transfer (automatic),65.6,339.9,No,0-5,No,Yes,No,No,2,67.97999999999999
5047-LHVLY,Male,Yes,No,Yes,1,Yes,No,DSL,No,No,Yes,No,No,No,Month-to-month,Yes,Mailed check,50.15,50.15,Yes,0-5,Yes,Yes,No,No,3,50.15
4334-HOWRP,Male,Yes,Yes,No,72,No,No phone service,DSL,Yes,Yes,Yes,Yes,Yes,Yes,Two year,Yes,Credit card (automatic),64.95,4546.0,No,60-72,No,No,No,No,0,63.138888888888886
6906-MPARY,Male,No,No,No,40,Yes,No,Fiber optic,No,Yes,No,Yes,No,Yes,One year,Yes,Credit card (automatic),89.6,3488.15,No,36-47,No,No,No,Yes,2,87.20375
0750-EBAIU,Male,No,No,No,52,Yes,No,Fiber optic,Yes,No,Yes,No,Yes,No,One year,No,Electronic check,91.25,4738.3,No,48-59,No,No,Yes,Yes,2,91.12115384615385
9479-HYNYL,Female,No,Yes,No,71,Yes,No,DSL,No,Yes,Yes,Yes,Yes,Yes,Two year,Yes,Credit card (automatic),80.7,5705.05,No,60-72,No,No,No,No,1,80.35281690140846
9185-TQCVP,Male,No,Yes,No,14,Yes,Yes,Fiber optic,No,No,No,No,No,Yes,Month-to-month,Yes,Electronic check,85.15,1139.2,Yes,12-23,No,Yes,Yes,Yes,4,81.37142857142858
7096-ZNBZI,Female,No,Yes,No,72,Yes,Yes,No,No internet service,No internet service,No internet service,No internet service,No internet service,No internet service,Two year,No,Credit card (automatic),26.45,1914.5,No,60-72,No,No,No,No,0,26.59027777777778
4090-KPJIP,Female,No,No,No,3,Yes,Yes,Fiber optic,No,No,No,No,No,No,Month-to-month,Yes,Electronic check,74.95,212.4,No,0-5,Yes,Yes,Yes,Yes,4,70.8
5804-JMYIO,Female,No,Yes,Yes,39,Yes,No,No,No internet service,No internet service,No internet service,No internet service,No internet service,No internet service,Two year,No,Mailed check,19.75,757.95,No,36-47,No,No,No,No,0,19.434615384615388
7297-DVYGA,Female,No,No,No,51,Yes,No,No,No internet service,No internet service,No internet service,No internet service,No internet service,No internet service,One year,Yes,Bank transfer (automatic),19.85,996.95,No,48-59,No,No,No,No,0,19.54803921568628
9514-JDSKI,Male,Yes,Yes,No,1,No,No phone service,DSL,No,Yes,No,No,Yes,No,Month-to-month,No,Electronic check,40.2,40.2,Yes,0-5,Yes,Yes,Yes,No,3,40.2
5074-FBGHB,Male,No,No,No,64,Yes,Yes,Fiber optic,No,No,Yes,Yes,Yes,Yes,One year,Yes,Credit card (automatic),104.65,6889.8,No,60-72,No,No,No,Yes,2,107.653125
6849-WLEYG,Male,No,No,Yes,1,Yes,No,No,No internet service,No internet service,No internet service,No internet service,No internet service,No internet service,Month-to-month,No,Mailed check,19.75,19.75,Yes,0-5,Yes,Yes,No,No,0,19.75
4683-WYDOU,Male,No,Yes,No,62,Yes,Yes,Fiber optic,No,No,Yes,Yes,Yes,Yes,Two year,Yes,Bank transfer (automatic),107.6,6912.7,No,60-72,No,No,No,Yes,2,111.49516129032256
4335-BSMJS,Female,No,No,No,62,Yes,Yes,No,No internet service,No internet service,No internet service,No internet service,No internet service,No internet service,Two year,Yes,Credit card (automatic),25.8,1563.95,No,60-72,No,No,No,No,0,25.225
8853-TZDGH,Female,No,No,No,72,Yes,Yes,Fiber optic,No,Yes,Yes,Yes,Yes,Yes,Two year,Yes,Bank transfer (automatic),111.6,8012.75,No,60-72,No,No,No,Yes,1,111.28819444444444
8735-SDUFN,Female,Yes,Yes,No,72,Yes,Yes,No,No internet service,No internet service,No internet service,No internet service,No internet service,No internet service,Two year,No,Bank transfer (automatic),24.3,1778.7,No,60-72,No,No,No,No,0,24.704166666666666
3705-RHRFR,Female,No,Yes,No,69,Yes,Yes,Fiber optic,Yes,No,No,No,Yes,Yes,Two year,No,Bank transfer (automatic),99.15,6875.35,No,60-72,No,No,No,Yes,3,99.6427536231884
1140-UKVZG,Female,No,No,No,17,Yes,Yes,No,No internet service,No internet service,No internet service,No internet service,No internet service,No internet service,Month-to-month,No,Mailed check,24.8,475.25,No,12-23,No,Yes,No,No,0,27.955882352941178
5792-JALQC,Female,Yes,No,No,52,Yes,Yes,DSL,Yes,No,Yes,No,No,No,Two year,No,Bank transfer (automatic),59.85,3103.25,No,48-59,No,No,No,No,2,59.67788461538461
4116-TZAQJ,Female,No,No,No,9,Yes,No,Fiber optic,Yes,No,No,No,No,No,Month-to-month,Yes,Credit card (automatic),74.25,639.65,Yes,6-11,No,Yes,No,Yes,3,71.07222222222222
0689-DSXGL,Female,No,Yes,Yes,52,Yes,No,Fiber optic,No,Yes,Yes,Yes,No,No,Month-to-month,No,Bank transfer (automatic),85.8,4433.3,No,48-59,No,Yes,No,Yes,1,85.25576923076923
7967-HYCDE,Male,No,No,No,8,Yes,No,Fiber optic,No,No,No,No,No,No,Month-to-month,No,Bank transfer (automatic),70.7,553.4,No,6-11,No,Yes,No,Yes,4,69.175
5296-PSYVW,Female,No,Yes,No,72,Yes,Yes,No,No internet service,No internet service,No internet service,No internet service,No internet service,No internet service,Two year,No,Electronic check,24.55,1750.7,No,60-72,No,No,Yes,No,0,24.31527777777778
7102-JJVTX,Female,No,Yes,Yes,9,Yes,No,DSL,Yes,No,No,No,No,No,One year,No,Mailed check,48.6,422.3,No,6-11,No,No,No,No,3,46.922222222222224
5671-RQRLP,Female,Yes,Yes,No,70,Yes,Yes,Fiber optic,No,No,No,No,No,No,Two year,Yes,Credit card (automatic),75.65,5411.4,No,60-72,No,No,No,Yes,4,77.30571428571427
2085-BOJKI,Male,No,Yes,No,17,Yes,No,Fiber optic,No,No,Yes,No,Yes,Yes,One year,Yes,Bank transfer (automatic),96.65,1588.25,No,12-23,No,No,No,Yes,3,93.42647058823528
0519-DRGTI,Female,No,Yes,Yes,20,Yes,No,No,No internet service,No internet service,No internet service,No internet service,No internet service,No internet service,Month-to-month,No,Mailed check,20.35,442.6,No,12-23,No,Yes,No,No,0,22.130000000000003
9283-LZQOH,Male,No,Yes,Yes,13,Yes,Yes,Fiber optic,No,No,No,No,No,No,Month-to-month,Yes,Credit card (automatic),74.4,896.75,Yes,12-23,No,Yes,No,Yes,4,68.98076923076923
4403-BWPAY,Male,No,No,No,14,Yes,Yes,No,No internet service,No internet service,No internet service,No internet service,No internet service,No internet service,One year,Yes,Credit card (automatic),24.8,321.7,No,12-23,No,No,No,No,0,22.978571428571428
5997-OPVFA,Male,No,Yes,No,72,Yes,Yes,DSL,Yes,Yes,Yes,Yes,Yes,Yes,Two year,Yes,Bank transfer (automatic),89.05,6254.45,No,60-72,No,No,No,No,0,86.86736111111111
1583-IHQZE,Male,No,No,No,12,Yes,Yes,Fiber optic,No,Yes,Yes,Yes,Yes,Yes,Month-to-month,Yes,Mailed check,112.95,1384.75,Yes,12-23,No,Yes,No,Yes,1,115.39583333333331
6974-DAFLI,Female,No,Yes,No,55,Yes,No,No,No internet service,No internet service,No internet service,No internet service,No internet service,No internet service,One year,No,Electronic check,19.7,1140.05,No,48-59,No,No,Yes,No,0,20.728181818181817
2000-MPKCA,Female,No,No,No,58,Yes,Yes,Fiber optic,Yes,Yes,Yes,No,Yes,Yes,One year,Yes,Electronic check,107.75,6332.75,No,48-59,No,No,Yes,Yes,1,109.1853448275862
7030-FZTFM,Male,No,Yes,Yes,72,Yes,Yes,Fiber optic,No,Yes,Yes,Yes,Yes,Yes,Two year,No,Credit card (automatic),110.9,7922.75,No,60-72,No,No,No,Yes,1,110.03819444444444
0013-SMEOE,Female,Yes,Yes,No,71,Yes,No,Fiber optic,Yes,Yes,Yes,Yes,Yes,Yes,Two year,Yes,Bank transfer (automatic),109.7,7904.25,No,60-72,No,No,No,Yes,0,111.3274647887324
1984-FCOWB,Female,No,Yes,No,70,Yes,Yes,Fiber optic,No,Yes,Yes,Yes,Yes,Yes,One year,Yes,Electronic check,109.5,7674.55,Yes,60-72,No,No,Yes,Yes,1,109.63642857142855
5356-RHIPP,Male,No,No,No,1,Yes,No,No,No internet service,No internet service,No internet service,No internet service,No internet service,No internet service,Month-to-month,Yes,Mailed check,20.2,20.2,Yes,0-5,Yes,Yes,No,No,0,20.2
3583-KRKMD,Male,No,No,No,18,Yes,No,Fiber optic,No,No,No,Yes,No,No,Month-to-month,Yes,Bank transfer (automatic),75.9,1373.05,No,12-23,No,Yes,No,Yes,3,76.28055555555555
7634-WSWDB,Female,No,No,Yes,8,No,No phone service,DSL,Yes,No,No,No,No,Yes,Month-to-month,Yes,Electronic check,38.5,330.8,No,6-11,No,Yes,Yes,No,3,41.35
3296-SILRA,Female,Yes,Yes,No,1,Yes,No,Fiber optic,No,Yes,No,No,No,No,Month-to-month,Yes,Mailed check,76.4,76.4,Yes,0-5,Yes,Yes,No,Yes,3,76.4
5071-FBJFS,Female,No,Yes,Yes,4,Yes,No,DSL,Yes,No,No,No,No,No,Month-to-month,No,Electronic check,50.3,217.1,No,0-5,No,Yes,Yes,No,3,54.275
7672-VFMXZ,Male,No,Yes,No,57,Yes,No,DSL,Yes,No,No,Yes,No,No,Month-to-month,No,Electronic check,55.7,3171.6,No,48-59,No,Yes,Yes,No,2,55.642105263157895
1307-ATKGB,Male,No,No,No,24,Yes,No,Fiber optic,No,Yes,Yes,No,No,Yes,Month-to-month,Yes,Electronic check,89.55,2187.15,No,24-35,No,Yes,Yes,Yes,2,91.13125
8992-OBVDG,Male,No,No,No,21,Yes,No,DSL,No,No,Yes,No,No,Yes,Month-to-month,No,Mailed check,61.65,1393.6,No,12-23,No,Yes,No,No,3,66.36190476190475
2055-PDADH,Female,Yes,No,No,3,Yes,No,Fiber optic,No,No,No,No,No,No,Month-to-month,Yes,Electronic check,70.4,204.7,Yes,0-5,Yes,Yes,Yes,Yes,4,68.23333333333333
6625-UTXEW,Female,No,Yes,No,12,Yes,No,DSL,No,Yes,No,No,No,No,Month-to-month,Yes,Electronic check,51.25,612.1,No,12-23,No,Yes,Yes,No,3,51.00833333333333
4484-GLZOU,Female,No,Yes,No,52,Yes,Yes,Fiber optic,No,Yes,Yes,No,Yes,Yes,Month-to-month,Yes,Electronic check,105.05,5624.85,Yes,48-59,No,Yes,Yes,Yes,2,108.17019230769232
4291-SHSBH,Male,No,No,No,7,Yes,No,Fiber optic,No,No,No,No,No,No,Month-to-month,Yes,Electronic check,69.55,521.35,No,6-11,No,Yes,Yes,Yes,4,74.47857142857143
6892-BOGQE,Female,No,Yes,No,71,Yes,No,No,No internet service,No internet service,No internet service,No internet service,No internet service,No internet service,Two year,Yes,Bank transfer (automatic),20.9,1493.2,No,60-72,No,No,No,No,0,21.03098591549296
6356-ELRKD,Female,No,No,No,1,Yes,No,Fiber optic,Yes,No,No,No,Yes,Yes,Month-to-month,Yes,Electronic check,95.6,95.6,Yes,0-5,Yes,Yes,Yes,Yes,3,95.6
6368-NWMCE,Female,No,No,No,38,Yes,Yes,DSL,No,Yes,No,Yes,No,Yes,Month-to-month,No,Credit card (automatic),68.15,2656.3,No,36-47,No,Yes,No,No,2,69.90263157894738
5887-IKKYO,Male,No,Yes,Yes,58,Yes,Yes,Fiber optic,No,No,Yes,Yes,No,Yes,Two year,No,Bank transfer (automatic),94.35,5563.65,No,48-59,No,No,No,Yes,2,95.925
7409-JURKQ,Female,No,Yes,No,53,Yes,Yes,Fiber optic,No,Yes,Yes,Yes,Yes,Yes,One year,Yes,Bank transfer (automatic),111.8,5809.75,No,48-59,No,No,No,Yes,1,109.61792452830188
7377-DMMRI,Male,No,No,No,2,Yes,No,DSL,Yes,No,No,No,No,No,Month-to-month,Yes,Electronic check,47.8,92.45,Yes,0-5,Yes,Yes,Yes,No,3,46.225
2096-XOTMO,Female,No,Yes,Yes,16,Yes,No,No,No internet service,No internet service,No internet service,No internet service,No internet service,No internet service,Month-to-month,No,Mailed check,19.35,275.9,No,12-23,No,Yes,No,No,0,17.24375
5129-HHMZC,Female,No,Yes,No,43,Yes,Yes,DSL,Yes,Yes,No,Yes,Yes,Yes,Two year,No,Credit card (automatic),86.45,3574.5,No,36-47,No,No,No,No,1,83.12790697674419
7028-DVOIQ,Male,Yes,No,No,35,Yes,Yes,Fiber optic,No,No,Yes,No,Yes,Yes,Month-to-month,Yes,Electronic check,99.05,3395.8,Yes,24-35,No,Yes,Yes,Yes,3,97.02285714285716
8710-YGLWG,Male,No,No,No,1,Yes,No,DSL,No,No,No,No,No,No,Month-to-month,Yes,Mailed check,44.9,44.9,No,0-5,Yes,Yes,No,No,4,44.9
3717-OFRTN,Male,No,No,No,1,Yes,No,No,No internet service,No internet service,No internet service,No internet service,No internet service,No internet service,Month-to-month,No,Bank transfer (automatic),19.75,19.75,No,0-5,Yes,Yes,No,No,0,19.75
6898-RBTLU,Female,No,Yes,Yes,49,Yes,Yes,DSL,No,Yes,No,Yes,Yes,Yes,Two year,No,Bank transfer (automatic),79.3,3902.45,No,48-59,No,No,No,No,2,79.64183673469387
6671-NGWON,Female,No,No,No,7,Yes,No,No,No internet service,No internet service,No internet service,No internet service,No internet service,No internet service,Month-to-month,No,Mailed check,20.35,150.6,No,6-11,No,Yes,No,No,0,21.514285714285712
0744-BIKKF,Male,No,No,No,72,Yes,Yes,DSL,Yes,Yes,Yes,Yes,Yes,Yes,Two year,No,Bank transfer (automatic),86.65,6224.8,No,60-72,No,No,No,No,0,86.45555555555556
8920-NAVAY,Male,Yes,No,No,62,Yes,Yes,Fiber optic,No,Yes,Yes,Yes,Yes,Yes,One year,Yes,Bank transfer (automatic),110.75,7053.35,No,60-72,No,No,No,Yes,1,113.76370967741936
0442-TDYUO,Male,No,Yes,No,48,Yes,No,No,No internet service,No internet service,No internet service,No internet service,No internet service,No internet service,Two year,Yes,Mailed check,20.05,1036.0,No,48-59,No,No,No,No,0,21.58333333333333
8434-PNQZX,Female,No,No,No,42,Yes,Yes,DSL,No,No,Yes,Yes,Yes,Yes,Two year,Yes,Credit card (automatic),78.45,3373.4,No,36-47,No,No,No,No,2,80.31904761904762
3645-DEYGF,Male,No,No,Yes,1,Yes,No,No,No internet service,No internet service,No internet service,No internet service,No internet service,No internet service,Month-to-month,No,Mailed check,20.75,20.75,No,0-5,Yes,Yes,No,No,0,20.75
5678-VFNEQ,Female,No,Yes,No,71,Yes,Yes,Fiber optic,Yes,No,Yes,No,Yes,Yes,One year,Yes,Credit card (automatic),104.1,7412.25,No,60-72,No,No,No,Yes,2,104.39788732394366
7255-SSFBC,Male,No,Yes,Yes,72,Yes,Yes,Fiber optic,No,Yes,Yes,Yes,Yes,Yes,Two year,Yes,Bank transfer (automatic),112.25,8041.65,No,60-72,No,No,No,Yes,1,111.68958333333332
2592-YKDIF,Female,No,No,No,1,Yes,No,No,No internet service,No internet service,No internet service,No internet service,No internet service,No internet service,Month-to-month,No,Mailed check,20.35,20.35,No,0-5,Yes,Yes,No,No,0,20.35
3740-RLMVT,Male,Yes,Yes,No,67,Yes,No,DSL,Yes,Yes,No,Yes,No,No,One year,Yes,Bank transfer (automatic),60.95,4119.4,No,60-72,No,No,No,No,1,61.48358208955224
3308-DGHKL,Male,No,No,No,69,Yes,No,No,No internet service,No internet service,No internet service,No internet service,No internet service,No internet service,Two year,Yes,Bank transfer (automatic),19.3,1447.9,No,60-72,No,No,No,No,0,20.984057971014494
6508-NJYRO,Male,No,Yes,No,15,Yes,No,No,No internet service,No internet service,No internet service,No internet service,No internet service,No internet service,One year,No,Mailed check,18.8,294.95,No,12-23,No,No,No,No,0,19.66333333333333
3707-LRWZD,Female,No,No,No,32,Yes,Yes,Fiber optic,No,No,No,No,Yes,No,One year,No,Electronic check,84.05,2781.85,Yes,24-35,No,No,Yes,Yes,4,86.9328125
2882-DDZPG,Female,No,No,No,12,Yes,No,No,No internet service,No internet service,No internet service,No internet service,No internet service,No internet service,Month-to-month,No,Bank transfer (automatic),19.45,227.45,No,12-23,No,Yes,No,No,0,18.954166666666666
7799-LGRDP,Female,No,No,No,43,Yes,Yes,No,No internet service,No internet service,No internet service,No internet service,No internet service,No internet service,Two year,Yes,Credit card (automatic),25.7,1188.2,No,36-47,No,No,No,No,0,27.632558139534886
7816-VGHTO,Female,No,Yes,Yes,6,No,No phone service,DSL,No,Yes,Yes,Yes,No,No,Two year,No,Mailed check,40.55,217.5,No,6-11,No,No,No,No,1,36.25
3349-ANQNH,Female,Yes,No,No,59,Yes,Yes,Fiber optic,No,No,Yes,No,Yes,Yes,One year,Yes,Electronic check,99.5,5890.0,No,48-59,No,No,Yes,Yes,3,99.83050847457628
7486-KSRVI,Male,No,No,No,43,Yes,Yes,Fiber optic,No,No,No,Yes,Yes,Yes,One year,Yes,Electronic check,100.0,4211.55,Yes,36-47,No,No,Yes,Yes,3,97.94302325581396
3956-MGXOG,Female,No,No,No,28,Yes,No,Fiber optic,No,No,No,No,No,Yes,Month-to-month,Yes,Electronic check,80.6,2244.95,No,24-35,No,Yes,Yes,Yes,4,80.17678571428571
3446-QDSZF,Female,No,No,No,4,Yes,No,DSL,No,No,No,No,Yes,No,Month-to-month,No,Credit card (automatic),55.5,227.35,No,0-5,No,Yes,No,No,4,56.8375
9415-ZNBSX,Female,No,Yes,Yes,70,Yes,Yes,DSL,Yes,Yes,Yes,Yes,Yes,Yes,Two year,Yes,Bank transfer (automatic),89.0,6293.2,No,60-72,No,No,No,No,0,89.90285714285714
3777-XROBG,Female,No,Yes,Yes,58,Yes,No,No,No internet service,No internet service,No internet service,No internet service,No internet service,No internet service,Two year,No,Credit card (automatic),19.55,1079.65,No,48-59,No,No,No,No,0,18.614655172413794
9570-KYEUA,Male,No,No,No,64,Yes,Yes,Fiber optic,Yes,No,Yes,Yes,No,Yes,Two year,No,Credit card (automatic),99.25,6549.45,No,60-72,No,No,No,Yes,1,102.33515625
3143-JQEGI,Female,No,Yes,Yes,13,Yes,No,Fiber optic,No,No,No,No,Yes,Yes,Month-to-month,No,Electronic check,88.35,1222.8,Yes,12-23,No,Yes,Yes,Yes,4,94.06153846153846
4236-XPXAV,Female,No,Yes,Yes,5,Yes,No,Fiber optic,No,Yes,No,Yes,Yes,Yes,Month-to-month,Yes,Mailed check,99.15,465.05,Yes,0-5,No,Yes,No,Yes,2,93.01
1163-VIPRI,Female,No,Yes,Yes,65,Yes,Yes,Fiber optic,Yes,No,Yes,Yes,Yes,Yes,Two year,No,Electronic check,109.3,7337.55,No,60-72,No,No,Yes,Yes,1,112.88538461538462
9522-ZSINC,Male,No,No,No,13,Yes,No,No,No internet service,No internet service,No internet service,No internet service,No internet service,No internet service,One year,Yes,Electronic check,19.95,253.8,No,12-23,No,No,Yes,No,0,19.523076923076925
5022-KVDQT,Male,No,No,No,27,Yes,Yes,Fiber optic,No,No,Yes,No,No,No,Month-to-month,Yes,Electronic check,81.3,2272.8,No,24-35,No,Yes,Yes,Yes,3,84.17777777777779
3384-CTMSF,Male,No,Yes,No,47,Yes,Yes,Fiber optic,No,Yes,Yes,No,Yes,Yes,Month-to-month,Yes,Electronic check,104.1,5135.15,No,36-47,No,Yes,Yes,Yes,2,109.25851063829786
0362-RAOQO,Female,No,No,No,40,Yes,No,No,No internet service,No internet service,No internet service,No internet service,No internet service,No internet service,Two year,No,Credit card (automatic),19.65,830.25,No,36-47,No,No,No,No,0,20.75625
2404-JIBFC,Female,No,Yes,Yes,55,Yes,Yes,DSL,Yes,No,Yes,Yes,Yes,Yes,Two year,Yes,Bank transfer (automatic),85.1,4657.95,No,48-59,No,No,No,No,1,84.69
9133-AYJZG,Female,No,No,No,23,Yes,Yes,Fiber optic,No,Yes,No,No,Yes,Yes,Month-to-month,Yes,Credit card (automatic),98.7,2249.1,No,12-23,No,Yes,No,Yes,3,97.78695652173911
9992-RRAMN,Male,No,Yes,No,22,Yes,Yes,Fiber optic,No,No,No,No,No,Yes,Month-to-month,Yes,Electronic check,85.1,1873.7,Yes,12-23,No,Yes,Yes,Yes,4,85.16818181818182
8111-BKVDS,Female,No,No,No,10,No,No phone service,DSL,Yes,Yes,Yes,No,No,No,Month-to-month,No,Bank transfer (automatic),40.7,449.3,No,6-11,No,Yes,No,No,1,44.93
5356-KZCKT,Male,No,No,No,58,Yes,Yes,No,No internet service,No internet service,No internet service,No internet service,No internet service,No internet service,Two year,Yes,Credit card (automatic),24.45,1513.6,No,48-59,No,No,No,No,0,26.096551724137928
8707-RMEZH,Female,Yes,Yes,No,69,Yes,No,Fiber optic,Yes,Yes,No,No,No,Yes,One year,No,Credit card (automatic),87.3,6055.55,No,60-72,No,No,No,Yes,2,87.76159420289855
7446-SFAOA,Female,No,Yes,No,37,Yes,No,No,No internet service,No internet service,No internet service,No internet service,No internet service,No internet service,One year,Yes,Bank transfer (automatic),19.85,717.5,No,36-47,No,No,No,No,0,19.39189189189189
4026-SKKHW,Male,No,No,No,3,Yes,No,DSL,No,No,No,Yes,No,No,Month-to-month,Yes,Mailed check,50.25,152.3,No,0-5,Yes,Yes,No,No,3,50.76666666666667
3090-QFUVD,Female,No,No,No,1,Yes,No,No,No internet service,No internet service,No internet service,No internet service,No internet service,No internet service,Month-to-month,No,Credit card (automatic),20.3,20.3,No,0-5,Yes,Yes,No,No,0,20.3
0402-OAMEN,Female,No,Yes,Yes,72,Yes,Yes,No,No internet service,No internet service,No internet service,No internet service,No internet service,No internet service,Two year,No,Bank transfer (automatic),24.45,1709.1,No,60-72,No,No,No,No,0,23.7375
1399-OUPJN,Female,No,Yes,Yes,57,Yes,No,No,No internet service,No internet service,No internet service,No internet service,No internet service,No internet service,Two year,No,Bank transfer (automatic),19.75,1272.05,No,48-59,No,No,No,No,0,22.316666666666663
3050-GBUSH,Female,No,No,No,3,No,No phone service,DSL,No,No,No,No,Yes,No,Month-to-month,Yes,Credit card (automatic),34.8,113.95,No,0-5,Yes,Yes,No,No,4,37.98333333333333
1623-NLDOT,Female,No,Yes,No,42,No,No phone service,DSL,No,Yes,No,Yes,No,No,One year,No,Mailed check,33.55,1445.3,Yes,36-47,No,No,No,No,2,34.41190476190476
1853-ARAAQ,Female,No,No,No,26,No,No phone service,DSL,No,No,Yes,No,Yes,Yes,Month-to-month,Yes,Credit card (automatic),50.35,1277.5,No,24-35,No,Yes,No,No,3,49.13461538461539
6088-BXMRG,Female,No,Yes,Yes,32,Yes,Yes,Fiber optic,No,Yes,No,No,Yes,Yes,Month-to-month,Yes,Electronic check,98.85,3089.6,No,24-35,No,Yes,Yes,Yes,3,96.55
8510-AWCXC,Female,Yes,No,No,13,Yes,Yes,Fiber optic,Yes,No,No,No,Yes,Yes,Month-to-month,Yes,Electronic check,100.8,1308.1,Yes,12-23,No,Yes,Yes,Yes,3,100.62307692307692
1088-AUUZZ,Male,No,Yes,Yes,56,Yes,Yes,DSL,Yes,Yes,No,Yes,No,Yes,Two year,Yes,Credit card (automatic),75.85,4261.2,No,48-59,No,No,No,No,1,76.09285714285714
8668-KNZTI,Male,No,No,No,52,Yes,No,DSL,Yes,No,Yes,No,No,No,One year,No,Electronic check,53.75,2790.65,No,48-59,No,No,Yes,No,2,53.66634615384616
6252-DFGTK,Female,No,Yes,No,37,Yes,Yes,DSL,Yes,No,Yes,Yes,No,No,One year,No,Credit card (automatic),68.1,2479.25,No,36-47,No,No,No,No,1,67.00675675675676
6576-FBXOJ,Male,No,Yes,No,17,No,No phone service,DSL,No,No,Yes,Yes,Yes,Yes,One year,No,Electronic check,54.6,934.8,No,12-23,No,No,Yes,No,2,54.98823529411764
2667-WYLWJ,Female,No,Yes,Yes,8,Yes,No,No,No internet service,No internet service,No internet service,No internet service,No internet service,No internet service,One year,Yes,Mailed check,19.75,145.0,Yes,6-11,No,No,No,No,0,18.125
8316-BBQAY,Female,No,No,No,65,No,No phone service,DSL,Yes,No,Yes,Yes,Yes,Yes,Two year,No,Credit card (automatic),59.95,3921.1,No,60-72,No,No,No,No,1,60.324615384615385
3744-ZRRDZ,Male,No,No,No,21,Yes,Yes,Fiber optic,No,Yes,No,No,No,No,Month-to-month,Yes,Electronic check,82.35,1852.85,Yes,12-23,No,Yes,Yes,Yes,3,88.23095238095237
4753-PADAS,Female,No,Yes,No,67,Yes,Yes,Fiber optic,No,Yes,Yes,No,Yes,Yes,One year,Yes,Bank transfer (automatic),105.7,6816.95,No,60-72,No,No,No,Yes,2,101.7455223880597
0723-VSOBE,Female,Yes,No,No,45,No,No phone service,DSL,No,No,No,No,No,Yes,One year,No,Electronic check,34.2,1596.6,No,36-47,No,No,Yes,No,4,35.48
0327-WFZSY,Male,No,Yes,Yes,39,Yes,Yes,Fiber optic,No,No,Yes,No,Yes,Yes,One year,No,Electronic check,100.0,3835.55,No,36-47,No,No,Yes,Yes,3,98.3474358974359
0626-QXNGV,Female,No,Yes,No,72,Yes,Yes,No,No internet service,No internet service,No internet service,No internet service,No internet service,No internet service,Two year,Yes,Credit card (automatic),24.15,1776.45,No,60-72,No,No,No,No,0,24.672916666666666
6691-CCIHA,Female,No,Yes,No,62,Yes,Yes,DSL,Yes,Yes,No,Yes,Yes,Yes,Two year,Yes,Electronic check,84.95,5150.55,No,60-72,No,No,Yes,No,1,83.0733870967742
5701-ZIKJE,Male,No,No,No,13,Yes,No,DSL,No,No,No,Yes,No,No,Month-to-month,Yes,Mailed check,50.55,610.75,No,12-23,No,Yes,No,No,3,46.98076923076923
5375-XLDOF,Male,No,Yes,Yes,69,Yes,Yes,Fiber optic,Yes,Yes,Yes,Yes,Yes,Yes,Two year,Yes,Bank transfer (automatic),114.35,7665.8,No,60-72,No,No,No,Yes,0,111.09855072463768
2878-RMWXY,Male,Yes,Yes,No,72,Yes,Yes,Fiber optic,Yes,Yes,Yes,No,No,Yes,Two year,Yes,Credit card (automatic),102.65,7550.3,No,60-72,No,No,No,Yes,1,104.86527777777778
2314-TNDJQ,Female,No,Yes,Yes,72,No,No phone service,DSL,Yes,Yes,Yes,Yes,No,Yes,Two year,No,Credit card (automatic),55.65,3880.05,No,60-72,No,No,No,No,0,53.88958333333333
9208-OLGAQ,Female,Yes,No,No,18,Yes,No,Fiber optic,No,No,Yes,No,No,Yes,Month-to-month,Yes,Electronic check,84.95,1443.65,No,12-23,No,Yes,Yes,Yes,3,80.20277777777778
2320-YKQBO,Female,No,No,No,7,Yes,No,No,No internet service,No internet service,No internet service,No internet service,No internet service,No internet service,Month-to-month,No,Mailed check,19.3,144.95,No,6-11,No,Yes,No,No,0,20.707142857142856
1024-VRZHF,Male,No,Yes,No,11,Yes,Yes,Fiber optic,No,No,No,No,No,No,Month-to-month,Yes,Electronic check,74.95,825.7,Yes,6-11,No,Yes,Yes,Yes,4,75.06363636363636
4510-HIMLV,Male,No,No,No,1,Yes,No,Fiber optic,No,No,No,No,No,No,Month-to-month,Yes,Electronic check,69.8,69.8,Yes,0-5,Yes,Yes,Yes,Yes,4,69.8
1814-WFGVS,Male,No,Yes,Yes,72,No,No phone service,DSL,Yes,No,Yes,Yes,Yes,No,Two year,No,Mailed check,48.9,3527.0,No,60-72,No,No,No,No,1,48.98611111111112
8042-RNLKO,Male,No,No,No,66,Yes,Yes,No,No internet service,No internet service,No internet service,No internet service,No internet service,No internet service,One year,No,Bank transfer (automatic),25.45,1699.15,No,60-72,No,No,No,No,0,25.74469696969697
4367-NUYAO,Male,No,Yes,Yes,0,Yes,Yes,No,No internet service,No internet service,No internet service,No internet service,No internet service,No internet service,Two year,No,Mailed check,25.75,0.0,No,0-5,Yes,No,No,No,0,0.0
5115-GZDEL,Male,No,No,Yes,72,No,No phone service,DSL,Yes,Yes,Yes,Yes,Yes,Yes,Two year,No,Credit card (automatic),67.2,4671.7,No,60-72,No,No,No,No,0,64.88472222222222
6234-RAAPL,Female,No,Yes,Yes,72,Yes,Yes,Fiber optic,Yes,Yes,No,Yes,Yes,No,Two year,No,Bank transfer (automatic),99.9,7251.7,No,60-72,No,No,No,Yes,1,100.71805555555557
9114-AAFQH,Female,No,Yes,No,48,Yes,No,DSL,No,Yes,Yes,No,No,Yes,One year,Yes,Electronic check,65.65,3094.65,No,48-59,No,No,Yes,No,2,64.471875
2812-ENYMO,Male,No,No,No,26,No,No phone service,DSL,Yes,No,No,Yes,Yes,Yes,One year,No,Credit card (automatic),54.55,1362.85,No,24-35,No,No,No,No,2,52.41730769230769
5993-JSUWV,Female,No,No,No,66,Yes,No,DSL,Yes,Yes,Yes,No,No,No,Two year,Yes,Bank transfer (automatic),61.15,4017.45,No,60-72,No,No,No,No,1,60.87045454545454
9644-KVCNC,Female,No,No,No,66,Yes,Yes,Fiber optic,No,No,Yes,No,Yes,No,One year,Yes,Bank transfer (automatic),92.15,6056.9,No,60-72,No,No,No,Yes,3,91.77121212121212
0848-ZGQIJ,Female,No,Yes,No,16,Yes,No,Fiber optic,No,Yes,No,No,Yes,Yes,Month-to-month,Yes,Bank transfer (automatic),94.65,1461.15,No,12-23,No,Yes,No,Yes,3,91.321875
4891-NLUBA,Female,No,Yes,Yes,61,No,No phone service,DSL,No,Yes,Yes,Yes,Yes,Yes,Two year,Yes,Bank transfer (automatic),61.45,3751.15,No,60-72,No,No,No,No,1,61.49426229508197
6599-RCLCJ,Male,No,Yes,No,47,Yes,Yes,Fiber optic,No,Yes,Yes,Yes,Yes,Yes,Month-to-month,Yes,Electronic check,109.55,5124.55,Yes,36-47,No,Yes,Yes,Yes,1,109.03297872340426
2040-LDIWQ,Male,No,Yes,Yes,65,Yes,Yes,DSL,No,Yes,Yes,Yes,Yes,Yes,Two year,Yes,Bank transfer (automatic),84.2,5324.5,No,60-72,No,No,No,No,1,81.91538461538461
0193-ESZXP,Female,Yes,Yes,No,58,Yes,No,Fiber optic,Yes,Yes,No,Yes,Yes,Yes,One year,Yes,Credit card (automatic),105.5,6205.5,Yes,48-59,No,No,No,Yes,1,106.99137931034484
7016-NVRIC,Male,Yes,Yes,No,29,Yes,No,Fiber optic,Yes,No,Yes,No,No,Yes,One year,No,Bank transfer (automatic),90.1,2656.7,No,24-35,No,No,No,Yes,2,91.6103448275862
0014-BMAQU,Male,No,Yes,No,63,Yes,Yes,Fiber optic,Yes,No,No,Yes,No,No,Two year,Yes,Credit card (automatic),84.65,5377.8,No,60-72,No,No,No,Yes,2,85.36190476190477
8735-DCXNF,Male,No,Yes,No,10,Yes,No,DSL,Yes,No,No,Yes,No,No,Month-to-month,Yes,Credit card (automatic),54.95,568.85,No,6-11,No,Yes,No,No,2,56.885000000000005
4878-BUNFV,Male,No,Yes,Yes,42,Yes,No,No,No internet service,No internet service,No internet service,No internet service,No internet service,No internet service,Two year,No,Mailed check,20.7,828.85,No,36-47,No,No,No,No,0,19.73452380952381
3621-CEOVK,Female,Yes,Yes,No,14,Yes,Yes,Fiber optic,No,Yes,No,No,Yes,Yes,Month-to-month,Yes,Electronic check,100.2,1369.8,Yes,12-23,No,Yes,Yes,Yes,3,97.84285714285714
5692-ICXLW,Male,Yes,No,No,31,Yes,Yes,Fiber optic,No,Yes,No,No,Yes,No,Month-to-month,Yes,Electronic check,90.7,2845.15,No,24-35,No,Yes,Yes,Yes,3,91.77903225806452
9693-XMUOB,Male,Yes,Yes,No,59,No,No phone service,DSL,No,Yes,No,No,Yes,Yes,Month-to-month,Yes,Electronic check,50.25,2997.45,No,48-59,No,Yes,Yes,No,3,50.80423728813559
6873-UDNLD,Male,No,No,No,40,Yes,No,DSL,Yes,No,Yes,No,No,Yes,Month-to-month,No,Electronic check,67.45,2731.0,No,36-47,No,Yes,Yes,No,2,68.275
6258-PVZWJ,Male,No,Yes,No,68,Yes,Yes,DSL,Yes,Yes,Yes,Yes,Yes,Yes,Two year,Yes,Credit card (automatic),90.8,6302.85,No,60-72,No,No,No,No,0,92.68897058823528
0487-VVUVK,Male,No,Yes,Yes,25,Yes,No,No,No internet service,No internet service,No internet service,No internet service,No internet service,No internet service,Month-to-month,Yes,Mailed check,19.15,477.6,No,24-35,No,Yes,No,No,0,19.104
9830-ECLEN,Male,No,Yes,Yes,58,No,No phone service,DSL,Yes,Yes,Yes,No,Yes,No,One year,No,Mailed check,50.0,2919.85,No,48-59,No,No,No,No,1,50.34224137931034
1187-WILMM,Male,No,Yes,Yes,63,Yes,Yes,DSL,Yes,Yes,Yes,Yes,Yes,Yes,Two year,Yes,Credit card (automatic),89.4,5597.65,No,60-72,No,No,No,No,0,88.8515873015873
1752-OZXFY,Male,No,Yes,No,60,Yes,No,DSL,Yes,No,No,No,Yes,No,One year,Yes,Mailed check,59.8,3561.15,No,60-72,No,No,No,No,3,59.3525
9386-LDCZR,Male,No,No,No,43,Yes,No,Fiber optic,Yes,Yes,Yes,Yes,No,No,One year,Yes,Credit card (automatic),90.65,3882.3,No,36-47,No,No,No,Yes,0,90.28604651162792
0641-EVBOJ,Male,No,No,No,3,Yes,No,Fiber optic,Yes,No,No,Yes,No,No,Month-to-month,Yes,Mailed check,82.3,214.4,No,0-5,Yes,Yes,No,Yes,2,71.46666666666667
1104-TNLZA,Male,Yes,Yes,No,28,Yes,Yes,Fiber optic,No,Yes,No,Yes,Yes,Yes,Month-to-month,Yes,Electronic check,105.8,2998.0,No,24-35,No,Yes,Yes,Yes,2,107.07142857142856
2565-JSLRY,Male,No,No,No,1,Yes,Yes,No,No internet service,No internet service,No internet service,No internet service,No internet service,No internet service,Month-to-month,Yes,Mailed check,24.05,24.05,Yes,0-5,Yes,Yes,No,No,0,24.05
8878-HMWBV,Male,No,No,No,3,Yes,No,DSL,No,No,Yes,No,No,No,Month-to-month,Yes,Electronic check,49.15,169.05,Yes,0-5,Yes,Yes,Yes,No,3,56.35
4671-LXRDQ,Male,No,No,No,2,Yes,No,DSL,No,No,No,No,No,No,Month-to-month,Yes,Mailed check,45.0,96.45,Yes,0-5,Yes,Yes,No,No,4,48.225
7598-UAASY,Male,No,Yes,No,2,Yes,No,Fiber optic,No,No,Yes,No,No,No,Month-to-month,No,Electronic check,76.4,151.8,Yes,0-5,Yes,Yes,Yes,Yes,3,75.9
3235-ETOOB,Male,No,Yes,No,8,Yes,No,Fiber optic,Yes,No,No,No,No,No,Month-to-month,Yes,Electronic check,74.5,609.9,Yes,6-11,No,Yes,Yes,Yes,3,76.2375
9174-FKWZE,Female,Yes,No,No,1,Yes,No,No,No internet service,No internet service,No internet service,No internet service,No internet service,No internet service,Month-to-month,Yes,Electronic check,19.45,19.45,Yes,0-5,Yes,Yes,Yes,No,0,19.45
3714-NTNFO,Female,No,No,No,49,Yes,Yes,Fiber optic,No,No,No,No,No,Yes,Month-to-month,Yes,Electronic check,84.5,3906.7,No,48-59,No,Yes,Yes,Yes,4,79.72857142857143
6322-PJJDJ,Male,No,Yes,No,49,Yes,No,Fiber optic,No,Yes,No,No,Yes,Yes,Two year,Yes,Electronic check,94.8,4690.65,No,48-59,No,No,Yes,Yes,3,95.72755102040816
2829-HYVZP,Male,No,No,No,29,Yes,No,No,No internet service,No internet service,No internet service,No internet service,No internet service,No internet service,One year,Yes,Mailed check,19.8,572.2,No,24-35,No,No,No,No,0,19.731034482758623
1482-OXZSY,Male,No,No,No,30,Yes,Yes,Fiber optic,Yes,No,No,No,Yes,Yes,Month-to-month,Yes,Bank transfer (automatic),100.4,2936.25,No,24-35,No,Yes,No,Yes,3,97.875
3221-CJMSG,Male,No,No,No,24,Yes,No,DSL,No,No,No,Yes,No,No,Month-to-month,Yes,Credit card (automatic),51.1,1269.6,No,24-35,No,Yes,No,No,3,52.9
8896-BQTTI,Male,No,No,No,1,Yes,Yes,No,No internet service,No internet service,No internet service,No internet service,No internet service,No internet service,Month-to-month,Yes,Mailed check,25.0,25.0,No,0-5,Yes,Yes,No,No,0,25.0
2369-UAPKZ,Male,No,No,No,5,Yes,Yes,Fiber optic,No,Yes,Yes,No,Yes,Yes,Month-to-month,No,Mailed check,104.1,541.9,Yes,0-5,No,Yes,No,Yes,2,108.38
9492-TOKRI,Female,No,No,No,18,Yes,Yes,Fiber optic,No,Yes,No,No,Yes,No,Month-to-month,Yes,Credit card (automatic),90.0,1527.35,Yes,12-23,No,Yes,No,Yes,3,84.85277777777777
8597-CTXVJ,Male,No,No,Yes,70,Yes,Yes,DSL,Yes,Yes,No,Yes,No,No,One year,No,Bank transfer (automatic),64.95,4551.5,No,60-72,No,No,No,No,1,65.02142857142857
7579-KKLOE,Male,No,Yes,Yes,71,Yes,Yes,DSL,Yes,Yes,Yes,Yes,Yes,Yes,Two year,Yes,Mailed check,91.25,6589.6,No,60-72,No,No,No,No,0,92.8112676056338
7410-KTVFV,Male,No,Yes,No,18,Yes,No,DSL,No,No,Yes,No,No,No,Month-to-month,Yes,Mailed check,49.55,878.35,Yes,12-23,No,Yes,No,No,3,48.797222222222224
8456-QDAVC,Male,No,No,No,19,Yes,No,Fiber optic,No,No,No,No,Yes,No,Month-to-month,Yes,Bank transfer (automatic),78.7,1495.1,No,12-23,No,Yes,No,Yes,4,78.68947368421053
0929-PECLO,Female,Yes,No,No,63,Yes,Yes,Fiber optic,No,No,Yes,No,No,Yes,Month-to-month,Yes,Bank transfer (automatic),89.6,5538.8,No,60-72,No,Yes,No,Yes,3,87.91746031746032
9916-AYHTC,Male,No,No,No,48,Yes,No,No,No internet service,No internet service,No internet service,No internet service,No internet service,No internet service,Two year,No,Credit card (automatic),19.85,916.0,No,48-59,No,No,No,No,0,19.08333333333333
1345-ZUKID,Male,No,No,No,14,Yes,No,No,No internet service,No internet service,No internet service,No internet service,No internet service,No internet service,One year,No,Mailed check,19.35,324.8,No,12-23,No,No,No,No,0,23.2
9574-BOSMD,Male,No,Yes,Yes,68,Yes,Yes,No,No internet service,No internet service,No internet service,No internet service,No internet service,No internet service,Two year,No,Bank transfer (automatic),25.4,1620.2,No,60-72,No,No,No,No,0,23.826470588235296
3606-TWKGI,Male,Yes,No,No,13,Yes,Yes,Fiber optic,No,Yes,Yes,No,Yes,Yes,Month-to-month,Yes,Electronic check,106.9,1364.3,Yes,12-23,No,Yes,Yes,Yes,2,104.94615384615383
0329-GTIAJ,Female,No,No,No,3,Yes,No,Fiber optic,No,Yes,No,Yes,Yes,Yes,Month-to-month,Yes,Electronic check,97.9,315.3,Yes,0-5,Yes,Yes,Yes,Yes,2,105.1
0023-UYUPN,Female,Yes,Yes,No,50,Yes,Yes,No,No internet service,No internet service,No internet service,No internet service,No internet service,No internet service,One year,No,Electronic check,25.2,1306.3,No,48-59,No,No,Yes,No,0,26.126
1320-REHCS,Male,Yes,No,No,52,Yes,Yes,Fiber optic,No,Yes,Yes,Yes,Yes,Yes,Month-to-month,Yes,Electronic check,110.75,5832.0,No,48-59,No,Yes,Yes,Yes,1,112.15384615384616
3345-PBBFH,Male,No,Yes,No,8,Yes,No,DSL,No,Yes,No,No,No,No,Month-to-month,Yes,Bank transfer (automatic),49.55,393.45,No,6-11,No,Yes,No,No,3,49.18125
4959-JOSRX,Female,No,Yes,No,2,Yes,No,DSL,No,No,No,No,No,No,Month-to-month,Yes,Credit card (automatic),44.6,80.55,Yes,0-5,Yes,Yes,No,No,4,40.275
3938-YFPXD,Male,No,No,No,72,Yes,Yes,DSL,Yes,No,Yes,Yes,Yes,Yes,Two year,No,Credit card (automatic),84.3,5997.1,No,60-72,No,No,No,No,1,83.29305555555555
8232-CTLKO,Female,No,Yes,Yes,66,Yes,No,DSL,Yes,No,No,No,Yes,No,Two year,Yes,Electronic check,59.75,3996.8,No,60-72,No,No,Yes,No,3,60.55757575757576
4652-NNHNY,Male,No,Yes,No,16,Yes,Yes,Fiber optic,No,No,No,No,No,No,Month-to-month,Yes,Bank transfer (automatic),73.85,1284.2,Yes,12-23,No,Yes,No,Yes,4,80.2625
4680-KUTAJ,Female,Yes,No,No,11,Yes,Yes,DSL,Yes,No,No,No,No,No,Month-to-month,Yes,Electronic check,55.6,580.8,No,6-11,No,Yes,Yes,No,3,52.8
1965-AKTSX,Female,Yes,No,No,14,Yes,Yes,Fiber optic,No,Yes,No,No,No,No,Month-to-month,Yes,Electronic check,78.95,1101.85,Yes,12-23,No,Yes,Yes,Yes,3,78.70357142857142
3174-RKMOW,Male,No,Yes,Yes,35,Yes,Yes,Fiber optic,No,Yes,Yes,Yes,Yes,Yes,Month-to-month,Yes,Electronic check,109.95,3782.4,No,24-35,No,Yes,Yes,Yes,1,108.06857142857145
8957-THMOA,Female,No,No,Yes,50,Yes,No,No,No internet service,No internet service,No internet service,No internet service,No internet service,No internet service,Two year,No,Credit card (automatic),20.15,970.85,No,48-59,No,No,No,No,0,19.417
8229-MYEJZ,Female,No,No,No,10,Yes,No,DSL,No,Yes,No,No,No,No,Month-to-month,No,Electronic check,51.2,498.25,No,6-11,No,Yes,Yes,No,3,49.825
5124-EOGYE,Male,No,No,No,31,Yes,No,No,No internet service,No internet service,No internet service,No internet service,No internet service,No internet service,Two year,No,Mailed check,20.45,638.55,No,24-35,No,No,No,No,0,20.598387096774196
7389-KBFIT,Female,No,Yes,Yes,2,No,No phone service,DSL,No,Yes,No,No,No,No,Month-to-month,Yes,Mailed check,30.25,63.75,No,0-5,Yes,Yes,No,No,3,31.875
2894-QOJRX,Female,No,Yes,No,25,No,No phone service,DSL,No,No,No,No,Yes,No,Month-to-month,Yes,Bank transfer (automatic),34.0,853.0,Yes,24-35,No,Yes,No,No,4,34.12
0036-IHMOT,Female,No,Yes,Yes,55,Yes,No,Fiber optic,No,Yes,Yes,Yes,Yes,Yes,One year,Yes,Bank transfer (automatic),103.7,5656.75,No,48-59,No,No,No,Yes,1,102.85
2725-IWWBA,Male,No,Yes,Yes,46,Yes,No,DSL,Yes,No,Yes,Yes,No,No,One year,No,Mailed check,56.9,2560.1,No,36-47,No,No,No,No,1,55.65434782608696
9801-GDWGV,Female,No,No,No,39,Yes,Yes,Fiber optic,No,Yes,Yes,No,Yes,Yes,Month-to-month,Yes,Electronic check,103.45,3994.45,Yes,36-47,No,Yes,Yes,Yes,2,102.42179487179487
9272-LSVYH,Male,No,No,No,10,Yes,No,Fiber optic,No,No,No,No,No,No,Month-to-month,No,Mailed check,70.15,735.5,No,6-11,No,Yes,No,Yes,4,73.55
7716-YTYHG,Female,No,Yes,Yes,48,Yes,Yes,Fiber optic,No,No,No,No,No,Yes,One year,Yes,Mailed check,82.05,4029.95,Yes,48-59,No,No,No,Yes,4,83.95729166666666
5701-GUXDC,Female,No,Yes,No,26,No,No phone service,DSL,Yes,No,Yes,No,No,No,One year,No,Credit card (automatic),35.4,978.6,No,24-35,No,No,No,No,2,37.63846153846154
8496-EJAUI,Male,No,No,No,19,Yes,No,Fiber optic,No,Yes,No,No,No,No,Month-to-month,Yes,Credit card (automatic),73.85,1424.5,Yes,12-23,No,Yes,No,Yes,3,74.97368421052632
6549-NNDYT,Female,No,No,No,13,No,No phone service,DSL,Yes,No,No,No,No,No,Month-to-month,Yes,Bank transfer (automatic),30.85,394.1,No,12-23,No,Yes,No,No,3,30.315384615384616
7321-VGNKU,Female,No,Yes,No,2,Yes,No,Fiber optic,No,No,No,No,No,No,Month-to-month,Yes,Electronic check,70.35,120.25,No,0-5,Yes,Yes,Yes,Yes,4,60.125
0810-BDHAW,Female,No,Yes,Yes,24,Yes,Yes,DSL,Yes,Yes,No,No,Yes,Yes,One year,No,Electronic check,78.4,1832.4,No,24-35,No,No,Yes,No,2,76.35000000000001
9061-TIHDA,Male,Yes,Yes,No,13,Yes,Yes,Fiber optic,No,No,No,No,Yes,Yes,Month-to-month,Yes,Electronic check,95.25,1233.65,Yes,12-23,No,Yes,Yes,Yes,4,94.89615384615384
4710-FDUIZ,Male,No,Yes,No,56,Yes,Yes,Fiber optic,No,Yes,No,No,Yes,Yes,One year,No,Credit card (automatic),100.3,5614.45,Yes,48-59,No,No,No,Yes,3,100.25803571428573
2824-MYYBN,Female,No,Yes,Yes,37,Yes,Yes,Fiber optic,No,No,No,No,Yes,Yes,Month-to-month,Yes,Electronic check,95.25,3314.15,No,36-47,No,Yes,Yes,Yes,4,89.57162162162163
2446-PLQVO,Male,No,No,No,1,Yes,No,Fiber optic,No,No,No,No,No,No,Month-to-month,Yes,Electronic check,70.3,70.3,Yes,0-5,Yes,Yes,Yes,Yes,4,70.3
2676-SSLTO,Male,No,No,No,49,Yes,Yes,DSL,No,No,No,Yes,Yes,No,Two year,Yes,Bank transfer (automatic),66.15,3199.0,No,48-59,No,No,No,No,3,65.28571428571429
0334-GDDSO,Male,Yes,No,No,3,Yes,Yes,Fiber optic,No,Yes,No,No,No,No,Month-to-month,Yes,Electronic check,81.35,233.7,Yes,0-5,Yes,Yes,Yes,Yes,3,77.89999999999999
2229-VWQJH,Female,No,No,No,24,Yes,No,DSL,No,No,Yes,No,No,No,Month-to-month,Yes,Credit card (automatic),49.3,1233.25,No,24-35,No,Yes,No,No,3,51.38541666666666
0536-ESJEP,Male,No,Yes,No,54,Yes,No,DSL,Yes,Yes,No,No,Yes,Yes,Two year,Yes,Bank transfer (automatic),74.55,4191.45,No,48-59,No,No,No,No,2,77.61944444444444
3803-KMQFW,Female,No,Yes,Yes,1,Yes,No,No,No internet service,No internet service,No internet service,No internet service,No internet service,No internet service,Month-to-month,No,Mailed check,20.55,20.55,Yes,0-5,Yes,Yes,No,No,0,20.55
2710-WYVXG,Female,No,No,No,3,Yes,No,DSL,Yes,Yes,No,Yes,No,Yes,Two year,No,Mailed check,71.1,213.35,No,0-5,Yes,No,No,No,1,71.11666666666666
2308-STERM,Female,No,No,No,2,Yes,No,No,No internet service,No internet service,No internet service,No internet service,No internet service,No internet service,Month-to-month,No,Mailed check,19.4,61.05,No,0-5,Yes,Yes,No,No,0,30.525
0386-CWRGM,Female,No,Yes,Yes,46,Yes,No,No,No internet service,No internet service,No internet service,No internet service,No internet service,No internet service,Two year,No,Mailed check,19.4,967.85,No,36-47,No,No,No,No,0,21.04021739130435
5294-CDGWY,Male,No,Yes,Yes,51,No,No phone service,DSL,Yes,Yes,Yes,No,Yes,Yes,One year,No,Electronic check,59.3,3014.65,Yes,48-59,No,No,Yes,No,1,59.11078431372549
6496-JDSSB,Female,No,No,No,8,Yes,No,Fiber optic,No,No,No,No,Yes,No,Month-to-month,Yes,Bank transfer (automatic),80.0,624.6,No,6-11,No,Yes,No,Yes,4,78.075
5762-TJXGK,Female,No,No,No,52,No,No phone service,DSL,Yes,Yes,Yes,No,Yes,Yes,Two year,Yes,Bank transfer (automatic),58.75,3038.55,No,48-59,No,No,No,No,1,58.43365384615385
2786-GCDPI,Female,Yes,No,No,50,Yes,Yes,Fiber optic,No,No,Yes,Yes,Yes,Yes,Month-to-month,Yes,Electronic check,104.95,5222.35,No,48-59,No,Yes,Yes,Yes,2,104.447
6620-HVDUJ,Male,No,No,No,24,Yes,No,DSL,Yes,Yes,No,Yes,No,No,Month-to-month,No,Bank transfer (automatic),60.45,1440.75,No,24-35,No,Yes,No,No,1,60.03125
3943-KDREE,Female,No,No,No,26,Yes,Yes,Fiber optic,No,No,No,No,No,No,Month-to-month,Yes,Bank transfer (automatic),74.95,1834.95,Yes,24-35,No,Yes,No,Yes,4,70.575
3205-MXZRA,Male,No,No,No,26,Yes,No,DSL,No,No,No,Yes,Yes,No,One year,No,Credit card (automatic),59.45,1507.0,No,24-35,No,No,No,No,3,57.96153846153846
4480-MBMLB,Female,No,No,No,36,Yes,Yes,Fiber optic,No,Yes,Yes,No,Yes,Yes,One year,Yes,Bank transfer (automatic),104.8,3886.45,No,36-47,No,No,No,Yes,2,107.95694444444445
0871-OPBXW,Female,No,No,No,2,Yes,No,No,No internet service,No internet service,No internet service,No internet service,No internet service,No internet service,Month-to-month,Yes,Mailed check,20.05,39.25,No,0-5,Yes,Yes,No,No,0,19.625
3259-FDWOY,Male,No,Yes,Yes,71,Yes,Yes,Fiber optic,No,Yes,Yes,No,Yes,Yes,Two year,Yes,Bank transfer (automatic),106.0,7723.7,Yes,60-72,No,No,No,Yes,2,108.78450704225352
0402-CQAJN,Female,No,No,No,37,Yes,Yes,Fiber optic,No,Yes,Yes,No,Yes,Yes,Month-to-month,Yes,Bank transfer (automatic),101.9,3545.35,Yes,36-47,No,Yes,No,Yes,2,95.82027027027029
3746-EUBYR,Male,No,Yes,No,1,Yes,Yes,Fiber optic,No,No,No,No,No,No,Month-to-month,Yes,Bank transfer (automatic),74.6,74.6,Yes,0-5,Yes,Yes,No,Yes,4,74.6
6202-JVYEU,Male,No,No,No,9,Yes,No,No,No internet service,No internet service,No internet service,No internet service,No internet service,No internet service,One year,Yes,Electronic check,19.9,164.6,No,6-11,No,No,Yes,No,0,18.288888888888888
5649-RXQTV,Male,No,No,No,51,Yes,No,Fiber optic,No,Yes,Yes,No,Yes,Yes,Month-to-month,Yes,Electronic check,99.0,5038.15,No,48-59,No,Yes,Yes,Yes,2,98.78725490196078
6982-SSHFK,Male,No,No,No,1,Yes,No,DSL,No,No,No,No,No,No,Month-to-month,No,Mailed check,44.4,44.4,Yes,0-5,Yes,Yes,No,No,4,44.4
3640-JQGJG,Male,No,Yes,Yes,13,Yes,No,DSL,No,No,No,No,No,No,Month-to-month,No,Bank transfer (automatic),44.8,559.2,No,12-23,No,Yes,No,No,4,43.01538461538462
2969-QWUBZ,Female,No,No,No,2,No,No phone service,DSL,No,Yes,No,No,Yes,Yes,Month-to-month,No,Electronic check,51.4,96.8,No,0-5,Yes,Yes,Yes,No,3,48.4
2907-ILJBN,Female,No,Yes,Yes,11,Yes,No,No,No internet service,No internet service,No internet service,No internet service,No internet service,No internet service,One year,No,Mailed check,20.6,233.9,No,6-11,No,No,No,No,0,21.263636363636365
1399-UBQIU,Male,No,No,No,11,Yes,No,DSL,No,No,Yes,No,Yes,Yes,Month-to-month,Yes,Electronic check,69.35,712.25,No,6-11,No,Yes,Yes,No,3,64.75
9046-JBFWA,Male,No,No,Yes,27,Yes,No,No,No internet service,No internet service,No internet service,No internet service,No internet service,No internet service,Month-to-month,No,Mailed check,19.15,537.35,No,24-35,No,Yes,No,No,0,19.90185185185185
6233-HXJMX,Female,No,No,No,45,Yes,Yes,Fiber optic,No,No,Yes,No,No,Yes,Month-to-month,Yes,Credit card (automatic),89.3,4192.15,No,36-47,No,Yes,No,Yes,3,93.15888888888888
8812-ZRHFP,Female,No,Yes,Yes,30,Yes,No,Fiber optic,No,No,Yes,No,No,Yes,One year,No,Electronic check,86.45,2538.05,No,24-35,No,No,Yes,Yes,3,84.60166666666667
9688-YGXVR,Female,No,No,No,44,Yes,No,Fiber optic,No,Yes,Yes,No,Yes,No,Month-to-month,Yes,Credit card (automatic),88.15,3973.2,No,36-47,No,Yes,No,Yes,2,90.3
7110-BDTWG,Female,No,Yes,No,71,No,No phone service,DSL,No,No,Yes,Yes,No,Yes,Two year,Yes,Electronic check,47.05,3263.6,No,60-72,No,No,Yes,No,2,45.96619718309859
9095-HFAFX,Female,No,No,No,5,Yes,No,Fiber optic,No,No,No,No,Yes,No,Month-to-month,Yes,Credit card (automatic),81.0,389.6,Yes,0-5,No,Yes,No,Yes,4,77.92
5795-BKOYE,Female,No,Yes,Yes,69,Yes,No,DSL,No,Yes,Yes,Yes,No,No,One year,No,Bank transfer (automatic),59.1,4134.7,No,60-72,No,No,No,No,1,59.9231884057971
8999-BOHSE,Female,Yes,No,No,11,Yes,No,Fiber optic,No,No,No,No,Yes,Yes,Month-to-month,No,Bank transfer (automatic),89.7,1047.7,Yes,6-11,No,Yes,No,Yes,4,95.24545454545456
3295-YVUSR,Male,Yes,No,No,2,Yes,Yes,Fiber optic,No,No,No,No,No,No,Month-to-month,Yes,Mailed check,72.6,154.3,No,0-5,Yes,Yes,No,Yes,4,77.15
7609-NRNCA,Female,No,No,No,17,Yes,No,No,No internet service,No internet service,No internet service,No internet service,No internet service,No internet service,One year,No,Mailed check,19.55,280.85,No,12-23,No,No,No,No,0,16.52058823529412
8183-ONMXC,Female,No,No,No,2,Yes,No,Fiber optic,No,No,No,No,No,Yes,Month-to-month,No,Electronic check,80.75,159.45,Yes,0-5,Yes,Yes,Yes,Yes,4,79.725
2639-UGMAZ,Male,Yes,No,No,71,No,No phone service,DSL,Yes,Yes,No,No,Yes,Yes,One year,Yes,Electronic check,56.45,3985.35,No,60-72,No,No,Yes,No,2,56.131690140845066
3276-HDUEG,Female,No,No,No,1,Yes,Yes,Fiber optic,No,No,No,No,No,No,Month-to-month,Yes,Mailed check,75.05,75.05,Yes,0-5,Yes,Yes,No,Yes,4,75.05
4521-YEEHE,Female,No,Yes,No,18,Yes,Yes,Fiber optic,No,No,No,Yes,Yes,No,Month-to-month,Yes,Electronic check,88.85,1594.75,No,12-23,No,Yes,Yes,Yes,3,88.59722222222223
0266-CLZKZ,Female,No,Yes,Yes,67,Yes,Yes,Fiber optic,No,No,Yes,Yes,Yes,Yes,Two year,Yes,Bank transfer (automatic),105.65,6717.9,No,60-72,No,No,No,Yes,2,100.26716417910448
3143-ILDAL,Male,No,No,No,56,Yes,Yes,Fiber optic,No,Yes,No,Yes,No,Yes,Month-to-month,Yes,Electronic check,94.45,5124.6,Yes,48-59,No,Yes,Yes,Yes,2,91.51071428571429
6176-YJWAS,Male,No,Yes,No,72,Yes,Yes,Fiber optic,Yes,Yes,Yes,No,Yes,No,Two year,Yes,Credit card (automatic),97.95,7114.25,No,60-72,No,No,No,Yes,1,98.80902777777776
3704-IEAXF,Female,No,Yes,Yes,72,No,No phone service,DSL,No,Yes,No,Yes,Yes,Yes,Two year,No,Credit card (automatic),53.65,3784.0,No,60-72,No,No,No,No,2,52.55555555555556
2921-XWDJH,Female,Yes,Yes,No,38,Yes,No,Fiber optic,Yes,No,No,No,No,Yes,Month-to-month,Yes,Electronic check,83.45,3147.15,No,36-47,No,Yes,Yes,Yes,3,82.81973684210527
3313-QKNKB,Male,No,Yes,No,59,Yes,Yes,Fiber optic,No,No,No,No,No,Yes,One year,No,Electronic check,85.55,5084.65,Yes,48-59,No,No,Yes,Yes,4,86.18050847457627
8003-EWNDZ,Female,No,No,No,10,Yes,No,No,No internet service,No internet service,No internet service,No internet service,No internet service,No internet service,Month-to-month,Yes,Electronic check,21.2,222.65,No,6-11,No,Yes,Yes,No,0,22.265
9153-BTBVV,Female,No,Yes,No,71,Yes,Yes,No,No internet service,No internet service,No internet service,No internet service,No internet service,No internet service,Two year,No,Bank transfer (automatic),25.0,1753.0,No,60-72,No,No,No,No,0,24.690140845070424
4088-YLDSU,Male,No,Yes,No,55,Yes,Yes,Fiber optic,No,No,Yes,Yes,Yes,Yes,One year,Yes,Electronic check,104.15,5743.05,Yes,48-59,No,No,Yes,Yes,2,104.41909090909093
1898-JSNDC,Female,No,No,No,39,Yes,No,DSL,No,Yes,No,No,Yes,No,One year,Yes,Credit card (automatic),58.6,2224.5,No,36-47,No,No,No,No,3,57.03846153846154
7831-QGOXH,Female,No,No,No,18,Yes,Yes,Fiber optic,No,No,No,No,Yes,No,Month-to-month,Yes,Electronic check,85.2,1553.9,Yes,12-23,No,Yes,Yes,Yes,4,86.32777777777778
6961-MJKBO,Male,No,No,No,47,Yes,No,No,No internet service,No internet service,No internet service,No internet service,No internet service,No internet service,Two year,No,Bank transfer (automatic),20.45,943.0,No,36-47,No,No,No,No,0,20.06382978723404
6967-QIQRV,Male,No,Yes,Yes,15,Yes,No,Fiber optic,Yes,No,No,Yes,Yes,Yes,One year,No,Electronic check,101.9,1667.25,No,12-23,No,No,Yes,Yes,2,111.15
8654-DHAOW,Female,No,No,No,2,Yes,Yes,DSL,No,Yes,No,No,No,No,Month-to-month,No,Mailed check,54.15,101.65,No,0-5,Yes,Yes,No,No,3,50.825
4664-NJCMS,Female,No,Yes,No,33,No,No phone service,DSL,Yes,No,Yes,Yes,Yes,Yes,Two year,No,Bank transfer (automatic),59.55,2016.3,No,24-35,No,No,No,No,1,61.1
2988-GBIVW,Female,Yes,Yes,No,70,Yes,Yes,Fiber optic,Yes,No,No,No,No,Yes,Month-to-month,Yes,Electronic check,90.85,6470.1,No,60-72,No,Yes,Yes,Yes,3,92.43
9448-REEVD,Male,No,Yes,No,1,Yes,No,DSL,No,No,No,No,No,No,Month-to-month,No,Credit card (automatic),44.7,44.7,Yes,0-5,Yes,Yes,No,No,4,44.7
9605-WGJVW,Female,Yes,No,No,1,Yes,No,Fiber optic,No,No,No,No,No,No,Month-to-month,Yes,Electronic check,70.2,70.2,No,0-5,Yes,Yes,Yes,Yes,4,70.2
7619-PLRLP,Female,No,Yes,No,53,Yes,Yes,DSL,Yes,Yes,Yes,No,No,Yes,One year,No,Bank transfer (automatic),74.1,3833.95,No,48-59,No,No,No,No,1,72.33867924528302
6465-GSRCL,Female,No,No,Yes,67,Yes,Yes,Fiber optic,No,Yes,No,Yes,Yes,Yes,One year,Yes,Bank transfer (automatic),106.6,7244.7,No,60-72,No,No,No,Yes,2,108.12985074626866
4430-UZIPO,Male,No,No,No,3,No,No phone service,DSL,No,Yes,No,Yes,No,No,Month-to-month,Yes,Mailed check,36.85,108.7,Yes,0-5,Yes,Yes,No,No,2,36.23333333333333
1635-NZATJ,Male,Yes,Yes,No,71,Yes,Yes,No,No internet service,No internet service,No internet service,No internet service,No internet service,No internet service,Two year,No,Credit card (automatic),25.45,1789.65,No,60-72,No,No,No,No,0,25.20633802816901
7569-NMZYQ,Female,No,Yes,Yes,72,Yes,Yes,Fiber optic,Yes,Yes,Yes,Yes,Yes,Yes,Two year,Yes,Bank transfer (automatic),118.75,8672.45,No,60-72,No,No,No,Yes,0,120.45069444444444
2014-MKGMH,Female,No,No,No,46,Yes,Yes,Fiber optic,No,No,Yes,No,Yes,Yes,One year,Yes,Electronic check,101.1,4674.4,No,36-47,No,No,Yes,Yes,3,101.61739130434782
9796-BPKIW,Male,Yes,No,No,8,Yes,No,Fiber optic,No,No,No,No,No,No,Month-to-month,Yes,Credit card (automatic),69.95,562.7,No,6-11,No,Yes,No,Yes,4,70.3375
9330-DHBFL,Female,No,Yes,Yes,23,Yes,No,DSL,Yes,Yes,Yes,Yes,No,No,One year,Yes,Mailed check,66.25,1533.8,No,12-23,No,No,No,No,0,66.68695652173913
3552-CTCYF,Male,No,Yes,Yes,63,Yes,Yes,Fiber optic,No,Yes,Yes,No,Yes,Yes,Two year,Yes,Bank transfer (automatic),104.8,6597.25,No,60-72,No,No,No,Yes,2,104.71825396825396
7552-KEYGT,Male,No,Yes,No,27,Yes,No,No,No internet service,No internet service,No internet service,No internet service,No internet service,No internet service,Two year,No,Bank transfer (automatic),19.55,520.55,No,24-35,No,No,No,No,0,19.27962962962963
9081-WWXKP,Female,No,Yes,Yes,47,Yes,No,No,No internet service,No internet service,No internet service,No internet service,No internet service,No internet service,Two year,No,Credit card (automatic),20.25,873.4,No,36-47,No,No,No,No,0,18.582978723404256
4625-LAMOB,Male,No,No,No,44,Yes,No,No,No internet service,No internet service,No internet service,No internet service,No internet service,No internet service,Two year,No,Credit card (automatic),20.4,905.55,No,36-47,No,No,No,No,0,20.580681818181816
7294-TMAOP,Female,No,No,No,1,Yes,No,Fiber optic,No,No,No,No,Yes,Yes,Month-to-month,No,Electronic check,90.55,90.55,Yes,0-5,Yes,Yes,Yes,Yes,4,90.55
7065-YUNRY,Female,No,No,No,1,Yes,No,DSL,No,No,No,No,No,No,Month-to-month,Yes,Mailed check,45.3,45.3,Yes,0-5,Yes,Yes,No,No,4,45.3
0325-XBFAC,Male,No,No,No,8,Yes,No,Fiber optic,No,No,Yes,No,Yes,Yes,Month-to-month,Yes,Electronic check,94.7,740.3,Yes,6-11,No,Yes,Yes,Yes,3,92.5375
6308-CQRBU,Female,No,Yes,No,71,Yes,Yes,Fiber optic,No,Yes,Yes,Yes,Yes,Yes,Two year,No,Electronic check,109.25,7707.7,No,60-72,No,No,Yes,Yes,1,108.55915492957746
6311-UEUME,Female,No,No,No,29,Yes,No,Fiber optic,No,No,No,No,Yes,No,Month-to-month,Yes,Electronic check,78.9,2384.15,Yes,24-35,No,Yes,Yes,Yes,4,82.21206896551725
6196-HBOBZ,Male,No,Yes,No,65,Yes,Yes,Fiber optic,Yes,Yes,Yes,No,Yes,No,Two year,Yes,Electronic check,99.35,6347.55,No,60-72,No,No,Yes,Yes,1,97.65461538461538
3528-HFRIQ,Male,Yes,Yes,No,71,No,No phone service,DSL,No,Yes,Yes,No,Yes,Yes,Month-to-month,Yes,Bank transfer (automatic),52.3,3765.05,No,60-72,No,Yes,No,No,2,53.02887323943662
9103-CXVOK,Male,No,Yes,Yes,1,Yes,No,No,No internet service,No internet service,No internet service,No internet service,No internet service,No internet service,Month-to-month,No,Electronic check,19.75,19.75,No,0-5,Yes,Yes,Yes,No,0,19.75
7576-JMYWV,Female,Yes,Yes,Yes,46,Yes,Yes,Fiber optic,Yes,Yes,No,Yes,Yes,Yes,Month-to-month,Yes,Electronic check,110.2,4972.1,No,36-47,No,Yes,Yes,Yes,1,108.08913043478262
8384-FZBJK,Female,No,Yes,Yes,57,Yes,Yes,Fiber optic,No,Yes,No,No,Yes,Yes,Month-to-month,Yes,Electronic check,100.6,5611.7,No,48-59,No,Yes,Yes,Yes,3,98.45087719298245
2869-ADAWR,Female,No,No,No,45,Yes,Yes,Fiber optic,No,Yes,No,No,Yes,No,Month-to-month,Yes,Credit card (automatic),89.3,4016.85,Yes,36-47,No,Yes,No,Yes,3,89.26333333333334
2228-BZDEE,Female,No,No,No,54,Yes,No,No,No internet service,No internet service,No internet service,No internet service,No internet service,No internet service,Two year,No,Mailed check,20.1,1079.45,No,48-59,No,No,No,No,0,19.989814814814817
8169-SAEJD,Male,Yes,Yes,No,69,No,No phone service,DSL,Yes,Yes,No,No,Yes,Yes,Two year,No,Credit card (automatic),56.55,3952.65,No,60-72,No,No,No,No,2,57.28478260869565
3230-JCNZS,Female,No,Yes,Yes,71,Yes,Yes,Fiber optic,Yes,Yes,Yes,No,Yes,No,Two year,Yes,Credit card (automatic),99.0,7061.65,No,60-72,No,No,No,Yes,1,99.45985915492956
4446-BZKHU,Male,No,Yes,No,61,Yes,Yes,Fiber optic,No,Yes,Yes,No,Yes,Yes,Month-to-month,Yes,Electronic check,105.55,6281.45,Yes,60-72,No,Yes,Yes,Yes,2,102.97459016393442
6365-HITVU,Female,No,Yes,Yes,71,Yes,No,DSL,Yes,Yes,Yes,Yes,Yes,Yes,Two year,No,Credit card (automatic),87.25,6328.7,No,60-72,No,No,No,No,0,89.13661971830986
4495-LHSSK,Female,No,No,Yes,18,Yes,Yes,DSL,Yes,No,No,No,No,No,Month-to-month,No,Mailed check,57.65,992.7,No,12-23,No,Yes,No,No,3,55.150000000000006
4785-FCIFB,Female,No,Yes,No,61,Yes,Yes,No,No internet service,No internet service,No internet service,No internet service,No internet service,No internet service,Two year,No,Mailed check,24.4,1417.9,No,60-72,No,No,No,No,0,23.24426229508197
0635-WKOLD,Male,No,Yes,No,40,Yes,Yes,DSL,No,Yes,No,Yes,Yes,No,One year,No,Credit card (automatic),70.75,2921.75,No,36-47,No,No,No,No,2,73.04375
8080-DDEMJ,Male,Yes,No,No,1,Yes,No,DSL,No,No,No,No,No,No,Month-to-month,No,Electronic check,45.1,45.1,Yes,0-5,Yes,Yes,Yes,No,4,45.1
1731-TVIUK,Female,No,No,No,4,Yes,Yes,Fiber optic,No,Yes,No,Yes,No,Yes,Month-to-month,Yes,Electronic check,93.5,362.2,Yes,0-5,No,Yes,Yes,Yes,2,90.55
6683-VLCTZ,Male,Yes,No,No,20,Yes,Yes,Fiber optic,No,No,Yes,No,Yes,Yes,Month-to-month,Yes,Electronic check,98.55,1842.8,Yes,12-23,No,Yes,Yes,Yes,3,92.14
5161-UBZXI,Male,No,Yes,Yes,69,Yes,No,Fiber optic,Yes,Yes,No,Yes,Yes,Yes,Two year,Yes,Credit card (automatic),106.35,7261.75,No,60-72,No,No,No,Yes,1,105.2427536231884
0928-JMXNP,Male,Yes,Yes,No,4,No,No phone service,DSL,No,No,Yes,No,No,No,Month-to-month,Yes,Electronic check,29.9,118.25,No,0-5,No,Yes,Yes,No,3,29.5625
7854-EDSSA,Male,No,No,No,22,Yes,Yes,DSL,Yes,Yes,No,No,No,No,Month-to-month,No,Electronic check,59.0,1254.7,Yes,12-23,No,Yes,Yes,No,2,57.03181818181818
2465-BLLEU,Male,No,No,No,1,Yes,No,No,No internet service,No internet service,No internet service,No internet service,No internet service,No internet service,Month-to-month,Yes,Mailed check,19.75,19.75,No,0-5,Yes,Yes,No,No,0,19.75
4393-RYCRE,Male,No,No,No,44,Yes,No,Fiber optic,Yes,Yes,Yes,No,Yes,Yes,One year,Yes,Electronic check,106.05,4510.8,No,36-47,No,No,Yes,Yes,1,102.51818181818182
2302-OUZXB,Male,No,Yes,No,72,Yes,Yes,DSL,No,Yes,Yes,No,Yes,Yes,Two year,No,Bank transfer (automatic),82.15,5784.3,No,60-72,No,No,No,No,2,80.3375
1472-TNCWL,Male,No,No,Yes,36,Yes,No,Fiber optic,No,Yes,No,No,Yes,Yes,Month-to-month,Yes,Electronic check,94.7,3512.5,No,36-47,No,Yes,Yes,Yes,3,97.56944444444444
5572-ZDXHY,Female,No,No,No,22,Yes,No,Fiber optic,No,Yes,No,No,No,Yes,Month-to-month,Yes,Mailed check,84.3,1855.65,Yes,12-23,No,Yes,No,Yes,3,84.34772727272728
5882-CMAZQ,Female,No,Yes,Yes,5,No,No phone service,DSL,No,Yes,No,Yes,No,No,Month-to-month,No,Electronic check,34.25,163.55,No,0-5,No,Yes,Yes,No,2,32.71
9921-ZVRHG,Female,No,No,No,14,Yes,Yes,Fiber optic,No,No,Yes,No,No,No,Month-to-month,Yes,Electronic check,80.45,1072.0,Yes,12-23,No,Yes,Yes,Yes,3,76.57142857142857
5337-IIWKZ,Male,No,Yes,Yes,34,No,No phone service,DSL,No,No,Yes,Yes,Yes,No,Month-to-month,Yes,Electronic check,44.85,1442.6,No,24-35,No,Yes,Yes,No,2,42.42941176470588
2000-DHJUY,Female,Yes,Yes,No,70,Yes,Yes,DSL,Yes,Yes,Yes,Yes,Yes,Yes,Two year,Yes,Bank transfer (automatic),92.2,6474.45,No,60-72,No,No,No,No,0,92.49214285714284
4853-RULSV,Male,No,No,No,70,Yes,Yes,Fiber optic,Yes,No,No,Yes,Yes,Yes,Two year,Yes,Credit card (automatic),104.0,7250.15,Yes,60-72,No,No,No,Yes,2,103.57357142857144
9068-FHQHD,Female,No,Yes,Yes,40,Yes,No,No,No internet service,No internet service,No internet service,No internet service,No internet service,No internet service,Two year,No,Bank transfer (automatic),20.15,777.35,No,36-47,No,No,No,No,0,19.43375
0722-TROQR,Female,Yes,No,No,4,Yes,Yes,Fiber optic,No,No,No,No,No,No,Month-to-month,Yes,Electronic check,74.9,321.75,Yes,0-5,No,Yes,Yes,Yes,4,80.4375
0020-INWCK,Female,No,Yes,Yes,71,Yes,Yes,Fiber optic,No,Yes,Yes,No,No,Yes,Two year,Yes,Credit card (automatic),95.75,6849.4,No,60-72,No,No,No,Yes,2,96.47042253521126
7619-ODSGN,Male,No,Yes,Yes,24,Yes,Yes,DSL,Yes,No,No,No,No,No,Month-to-month,No,Electronic check,54.75,1338.15,Yes,24-35,No,Yes,Yes,No,3,55.75625
6260-ONULR,Male,No,No,No,1,Yes,No,DSL,No,No,No,No,Yes,Yes,Month-to-month,Yes,Mailed check,62.8,62.8,No,0-5,Yes,Yes,No,No,4,62.8
9817-APLHW,Male,No,No,No,12,Yes,Yes,No,No internet service,No internet service,No internet service,No internet service,No internet service,No internet service,Month-to-month,No,Electronic check,25.0,316.2,No,12-23,No,Yes,Yes,No,0,26.35
3716-UVSPD,Male,No,No,No,1,Yes,No,DSL,No,No,No,Yes,No,No,Month-to-month,Yes,Electronic check,49.3,49.3,No,0-5,Yes,Yes,Yes,No,3,49.3
7797-EJMDP,Female,No,No,No,8,Yes,No,DSL,Yes,No,No,Yes,No,Yes,Month-to-month,No,Bank transfer (automatic),66.05,574.5,No,6-11,No,Yes,No,No,2,71.8125
2453-SAFNS,Female,Yes,No,No,54,Yes,Yes,DSL,No,Yes,No,Yes,Yes,No,One year,No,Mailed check,72.1,3886.05,No,48-59,No,No,No,No,2,71.96388888888889
3882-IYOIJ,Female,No,Yes,Yes,60,Yes,Yes,Fiber optic,Yes,Yes,Yes,Yes,Yes,Yes,Two year,No,Credit card (automatic),115.25,6758.45,No,60-72,No,No,No,Yes,0,112.64083333333332
4124-MMETB,Male,No,No,No,22,Yes,Yes,Fiber optic,No,No,No,No,Yes,Yes,Month-to-month,Yes,Credit card (automatic),94.65,2104.55,Yes,12-23,No,Yes,No,Yes,4,95.66136363636365
4589-IUAJB,Male,No,Yes,No,70,Yes,Yes,No,No internet service,No internet service,No internet service,No internet service,No internet service,No internet service,Two year,No,Bank transfer (automatic),24.25,1724.15,No,60-72,No,No,No,No,0,24.630714285714287
5908-QMGOE,Male,Yes,No,No,15,Yes,Yes,Fiber optic,No,No,No,No,No,No,Month-to-month,Yes,Credit card (automatic),74.2,1133.9,Yes,12-23,No,Yes,No,Yes,4,75.59333333333333
7480-QNVZJ,Male,Yes,No,No,50,Yes,Yes,Fiber optic,No,No,No,No,Yes,Yes,Month-to-month,Yes,Electronic check,95.7,4816.7,Yes,48-59,No,Yes,Yes,Yes,4,96.334
7803-XOCCZ,Female,No,Yes,Yes,52,Yes,No,Fiber optic,Yes,No,Yes,Yes,No,No,Month-to-month,Yes,Bank transfer (automatic),84.05,4326.8,No,48-59,No,Yes,No,Yes,1,83.20769230769231
9142-XMYJH,Female,No,No,No,29,Yes,No,No,No internet service,No internet service,No internet service,No internet service,No internet service,No internet service,Month-to-month,No,Credit card (automatic),19.35,601.6,No,24-35,No,Yes,No,No,0,20.7448275862069
0565-IYCGT,Male,No,No,No,69,Yes,Yes,DSL,Yes,Yes,Yes,Yes,No,Yes,One year,Yes,Credit card (automatic),78.6,5356.45,Yes,60-72,No,No,No,No,0,77.62971014492753
0883-EIBTI,Female,No,No,No,2,Yes,No,No,No internet service,No internet service,No internet service,No internet service,No internet service,No internet service,Month-to-month,No,Mailed check,19.5,31.55,Yes,0-5,Yes,Yes,No,No,0,15.775
9577-WJVCQ,Female,No,No,No,68,Yes,Yes,DSL,Yes,No,No,No,No,No,Month-to-month,No,Mailed check,54.45,3687.75,No,60-72,No,Yes,No,No,3,54.231617647058826
0778-NELLA,Male,No,No,No,9,No,No phone service,DSL,No,No,No,No,Yes,No,Month-to-month,Yes,Credit card (automatic),34.7,296.1,Yes,6-11,No,Yes,No,No,4,32.900000000000006
6838-YAUVY,Female,No,No,No,54,Yes,Yes,Fiber optic,No,No,Yes,Yes,No,Yes,Two year,Yes,Bank transfer (automatic),95.1,5064.85,No,48-59,No,No,No,Yes,2,93.79351851851852
6650-BWFRT,Female,No,Yes,No,72,Yes,Yes,Fiber optic,Yes,Yes,Yes,Yes,Yes,Yes,Two year,Yes,Credit card (automatic),117.15,8529.5,No,60-72,No,No,No,Yes,0,118.46527777777776
7590-VHVEG,Female,No,Yes,No,1,No,No phone service,DSL,No,Yes,No,No,No,No,Month-to-month,Yes,Electronic check,29.85,29.85,No,0-5,Yes,Yes,Yes,No,3,29.85
2026-TGDHM,Female,No,No,No,7,Yes,No,Fiber optic,No,No,No,No,No,Yes,Month-to-month,Yes,Electronic check,79.3,523.15,Yes,6-11,No,Yes,Yes,Yes,4,74.73571428571428
0376-YMCJC,Male,No,No,No,23,Yes,Yes,Fiber optic,No,No,No,Yes,Yes,No,Month-to-month,Yes,Electronic check,90.6,1943.2,Yes,12-23,No,Yes,Yes,Yes,3,84.48695652173913
9399-APLBT,Female,No,Yes,Yes,1,Yes,No,Fiber optic,No,Yes,No,No,No,No,Month-to-month,Yes,Electronic check,74.7,74.7,Yes,0-5,Yes,Yes,Yes,Yes,3,74.7
6786-OBWQR,Female,No,Yes,Yes,5,Yes,No,Fiber optic,No,No,No,No,Yes,No,Month-to-month,Yes,Electronic check,80.85,356.1,No,0-5,No,Yes,Yes,Yes,4,71.22
5539-HIVAK,Female,Yes,Yes,No,28,Yes,Yes,No,No internet service,No internet service,No internet service,No internet service,No internet service,No internet service,Month-to-month,No,Mailed check,25.7,734.6,No,24-35,No,Yes,No,No,0,26.235714285714288
1891-QRQSA,Male,Yes,Yes,Yes,64,Yes,Yes,Fiber optic,Yes,No,Yes,Yes,Yes,Yes,Two year,Yes,Bank transfer (automatic),111.6,7099.0,No,60-72,No,No,No,Yes,1,110.921875
0254-KCJGT,Male,No,Yes,No,52,Yes,Yes,DSL,Yes,Yes,Yes,Yes,No,Yes,One year,Yes,Credit card (automatic),81.4,4354.45,No,48-59,No,No,No,No,0,83.73942307692307
2346-CZYIL,Male,No,No,No,27,Yes,No,No,No internet service,No internet service,No internet service,No internet service,No internet service,No internet service,Two year,No,Credit card (automatic),20.35,531.6,No,24-35,No,No,No,No,0,19.68888888888889
5038-ETMLM,Female,No,Yes,No,72,Yes,Yes,Fiber optic,Yes,Yes,Yes,Yes,Yes,Yes,Two year,Yes,Bank transfer (automatic),113.65,8182.75,No,60-72,No,No,No,Yes,0,113.64930555555556
6502-MJQAE,Male,No,No,No,1,Yes,No,Fiber optic,No,No,No,No,No,No,Month-to-month,Yes,Electronic check,69.6,69.6,Yes,0-5,Yes,Yes,Yes,Yes,4,69.6
6305-YLBMM,Male,No,No,No,69,Yes,No,Fiber optic,No,Yes,Yes,Yes,Yes,Yes,One year,Yes,Bank transfer (automatic),104.05,7262.0,Yes,60-72,No,No,No,Yes,1,105.2463768115942
5995-OIGLP,Male,No,No,No,12,Yes,No,DSL,Yes,No,No,Yes,No,No,Month-to-month,No,Mailed check,56.65,654.85,Yes,12-23,No,Yes,No,No,2,54.57083333333333
5198-HQAEN,Male,No,Yes,Yes,35,Yes,No,Fiber optic,No,Yes,No,Yes,Yes,No,One year,Yes,Electronic check,89.7,3165.6,No,24-35,No,No,Yes,Yes,2,90.44571428571427
6261-LHRTG,Female,No,No,No,26,Yes,No,DSL,No,Yes,Yes,No,No,No,Month-to-month,Yes,Credit card (automatic),54.75,1406.9,No,24-35,No,Yes,No,No,2,54.11153846153847
7693-QPEFS,Male,Yes,No,No,52,Yes,Yes,Fiber optic,No,No,No,No,No,No,Month-to-month,Yes,Bank transfer (automatic),72.95,3829.75,No,48-59,No,Yes,No,Yes,4,73.64903846153847
4950-HKQTE,Female,No,No,No,22,Yes,Yes,No,No internet service,No internet service,No internet service,No internet service,No internet service,No internet service,Two year,No,Mailed check,26.25,605.9,No,12-23,No,No,No,No,0,27.54090909090909
3088-LHEFH,Female,No,No,No,11,Yes,Yes,Fiber optic,Yes,No,No,No,No,No,Month-to-month,Yes,Bank transfer (automatic),79.0,929.3,No,6-11,No,Yes,No,Yes,3,84.48181818181818
6997-UVGOX,Male,No,Yes,Yes,71,Yes,No,DSL,Yes,Yes,Yes,Yes,Yes,Yes,Two year,No,Bank transfer (automatic),85.45,6029.9,No,60-72,No,No,No,No,0,84.9281690140845
9467-ROOLM,Female,No,No,No,25,Yes,No,No,No internet service,No internet service,No internet service,No internet service,No internet service,No internet service,Month-to-month,No,Mailed check,19.05,461.3,No,24-35,No,Yes,No,No,0,18.452
4626-GYCZP,Male,No,No,No,7,Yes,Yes,Fiber optic,No,No,No,No,Yes,Yes,Month-to-month,Yes,Electronic check,93.85,635.6,Yes,6-11,No,Yes,Yes,Yes,4,90.8
0383-CLDDA,Female,No,No,No,69,Yes,Yes,DSL,Yes,No,Yes,Yes,Yes,Yes,Two year,Yes,Credit card (automatic),85.35,5897.4,No,60-72,No,No,No,No,1,85.4695652173913
8612-GXIDD,Male,No,Yes,Yes,12,Yes,Yes,No,No internet service,No internet service,No internet service,No internet service,No internet service,No internet service,Two year,Yes,Bank transfer (automatic),25.4,313.0,No,12-23,No,No,No,No,0,26.08333333333333
3727-RJMEO,Male,No,Yes,No,6,Yes,Yes,Fiber optic,No,No,No,No,Yes,No,Month-to-month,Yes,Electronic check,82.85,460.25,Yes,6-11,No,Yes,Yes,Yes,4,76.70833333333333
0947-IDHRQ,Female,No,No,No,7,Yes,No,Fiber optic,No,No,No,No,Yes,No,Month-to-month,Yes,Mailed check,80.3,526.7,Yes,6-11,No,Yes,No,Yes,4,75.24285714285715
4827-LTQRJ,Female,Yes,Yes,Yes,66,Yes,Yes,Fiber optic,Yes,Yes,No,Yes,Yes,Yes,One year,Yes,Credit card (automatic),110.6,7210.85,No,60-72,No,No,No,Yes,1,109.25530303030304
9762-YAQAA,Male,No,No,No,39,Yes,Yes,Fiber optic,No,Yes,No,No,No,No,One year,No,Credit card (automatic),81.4,3213.75,No,36-47,No,No,No,Yes,3,82.40384615384616
1784-EZDKJ,Male,No,Yes,No,51,Yes,Yes,Fiber optic,No,Yes,Yes,No,Yes,Yes,One year,Yes,Bank transfer (automatic),106.8,5498.8,No,48-59,No,No,No,Yes,2,107.81960784313726
1450-SKCVI,Female,No,No,No,56,Yes,No,Fiber optic,No,Yes,No,No,No,No,Month-to-month,Yes,Electronic check,73.85,4092.85,Yes,48-59,No,Yes,Yes,Yes,3,73.08660714285715
4163-KIUHY,Male,No,No,No,35,Yes,Yes,No,No internet service,No internet service,No internet service,No internet service,No internet service,No internet service,Month-to-month,Yes,Electronic check,25.6,901.25,No,24-35,No,Yes,Yes,No,0,25.75
3717-LNXKW,Male,No,Yes,No,38,Yes,Yes,Fiber optic,Yes,No,No,No,Yes,No,Month-to-month,No,Bank transfer (automatic),91.7,3479.05,No,36-47,No,Yes,No,Yes,3,91.55394736842106
6807-SIWJI,Male,No,No,No,38,Yes,Yes,Fiber optic,Yes,Yes,No,No,Yes,Yes,One year,Yes,Electronic check,104.85,3887.25,No,36-47,No,No,Yes,Yes,2,102.29605263157896
4488-PSYCG,Male,No,No,No,16,Yes,No,No,No internet service,No internet service,No internet service,No internet service,No internet service,No internet service,Month-to-month,No,Bank transfer (automatic),20.25,327.45,Yes,12-23,No,Yes,No,No,0,20.465625
3647-GMGDH,Male,No,Yes,No,22,Yes,No,Fiber optic,No,No,Yes,No,Yes,Yes,Month-to-month,Yes,Credit card (automatic),94.7,1914.9,Yes,12-23,No,Yes,No,Yes,3,87.0409090909091
2325-WINES,Female,No,No,No,32,Yes,Yes,Fiber optic,No,Yes,Yes,No,Yes,Yes,One year,Yes,Credit card (automatic),104.05,3416.85,No,24-35,No,No,No,Yes,2,106.7765625
5816-QVHRX,Female,No,No,No,37,Yes,Yes,Fiber optic,No,No,No,Yes,Yes,Yes,Month-to-month,No,Credit card (automatic),100.3,3541.4,No,36-47,No,Yes,No,Yes,3,95.71351351351352
7839-NUIAA,Female,No,Yes,Yes,61,Yes,Yes,DSL,Yes,Yes,No,No,No,No,Month-to-month,No,Electronic check,59.8,3641.5,No,60-72,No,Yes,Yes,No,2,59.69672131147541
6559-ILWKJ,Male,No,Yes,No,71,No,No phone service,DSL,No,Yes,No,No,Yes,Yes,Two year,No,Electronic check,49.35,3515.25,Yes,60-72,No,No,Yes,No,3,49.51056338028169
9564-KCLHR,Male,No,No,No,1,Yes,No,DSL,No,No,No,Yes,No,No,Month-to-month,No,Mailed check,51.25,51.25,Yes,0-5,Yes,Yes,No,No,3,51.25
6599-CEBNN,Female,No,No,No,34,Yes,No,Fiber optic,No,Yes,No,No,No,No,Month-to-month,Yes,Credit card (automatic),73.95,2524.45,Yes,24-35,No,Yes,No,Yes,3,74.24852941176471
1075-BGWOH,Male,Yes,Yes,No,16,Yes,Yes,Fiber optic,No,No,Yes,No,Yes,Yes,Month-to-month,Yes,Electronic check,98.75,1587.55,Yes,12-23,No,Yes,Yes,Yes,3,99.221875
2568-BRGYX,Male,No,No,No,4,Yes,No,Fiber optic,No,No,No,No,No,No,Month-to-month,Yes,Electronic check,70.2,237.95,Yes,0-5,No,Yes,Yes,Yes,4,59.4875
1689-YQBYY,Female,No,No,Yes,12,Yes,Yes,Fiber optic,No,No,No,No,No,No,Month-to-month,Yes,Electronic check,76.6,893.0,No,12-23,No,Yes,Yes,Yes,4,74.41666666666667
0530-IJVDB,Male,No,No,Yes,70,Yes,Yes,Fiber optic,Yes,Yes,Yes,Yes,Yes,Yes,Two year,Yes,Electronic check,114.6,7882.5,No,60-72,No,No,Yes,Yes,0,112.60714285714286
8800-JOOCF,Female,No,No,Yes,12,Yes,Yes,Fiber optic,No,No,No,No,Yes,No,Month-to-month,Yes,Electronic check,84.05,966.55,No,12-23,No,Yes,Yes,Yes,4,80.54583333333333
3934-HXCFZ,Male,No,Yes,No,23,Yes,Yes,Fiber optic,Yes,Yes,Yes,No,Yes,No,Month-to-month,Yes,Electronic check,99.25,2186.4,Yes,12-23,No,Yes,Yes,Yes,1,95.0608695652174
1996-DBMUS,Female,Yes,Yes,No,48,Yes,No,Fiber optic,No,No,No,No,No,No,Month-to-month,Yes,Bank transfer (automatic),70.65,3545.05,No,48-59,No,Yes,No,Yes,4,73.85520833333334
4822-YCXMX,Male,No,No,No,25,Yes,Yes,Fiber optic,No,No,No,No,No,Yes,Month-to-month,Yes,Electronic check,84.8,2043.45,Yes,24-35,No,Yes,Yes,Yes,4,81.738
1216-JWVUX,Male,No,Yes,Yes,25,Yes,No,Fiber optic,No,Yes,No,No,No,No,Month-to-month,Yes,Electronic check,75.5,1901.05,No,24-35,No,Yes,Yes,Yes,3,76.042
2931-FSOHN,Male,Yes,No,No,13,Yes,No,DSL,No,Yes,No,No,Yes,No,Month-to-month,Yes,Electronic check,59.9,788.35,No,12-23,No,Yes,Yes,No,3,60.642307692307696
5522-JBWMO,Male,No,No,Yes,1,Yes,No,DSL,No,No,No,No,No,No,Month-to-month,No,Electronic check,44.0,44.0,No,0-5,Yes,Yes,Yes,No,4,44.0
7868-BGSZA,Male,No,Yes,No,43,Yes,Yes,DSL,Yes,No,Yes,No,Yes,Yes,One year,Yes,Electronic check,80.2,3581.6,No,36-47,No,No,Yes,No,2,83.29302325581395
9921-QFQUL,Female,No,Yes,No,23,Yes,Yes,Fiber optic,No,No,Yes,No,No,Yes,Month-to-month,No,Mailed check,90.15,2044.95,No,12-23,No,Yes,No,Yes,3,88.9108695652174
0285-INHLN,Male,No,Yes,Yes,27,Yes,No,DSL,Yes,Yes,No,No,No,No,Month-to-month,Yes,Credit card (automatic),54.75,1510.3,No,24-35,No,Yes,No,No,2,55.93703703703704
6115-ZTBFQ,Female,No,Yes,No,72,No,No phone service,DSL,Yes,Yes,Yes,Yes,Yes,Yes,Two year,No,Bank transfer (automatic),65.5,4919.7,No,60-72,No,No,No,No,0,68.32916666666667
1193-RTSLK,Female,No,No,No,38,Yes,No,Fiber optic,Yes,Yes,Yes,No,No,No,Month-to-month,Yes,Credit card (automatic),83.9,3233.6,Yes,36-47,No,Yes,No,Yes,1,85.09473684210526
9558-IHEZX,Female,No,No,No,71,Yes,Yes,Fiber optic,Yes,Yes,Yes,No,Yes,Yes,Two year,Yes,Credit card (automatic),106.75,7283.25,No,60-72,No,No,No,Yes,1,102.58098591549296
1325-USMEC,Male,No,Yes,No,70,Yes,Yes,Fiber optic,Yes,Yes,Yes,No,Yes,No,Two year,Yes,Credit card (automatic),99.35,6944.5,No,60-72,No,No,No,Yes,1,99.20714285714286
9529-OFXHY,Male,No,No,No,15,Yes,Yes,Fiber optic,Yes,No,No,No,Yes,No,Month-to-month,Yes,Bank transfer (automatic),87.75,1242.2,No,12-23,No,Yes,No,Yes,3,82.81333333333333
8879-XUAHX,Male,No,Yes,No,71,Yes,Yes,Fiber optic,Yes,Yes,Yes,Yes,Yes,Yes,Two year,Yes,Electronic check,116.25,8564.75,No,60-72,No,No,Yes,Yes,0,120.63028169014083
9150-KPBJQ,Female,No,No,No,6,Yes,No,No,No internet service,No internet service,No internet service,No internet service,No internet service,No internet service,Two year,No,Credit card (automatic),19.65,116.85,No,6-11,No,No,No,No,0,19.475
2430-USGXP,Male,No,Yes,No,24,Yes,Yes,Fiber optic,No,No,Yes,No,Yes,Yes,Month-to-month,Yes,Electronic check,101.05,2391.8,Yes,24-35,No,Yes,Yes,Yes,3,99.65833333333336
7396-VJUZB,Male,No,Yes,Yes,4,Yes,No,DSL,No,No,No,No,No,No,Month-to-month,No,Mailed check,45.25,155.35,No,0-5,No,Yes,No,No,4,38.8375
2676-ISHSF,Male,No,No,No,1,Yes,No,No,No internet service,No internet service,No internet service,No internet service,No internet service,No internet service,Month-to-month,No,Mailed check,20.3,20.3,No,0-5,Yes,Yes,No,No,0,20.3
6407-UTSLV,Female,Yes,No,No,2,Yes,No,Fiber optic,No,Yes,No,No,Yes,No,Month-to-month,Yes,Bank transfer (automatic),83.8,163.7,No,0-5,Yes,Yes,No,Yes,3,81.85
5322-ZSMZY,Male,No,Yes,Yes,31,Yes,Yes,No,No internet service,No internet service,No internet service,No internet service,No internet service,No internet service,Two year,No,Mailed check,25.75,755.6,No,24-35,No,No,No,No,0,24.374193548387098
9552-TGUZV,Male,No,Yes,No,8,Yes,No,Fiber optic,Yes,No,No,No,No,No,Month-to-month,Yes,Mailed check,75.0,658.1,No,6-11,No,Yes,No,Yes,3,82.2625
8443-WVPSS,Male,No,Yes,No,10,Yes,No,Fiber optic,No,Yes,No,Yes,Yes,Yes,Month-to-month,Yes,Electronic check,99.85,990.9,Yes,6-11,No,Yes,Yes,Yes,2,99.09
8468-FZTOE,Female,No,Yes,Yes,72,Yes,No,DSL,Yes,Yes,Yes,Yes,No,Yes,Two year,Yes,Electronic check,74.35,5237.4,No,60-72,No,No,Yes,No,0,72.74166666666666
3987-KQDDU,Male,No,No,No,9,Yes,No,Fiber optic,Yes,No,No,No,No,No,Month-to-month,No,Electronic check,75.6,661.55,No,6-11,No,Yes,Yes,Yes,3,73.50555555555555
5527-ACHSO,Female,No,No,No,11,Yes,No,DSL,No,No,No,Yes,Yes,Yes,Month-to-month,No,Mailed check,70.5,829.3,No,6-11,No,Yes,No,No,3,75.39090909090909
2608-BHKFN,Female,No,No,No,4,Yes,No,Fiber optic,No,No,No,No,No,No,Month-to-month,Yes,Credit card (automatic),70.05,266.9,Yes,0-5,No,Yes,No,Yes,4,66.725
5193-QLVZB,Male,No,No,No,63,Yes,Yes,Fiber optic,No,Yes,Yes,No,Yes,Yes,Two year,Yes,Bank transfer (automatic),104.75,6536.5,No,60-72,No,No,No,Yes,2,103.75396825396824
2137-DQMEV,Male,No,Yes,Yes,68,No,No phone service,DSL,Yes,Yes,No,No,Yes,No,One year,No,Mailed check,44.8,2983.65,No,60-72,No,No,No,No,2,43.87720588235294
4231-LZUYM,Female,No,Yes,No,72,Yes,Yes,No,No internet service,No internet service,No internet service,No internet service,No internet service,No internet service,Two year,No,Bank transfer (automatic),25.65,1887.0,No,60-72,No,No,No,No,0,26.20833333333333
6732-FZUGP,Female,No,No,No,47,Yes,Yes,Fiber optic,Yes,No,Yes,No,Yes,No,One year,No,Credit card (automatic),94.9,4615.25,No,36-47,No,No,No,Yes,2,98.19680851063828
4115-BNPJY,Male,No,Yes,Yes,29,Yes,No,DSL,No,No,Yes,Yes,Yes,Yes,Two year,No,Mailed check,75.55,2054.4,No,24-35,No,No,No,No,2,70.84137931034483
2530-ENDWQ,Female,No,Yes,No,71,Yes,Yes,Fiber optic,No,No,No,No,Yes,Yes,Two year,Yes,Bank transfer (automatic),93.7,6585.35,Yes,60-72,No,No,No,Yes,4,92.75140845070425
1891-UAWWU,Female,Yes,Yes,No,20,Yes,Yes,Fiber optic,No,No,Yes,No,Yes,No,Month-to-month,No,Electronic check,90.8,1951.0,Yes,12-23,No,Yes,Yes,Yes,3,97.55
9505-SQFSW,Female,No,Yes,Yes,3,No,No phone service,DSL,No,Yes,No,No,No,Yes,Month-to-month,No,Mailed check,40.3,92.5,No,0-5,Yes,Yes,No,No,3,30.83333333333333
0042-RLHYP,Female,No,Yes,Yes,69,Yes,No,No,No internet service,No internet service,No internet service,No internet service,No internet service,No internet service,Two year,No,Bank transfer (automatic),19.7,1396.9,No,60-72,No,No,No,No,0,20.244927536231884
0019-GFNTW,Female,No,No,No,56,No,No phone service,DSL,Yes,Yes,Yes,Yes,No,No,Two year,No,Bank transfer (automatic),45.05,2560.1,No,48-59,No,No,No,No,0,45.71607142857143
5982-PSMKW,Female,No,Yes,Yes,23,Yes,Yes,DSL,Yes,Yes,Yes,Yes,Yes,Yes,Two year,Yes,Credit card (automatic),91.1,2198.3,No,12-23,No,No,No,No,0,95.57826086956524
3452-ABWRL,Male,Yes,No,No,47,Yes,Yes,Fiber optic,No,No,No,No,Yes,No,Month-to-month,Yes,Credit card (automatic),86.05,3865.6,No,36-47,No,Yes,No,Yes,4,82.2468085106383
7979-CORPM,Male,No,No,No,24,Yes,Yes,Fiber optic,No,Yes,No,No,Yes,No,Month-to-month,Yes,Credit card (automatic),90.55,2282.55,Yes,24-35,No,Yes,No,Yes,3,95.10625
8226-BXGES,Male,No,Yes,No,64,Yes,Yes,Fiber optic,Yes,Yes,Yes,No,No,No,One year,No,Bank transfer (automatic),89.45,5692.65,No,60-72,No,No,No,Yes,1,88.94765625
0196-JTUQI,Female,No,No,No,9,Yes,Yes,Fiber optic,No,No,No,No,No,No,Month-to-month,Yes,Credit card (automatic),75.2,633.85,No,6-11,No,Yes,No,Yes,4,70.42777777777778
4634-JLRJT,Female,No,No,No,1,Yes,No,No,No internet service,No internet service,No internet service,No internet service,No internet service,No internet service,Month-to-month,Yes,Mailed check,20.35,20.35,No,0-5,Yes,Yes,No,No,0,20.35
9619-GSATL,Female,No,No,No,43,Yes,No,DSL,No,Yes,No,Yes,No,No,One year,No,Electronic check,55.45,2444.25,No,36-47,No,No,Yes,No,2,56.843023255813954
9947-OTFQU,Male,Yes,No,No,15,Yes,No,Fiber optic,No,Yes,No,No,No,No,Month-to-month,Yes,Electronic check,74.4,1074.3,Yes,12-23,No,Yes,Yes,Yes,3,71.61999999999999
4065-JJAVA,Female,No,No,No,1,Yes,No,DSL,No,Yes,No,No,No,No,Month-to-month,No,Electronic check,49.5,49.5,No,0-5,Yes,Yes,Yes,No,3,49.5
2462-XIIJB,Male,No,No,No,5,Yes,Yes,Fiber optic,No,No,Yes,No,Yes,No,Month-to-month,Yes,Electronic check,92.5,452.7,Yes,0-5,No,Yes,Yes,Yes,3,90.54
0409-WTMPL,Female,No,Yes,No,58,Yes,Yes,Fiber optic,Yes,Yes,Yes,No,Yes,Yes,One year,Yes,Credit card (automatic),110.65,6526.65,No,48-59,No,No,No,Yes,1,112.52844827586206
1324-NLTJE,Female,Yes,No,No,15,Yes,Yes,DSL,No,No,No,Yes,No,No,Month-to-month,No,Credit card (automatic),55.0,757.1,Yes,12-23,No,Yes,No,No,3,50.473333333333336
8313-KTIHG,Male,No,No,No,4,Yes,No,DSL,No,No,No,Yes,Yes,No,Month-to-month,Yes,Electronic check,61.3,249.4,No,0-5,No,Yes,Yes,No,3,62.35
8325-QRPZR,Female,No,No,No,7,Yes,No,Fiber optic,No,No,Yes,No,No,No,Month-to-month,Yes,Electronic check,75.15,525.0,No,6-11,No,Yes,Yes,Yes,3,75.0
7570-WELNY,Female,No,Yes,No,68,Yes,Yes,Fiber optic,Yes,Yes,No,No,No,No,Two year,Yes,Bank transfer (automatic),84.7,5711.05,No,60-72,No,No,No,Yes,2,83.9860294117647
1813-JLKWR,Female,No,Yes,Yes,64,Yes,No,No,No internet service,No internet service,No internet service,No internet service,No internet service,No internet service,One year,No,Bank transfer (automatic),19.8,1336.65,No,60-72,No,No,No,No,0,20.88515625
5423-BHIXO,Female,No,No,No,32,Yes,Yes,DSL,No,Yes,No,No,No,No,Month-to-month,Yes,Electronic check,54.2,1739.6,No,24-35,No,Yes,Yes,No,3,54.3625
9851-KIELU,Male,No,No,No,10,Yes,No,Fiber optic,Yes,Yes,Yes,Yes,Yes,Yes,Month-to-month,Yes,Electronic check,110.1,1043.3,Yes,6-11,No,Yes,Yes,Yes,0,104.33
7176-WRTNX,Male,No,No,No,70,Yes,Yes,Fiber optic,Yes,Yes,Yes,Yes,Yes,Yes,Two year,Yes,Bank transfer (automatic),114.95,7711.25,No,60-72,No,No,No,Yes,0,110.16071428571428
0621-HJWXJ,Female,No,Yes,No,63,Yes,Yes,Fiber optic,No,Yes,No,No,No,No,Month-to-month,Yes,Bank transfer (automatic),81.55,5029.05,No,60-72,No,Yes,No,Yes,3,79.82619047619048
5019-GQVCR,Male,Yes,No,No,43,Yes,Yes,Fiber optic,No,No,No,No,Yes,No,Month-to-month,Yes,Electronic check,84.85,3645.6,No,36-47,No,Yes,Yes,Yes,4,84.78139534883721
1335-MXCSE,Male,No,Yes,Yes,55,Yes,No,DSL,No,No,Yes,Yes,No,No,Two year,Yes,Credit card (automatic),55.25,3119.9,No,48-59,No,No,No,No,2,56.72545454545455
0064-SUDOG,Female,No,Yes,Yes,12,Yes,No,No,No internet service,No internet service,No internet service,No internet service,No internet service,No internet service,Two year,No,Bank transfer (automatic),20.3,224.5,No,12-23,No,No,No,No,0,18.70833333333333
9924-JPRMC,Male,No,No,No,72,Yes,Yes,Fiber optic,Yes,Yes,Yes,Yes,Yes,Yes,Two year,Yes,Electronic check,118.2,8547.15,No,60-72,No,No,Yes,Yes,0,118.71041666666666
3192-LNKRK,Male,No,Yes,Yes,34,Yes,No,Fiber optic,No,No,Yes,No,Yes,No,Month-to-month,Yes,Mailed check,84.05,2909.95,No,24-35,No,Yes,No,Yes,3,85.58676470588235
5144-PQCDZ,Male,No,No,No,4,Yes,No,No,No internet service,No internet service,No internet service,No internet service,No internet service,No internet service,Month-to-month,Yes,Mailed check,19.95,59.25,No,0-5,No,Yes,No,No,0,14.8125
8642-GVWRF,Female,No,Yes,No,2,Yes,No,Fiber optic,No,Yes,Yes,No,No,No,Month-to-month,No,Bank transfer (automatic),79.7,165.0,Yes,0-5,Yes,Yes,No,Yes,2,82.5
6229-UOLQL,Male,No,Yes,Yes,56,No,No phone service,DSL,Yes,Yes,No,Yes,Yes,No,One year,Yes,Mailed check,52.0,2884.9,No,48-59,No,No,No,No,1,51.51607142857143
6281-FKEWS,Female,No,No,No,44,No,No phone service,DSL,No,No,Yes,No,Yes,Yes,One year,Yes,Electronic check,49.05,2265.0,No,36-47,No,No,Yes,No,3,51.47727272727273
8092-NLTGF,Male,No,No,No,72,Yes,Yes,No,No internet service,No internet service,No internet service,No internet service,No internet service,No internet service,Two year,No,Bank transfer (automatic),24.75,1777.6,No,60-72,No,No,No,No,0,24.688888888888886
0481-SUMCB,Female,Yes,No,No,45,Yes,Yes,Fiber optic,No,No,Yes,No,Yes,Yes,One year,Yes,Bank transfer (automatic),102.15,4735.35,No,36-47,No,No,No,Yes,3,105.23
9929-PLVPA,Female,No,No,Yes,4,Yes,No,No,No internet service,No internet service,No internet service,No internet service,No internet service,No internet service,Month-to-month,No,Credit card (automatic),20.4,94.5,No,0-5,No,Yes,No,No,0,23.625
8884-FEEWR,Male,No,No,No,35,Yes,No,No,No internet service,No internet service,No internet service,No internet service,No internet service,No internet service,One year,No,Bank transfer (automatic),20.6,754.0,No,24-35,No,No,No,No,0,21.542857142857144
1352-HNSAW,Female,No,Yes,Yes,72,Yes,Yes,Fiber optic,Yes,Yes,Yes,Yes,Yes,Yes,Two year,Yes,Bank transfer (automatic),115.6,8220.4,No,60-72,No,No,No,Yes,0,114.17222222222222
0259-GBZSH,Male,No,No,No,2,Yes,Yes,Fiber optic,No,No,No,No,Yes,No,Month-to-month,Yes,Electronic check,85.65,181.5,Yes,0-5,Yes,Yes,Yes,Yes,4,90.75
4859-ZSRDZ,Female,No,Yes,Yes,58,No,No phone service,DSL,No,No,Yes,Yes,Yes,Yes,Two year,Yes,Credit card (automatic),55.5,3166.9,No,48-59,No,No,No,No,2,54.60172413793104
7660-HDPJV,Female,No,No,No,1,Yes,No,Fiber optic,No,No,No,No,No,No,Month-to-month,Yes,Electronic check,69.2,69.2,Yes,0-5,Yes,Yes,Yes,Yes,4,69.2
4189-NAKJS,Male,No,No,No,26,Yes,Yes,DSL,No,No,No,No,No,No,One year,Yes,Credit card (automatic),51.55,1295.4,No,24-35,No,No,No,No,4,49.823076923076925
1183-CANVH,Female,No,Yes,No,23,Yes,No,DSL,No,No,No,Yes,Yes,No,One year,No,Bank transfer (automatic),60.0,1347.15,No,12-23,No,No,No,No,3,58.57173913043479
4707-YNOQA,Female,No,Yes,Yes,34,Yes,Yes,No,No internet service,No internet service,No internet service,No internet service,No internet service,No internet service,One year,Yes,Credit card (automatic),25.6,917.15,No,24-35,No,No,No,No,0,26.975
0613-WUXUM,Female,No,Yes,Yes,70,Yes,No,No,No internet service,No internet service,No internet service,No internet service,No internet service,No internet service,Two year,Yes,Mailed check,19.2,1401.4,No,60-72,No,No,No,No,0,20.02
1755-RMCXH,Male,No,Yes,Yes,2,Yes,No,No,No internet service,No internet service,No internet service,No internet service,No internet service,No internet service,Month-to-month,No,Mailed check,20.3,40.25,No,0-5,Yes,Yes,No,No,0,20.125
9646-NMHXE,Male,No,Yes,No,47,Yes,No,No,No internet service,No internet service,No internet service,No internet service,No internet service,No internet service,Two year,No,Mailed check,19.65,973.1,No,36-47,No,No,No,No,0,20.70425531914894
2696-ECXKC,Female,No,Yes,Yes,55,Yes,Yes,Fiber optic,Yes,No,No,No,Yes,Yes,One year,No,Mailed check,100.9,5448.6,No,48-59,No,No,No,Yes,3,99.06545454545456
1837-YQUCE,Female,No,No,No,70,No,No phone service,DSL,Yes,No,Yes,Yes,Yes,Yes,Two year,Yes,Bank transfer (automatic),58.35,4214.25,No,60-72,No,No,No,No,1,60.20357142857143
4900-MSOMT,Female,No,Yes,Yes,72,Yes,Yes,DSL,Yes,Yes,Yes,Yes,Yes,No,Two year,No,Bank transfer (automatic),80.2,5714.2,No,60-72,No,No,No,No,0,79.36388888888888
1877-HKBQX,Female,No,No,No,11,Yes,No,DSL,Yes,No,No,Yes,No,No,One year,Yes,Mailed check,54.6,617.85,No,6-11,No,No,No,No,2,56.16818181818182
3785-NRHYR,Male,No,No,No,1,Yes,No,No,No internet service,No internet service,No internet service,No internet service,No internet service,No internet service,Month-to-month,No,Mailed check,19.65,19.65,No,0-5,Yes,Yes,No,No,0,19.65
4003-OCTMP,Female,No,Yes,No,31,Yes,No,DSL,Yes,No,No,Yes,No,Yes,One year,Yes,Electronic check,64.0,1910.75,No,24-35,No,No,Yes,No,2,61.63709677419355
2685-SREOM,Female,No,Yes,Yes,25,Yes,Yes,Fiber optic,No,No,Yes,No,No,Yes,Month-to-month,Yes,Electronic check,89.1,2368.4,Yes,24-35,No,Yes,Yes,Yes,3,94.736
4646-QZXTF,Female,No,Yes,No,7,Yes,No,DSL,Yes,No,Yes,Yes,Yes,Yes,Month-to-month,No,Bank transfer (automatic),81.25,580.1,No,6-11,No,Yes,No,No,1,82.87142857142858
0825-CPPQH,Female,No,Yes,No,71,Yes,No,No,No internet service,No internet service,No internet service,No internet service,No internet service,No internet service,Two year,No,Credit card (automatic),19.1,1372.45,No,60-72,No,No,No,No,0,19.330281690140847
4603-JANFB,Male,No,No,No,1,Yes,No,Fiber optic,No,No,No,No,No,No,Month-to-month,Yes,Electronic check,69.85,69.85,Yes,0-5,Yes,Yes,Yes,Yes,4,69.85
1116-FRYVH,Female,No,Yes,Yes,48,No,No phone service,DSL,Yes,Yes,No,Yes,No,No,Two year,No,Mailed check,39.4,1978.65,No,48-59,No,No,No,No,1,41.221875
7706-DZNKK,Male,No,No,No,11,Yes,No,No,No internet service,No internet service,No internet service,No internet service,No internet service,No internet service,Month-to-month,Yes,Credit card (automatic),20.45,237.3,No,6-11,No,Yes,No,No,0,21.572727272727278
8992-JQYUN,Male,No,Yes,No,1,No,No phone service,DSL,No,No,Yes,No,Yes,Yes,Month-to-month,Yes,Electronic check,50.35,50.35,Yes,0-5,Yes,Yes,Yes,No,3,50.35
0743-HNPFG,Female,No,Yes,Yes,51,Yes,No,DSL,Yes,Yes,No,Yes,No,Yes,One year,Yes,Credit card (automatic),69.75,3562.5,No,48-59,No,No,No,No,1,69.8529411764706
7688-AWMDX,Male,No,Yes,No,71,Yes,No,DSL,Yes,No,No,Yes,No,No,Two year,No,Bank transfer (automatic),54.5,3778.2,No,60-72,No,No,No,No,2,53.21408450704225
1396-QWFBJ,Female,No,Yes,Yes,21,Yes,No,Fiber optic,No,Yes,No,No,No,No,Month-to-month,Yes,Bank transfer (automatic),74.05,1565.7,Yes,12-23,No,Yes,No,Yes,3,74.55714285714286
2573-GYRUU,Male,Yes,Yes,No,48,Yes,Yes,Fiber optic,No,No,Yes,No,No,Yes,Month-to-month,Yes,Credit card (automatic),91.05,4370.75,No,48-59,No,Yes,No,Yes,3,91.05729166666669
5150-LJNSR,Male,No,Yes,Yes,31,Yes,Yes,Fiber optic,Yes,No,Yes,No,Yes,No,One year,No,Bank transfer (automatic),98.05,3082.1,No,24-35,No,No,No,Yes,2,99.42258064516128
0396-YCHWO,Male,No,Yes,No,36,Yes,Yes,Fiber optic,No,No,No,No,Yes,Yes,Month-to-month,Yes,Electronic check,95.4,3474.2,No,36-47,No,Yes,Yes,Yes,4,96.50555555555556
4130-MZLCC,Female,No,No,No,5,Yes,No,DSL,No,Yes,No,No,No,No,Month-to-month,No,Bank transfer (automatic),50.55,244.75,No,0-5,No,Yes,No,No,3,48.95
2853-CWQFQ,Male,No,No,Yes,1,Yes,No,DSL,No,No,No,Yes,No,Yes,Month-to-month,Yes,Mailed check,59.55,59.55,No,0-5,Yes,Yes,No,No,3,59.55
7037-MTYVW,Male,No,Yes,Yes,38,Yes,Yes,DSL,Yes,No,Yes,Yes,Yes,Yes,Two year,Yes,Bank transfer (automatic),85.4,3297.0,No,36-47,No,No,No,No,1,86.76315789473684
5844-QVTAT,Female,No,Yes,Yes,33,Yes,No,DSL,Yes,Yes,Yes,No,No,No,One year,Yes,Mailed check,58.45,1955.4,No,24-35,No,No,No,No,1,59.25454545454546
0727-IWKVK,Male,No,Yes,No,9,Yes,No,Fiber optic,No,Yes,Yes,No,No,No,Month-to-month,Yes,Electronic check,79.9,741.7,Yes,6-11,No,Yes,Yes,Yes,2,82.41111111111111
0887-WBJVH,Female,No,Yes,No,53,Yes,No,Fiber optic,No,No,No,Yes,Yes,Yes,One year,Yes,Electronic check,93.45,4872.2,No,48-59,No,No,Yes,Yes,3,91.92830188679244
9039-ZVJDC,Male,No,No,No,3,Yes,No,No,No internet service,No internet service,No internet service,No internet service,No internet service,No internet service,Month-to-month,Yes,Mailed check,19.1,53.05,No,0-5,Yes,Yes,No,No,0,17.683333333333334
2379-ENZGV,Male,No,No,No,6,Yes,No,Fiber optic,No,Yes,No,No,Yes,No,Month-to-month,Yes,Electronic check,84.85,523.5,Yes,6-11,No,Yes,Yes,Yes,3,87.25
9845-QOMAD,Male,No,Yes,Yes,14,Yes,No,No,No internet service,No internet service,No internet service,No internet service,No internet service,No internet service,One year,No,Mailed check,19.75,309.35,No,12-23,No,No,No,No,0,22.09642857142857
8845-LWKGE,Female,No,Yes,Yes,30,Yes,No,DSL,No,No,Yes,Yes,Yes,No,One year,Yes,Electronic check,64.5,1985.15,No,24-35,No,No,Yes,No,2,66.17166666666667
7743-EXURX,Male,No,Yes,Yes,8,Yes,No,DSL,No,No,Yes,No,No,No,Month-to-month,Yes,Electronic check,51.05,415.05,Yes,6-11,No,Yes,Yes,No,3,51.88125
3701-SFMUH,Male,No,Yes,Yes,7,Yes,No,DSL,Yes,No,No,No,Yes,Yes,Month-to-month,No,Credit card (automatic),69.7,516.15,No,6-11,No,Yes,No,No,3,73.73571428571428
9057-MSWCO,Male,Yes,Yes,No,27,No,No phone service,DSL,Yes,No,No,No,No,No,Month-to-month,No,Credit card (automatic),30.75,805.1,Yes,24-35,No,Yes,No,No,3,29.81851851851852
8608-OZTLB,Male,No,Yes,Yes,38,Yes,No,DSL,Yes,Yes,Yes,Yes,Yes,No,One year,No,Electronic check,74.05,2802.3,No,36-47,No,No,Yes,No,0,73.74473684210527
6614-VBEGU,Female,No,Yes,No,24,Yes,No,DSL,No,Yes,No,No,Yes,Yes,Month-to-month,Yes,Bank transfer (automatic),69.45,1614.05,No,24-35,No,Yes,No,No,3,67.25208333333333
6231-WFGFH,Male,No,Yes,Yes,4,Yes,No,No,No internet service,No internet service,No internet service,No internet service,No internet service,No internet service,Month-to-month,Yes,Mailed check,20.5,77.6,No,0-5,No,Yes,No,No,0,19.4
3247-ZVOUO,Male,Yes,Yes,No,10,Yes,Yes,Fiber optic,No,No,No,No,No,Yes,Month-to-month,No,Electronic check,85.55,851.75,Yes,6-11,No,Yes,Yes,Yes,4,85.175
3126-WQMGH,Female,No,Yes,No,49,Yes,Yes,DSL,No,No,No,No,No,No,Month-to-month,Yes,Credit card (automatic),52.15,2583.75,No,48-59,No,Yes,No,No,4,52.72959183673469
8859-DZTGQ,Male,No,No,No,33,Yes,No,No,No internet service,No internet service,No internet service,No internet service,No internet service,No internet service,Two year,No,Mailed check,20.35,689.75,No,24-35,No,No,No,No,0,20.901515151515152
7881-EVUAD,Female,No,No,No,2,No,No phone service,DSL,Yes,Yes,No,No,No,Yes,Month-to-month,Yes,Electronic check,42.6,72.4,Yes,0-5,Yes,Yes,Yes,No,2,36.2
8746-BFOAJ,Male,Yes,No,No,21,Yes,No,No,No internet service,No internet service,No internet service,No internet service,No internet service,No internet service,One year,No,Bank transfer (automatic),20.5,429.55,No,12-23,No,No,No,No,0,20.454761904761902
1094-BKOSX,Female,No,Yes,Yes,45,No,No phone service,DSL,No,Yes,Yes,Yes,No,Yes,One year,No,Bank transfer (automatic),51.0,2264.5,No,36-47,No,No,No,No,1,50.32222222222222
4063-EIKNQ,Male,No,Yes,Yes,11,Yes,No,No,No internet service,No internet service,No internet service,No internet service,No internet service,No internet service,Month-to-month,No,Bank transfer (automatic),20.95,267.35,No,6-11,No,Yes,No,No,0,24.30454545454546
3001-CBHLQ,Male,Yes,Yes,No,32,Yes,Yes,Fiber optic,No,No,Yes,Yes,Yes,Yes,Month-to-month,Yes,Electronic check,104.9,3351.55,Yes,24-35,No,Yes,Yes,Yes,2,104.7359375
6024-RUGGH,Male,No,Yes,Yes,72,Yes,Yes,No,No internet service,No internet service,No internet service,No internet service,No internet service,No internet service,Two year,Yes,Bank transfer (automatic),25.2,1798.9,No,60-72,No,No,No,No,0,24.984722222222224
1527-SXDPN,Male,No,Yes,Yes,52,Yes,Yes,Fiber optic,No,No,Yes,Yes,No,Yes,Two year,Yes,Bank transfer (automatic),96.25,4990.25,Yes,48-59,No,No,No,Yes,2,95.96634615384616
1573-LGXBA,Male,No,Yes,Yes,57,Yes,No,Fiber optic,No,Yes,Yes,No,Yes,Yes,One year,Yes,Credit card (automatic),97.55,5598.0,No,48-59,No,No,No,Yes,2,98.21052631578948
1658-XUHBX,Female,Yes,Yes,Yes,59,Yes,Yes,Fiber optic,No,No,Yes,No,No,Yes,Month-to-month,Yes,Credit card (automatic),88.75,5348.65,No,48-59,No,Yes,No,Yes,3,90.65508474576272
6194-HBGQN,Male,No,No,No,51,Yes,Yes,DSL,Yes,Yes,Yes,Yes,Yes,No,One year,Yes,Credit card (automatic),81.15,4126.2,No,48-59,No,No,No,No,0,80.90588235294118
5208-HFSBT,Female,No,No,No,2,Yes,No,DSL,No,Yes,No,Yes,No,No,Month-to-month,Yes,Credit card (automatic),55.05,102.75,Yes,0-5,Yes,Yes,No,No,2,51.375
2266-FUBDZ,Male,No,Yes,Yes,15,Yes,No,No,No internet service,No internet service,No internet service,No internet service,No internet service,No internet service,Two year,No,Mailed check,19.35,278.85,No,12-23,No,No,No,No,0,18.59
9776-CLUJA,Female,Yes,Yes,No,51,Yes,Yes,Fiber optic,Yes,No,No,No,No,No,Month-to-month,Yes,Electronic check,77.5,3807.35,Yes,48-59,No,Yes,Yes,Yes,3,74.65392156862745
7629-WFGLW,Female,Yes,Yes,No,56,Yes,Yes,Fiber optic,Yes,Yes,Yes,Yes,No,No,One year,No,Electronic check,95.65,5471.75,No,48-59,No,No,Yes,Yes,0,97.70982142857144
1563-IWQEX,Female,No,No,No,12,Yes,No,No,No internet service,No internet service,No internet service,No internet service,No internet service,No internet service,Month-to-month,No,Mailed check,19.7,220.35,No,12-23,No,Yes,No,No,0,18.3625
7134-HBPBS,Female,Yes,No,No,72,Yes,Yes,Fiber optic,No,Yes,Yes,Yes,Yes,Yes,Two year,Yes,Bank transfer (automatic),108.1,7774.05,No,60-72,No,No,No,Yes,1,107.97291666666666
8040-MNRTF,Female,No,No,No,1,Yes,No,Fiber optic,No,No,No,No,No,No,Month-to-month,No,Mailed check,71.1,71.1,No,0-5,Yes,Yes,No,Yes,4,71.1
9350-ZXYJC,Female,No,No,No,4,Yes,Yes,No,No internet service,No internet service,No internet service,No internet service,No internet service,No internet service,Two year,Yes,Credit card (automatic),25.3,116.95,No,0-5,No,No,No,No,0,29.2375
9415-DPEWS,Female,No,No,No,18,Yes,Yes,Fiber optic,No,No,No,Yes,Yes,No,Month-to-month,Yes,Electronic check,88.35,1639.3,Yes,12-23,No,Yes,Yes,Yes,3,91.07222222222222
4906-ZHGPK,Male,No,Yes,Yes,54,Yes,Yes,DSL,No,Yes,No,Yes,Yes,No,One year,Yes,Electronic check,70.7,3770.0,No,48-59,No,No,Yes,No,2,69.81481481481481
9739-JLPQJ,Female,No,Yes,Yes,72,Yes,Yes,Fiber optic,Yes,Yes,Yes,Yes,Yes,Yes,Two year,No,Credit card (automatic),117.5,8670.1,No,60-72,No,No,No,Yes,0,120.41805555555555
9689-PTNPG,Male,No,No,No,2,Yes,No,Fiber optic,No,No,No,No,Yes,No,Month-to-month,Yes,Electronic check,80.25,144.55,Yes,0-5,Yes,Yes,Yes,Yes,4,72.275
7845-URHJN,Female,No,Yes,No,8,Yes,No,No,No internet service,No internet service,No internet service,No internet service,No internet service,No internet service,Month-to-month,No,Bank transfer (automatic),20.15,156.25,Yes,6-11,No,Yes,No,No,0,19.53125
0362-ZBZWJ,Male,No,No,No,36,Yes,Yes,Fiber optic,No,No,No,No,No,Yes,Month-to-month,Yes,Electronic check,84.9,3067.2,Yes,36-47,No,Yes,Yes,Yes,4,85.19999999999999
8149-RSOUN,Female,No,No,No,1,Yes,Yes,Fiber optic,No,No,No,No,Yes,Yes,Month-to-month,Yes,Electronic check,93.85,93.85,Yes,0-5,Yes,Yes,Yes,Yes,4,93.85
5028-HTLJB,Male,Yes,No,No,1,Yes,No,No,No internet service,No internet service,No internet service,No internet service,No internet service,No internet service,Month-to-month,No,Mailed check,20.05,20.05,Yes,0-5,Yes,Yes,No,No,0,20.05
7783-YKGDV,Female,No,No,No,12,Yes,Yes,Fiber optic,Yes,Yes,Yes,No,No,Yes,Month-to-month,Yes,Bank transfer (automatic),99.7,1238.45,Yes,12-23,No,Yes,No,Yes,1,103.20416666666668
1427-VERSM,Female,No,Yes,No,56,Yes,No,Fiber optic,No,No,Yes,Yes,Yes,Yes,Month-to-month,Yes,Electronic check,98.7,5669.5,No,48-59,No,Yes,Yes,Yes,2,101.24107142857144
2982-IHMFT,Female,Yes,No,No,1,Yes,Yes,Fiber optic,No,No,No,No,No,No,Month-to-month,Yes,Mailed check,74.45,74.45,Yes,0-5,Yes,Yes,No,Yes,4,74.45
4994-OBRSZ,Male,No,No,Yes,14,Yes,No,DSL,Yes,Yes,Yes,Yes,No,Yes,Two year,No,Bank transfer (automatic),76.1,1054.8,No,12-23,No,No,No,No,0,75.34285714285714
7880-XSOJX,Male,No,No,No,4,No,No phone service,DSL,Yes,Yes,No,Yes,No,No,Month-to-month,No,Mailed check,42.4,146.4,No,0-5,No,Yes,No,No,1,36.6
4102-HLENU,Female,No,Yes,No,67,Yes,Yes,DSL,Yes,Yes,Yes,No,No,No,Two year,No,Mailed check,65.65,4322.85,No,60-72,No,No,No,No,1,64.52014925373135
4342-HFXWS,Female,No,Yes,Yes,48,Yes,No,DSL,Yes,No,Yes,Yes,Yes,No,One year,No,Bank transfer (automatic),69.7,3023.65,No,48-59,No,No,No,No,1,62.99270833333333
4990-ALDGW,Male,No,No,No,57,Yes,No,No,No internet service,No internet service,No internet service,No internet service,No internet service,No internet service,Two year,No,Mailed check,20.75,1118.8,No,48-59,No,No,No,No,0,19.628070175438594
2645-QTLMB,Male,No,No,No,7,Yes,No,Fiber optic,No,Yes,No,No,Yes,Yes,Month-to-month,Yes,Electronic check,94.25,669.0,Yes,6-11,No,Yes,Yes,Yes,3,95.57142857142856
5965-GGPRW,Male,No,Yes,Yes,72,Yes,Yes,Fiber optic,Yes,No,Yes,No,Yes,Yes,Two year,No,Bank transfer (automatic),105.25,7609.75,No,60-72,No,No,No,Yes,2,105.69097222222224
0345-XMMUG,Female,No,Yes,No,46,Yes,Yes,Fiber optic,No,Yes,Yes,Yes,Yes,Yes,Two year,Yes,Credit card (automatic),108.9,4854.3,No,36-47,No,No,No,Yes,1,105.52826086956522
4958-GZWIY,Male,No,Yes,Yes,7,Yes,No,DSL,No,No,Yes,No,No,No,Month-to-month,No,Electronic check,48.7,340.25,Yes,6-11,No,Yes,Yes,No,3,48.60714285714285
6585-WCEWR,Male,No,Yes,Yes,72,Yes,No,No,No internet service,No internet service,No internet service,No internet service,No internet service,No internet service,Two year,No,Electronic check,20.35,1354.4,No,60-72,No,No,Yes,No,0,18.811111111111117
2252-ISRNH,Male,No,Yes,Yes,9,Yes,Yes,Fiber optic,No,No,Yes,No,Yes,No,One year,Yes,Electronic check,90.35,767.9,No,6-11,No,No,Yes,Yes,3,85.32222222222222
9053-EJUNL,Male,No,No,No,41,Yes,Yes,Fiber optic,No,Yes,No,No,Yes,No,Month-to-month,Yes,Electronic check,89.2,3645.75,No,36-47,No,Yes,Yes,Yes,3,88.92073170731707
6114-TCFID,Female,No,No,No,29,No,No phone service,DSL,Yes,Yes,No,Yes,No,No,One year,No,Credit card (automatic),39.5,1082.75,No,24-35,No,No,No,No,1,37.33620689655172
3999-WRNGR,Female,No,Yes,Yes,60,No,No phone service,DSL,No,Yes,No,No,Yes,Yes,Month-to-month,Yes,Electronic check,49.75,3069.45,No,60-72,No,Yes,Yes,No,3,51.1575
9257-AZMTZ,Female,No,Yes,Yes,52,Yes,No,No,No internet service,No internet service,No internet service,No internet service,No internet service,No internet service,Two year,No,Bank transfer (automatic),20.1,1078.75,No,48-59,No,No,No,No,0,20.745192307692307
1066-JKSGK,Male,No,No,No,1,Yes,No,No,No internet service,No internet service,No internet service,No internet service,No internet service,No internet service,Month-to-month,No,Mailed check,20.15,20.15,Yes,0-5,Yes,Yes,No,No,0,20.15
1248-DYXUB,Male,No,Yes,Yes,52,Yes,Yes,No,No internet service,No internet service,No internet service,No internet service,No internet service,No internet service,Two year,No,Mailed check,24.8,1229.1,No,48-59,No,No,No,No,0,23.63653846153846
4718-DHSMV,Female,No,No,No,11,No,No phone service,DSL,No,No,No,No,Yes,No,Month-to-month,Yes,Mailed check,35.8,363.15,No,6-11,No,Yes,No,No,4,33.01363636363636
4013-TLDHQ,Male,No,No,No,19,Yes,No,Fiber optic,No,Yes,Yes,No,No,No,Month-to-month,Yes,Electronic check,78.25,1490.95,Yes,12-23,No,Yes,Yes,Yes,2,78.47105263157896
5091-HFAZW,Female,No,No,No,2,Yes,No,Fiber optic,Yes,Yes,No,No,Yes,No,Month-to-month,Yes,Electronic check,91.15,168.5,No,0-5,Yes,Yes,Yes,Yes,2,84.25
3945-GFWQL,Female,No,No,Yes,12,Yes,No,DSL,No,No,No,No,No,No,Month-to-month,Yes,Electronic check,44.55,480.6,Yes,12-23,No,Yes,Yes,No,4,40.05
5968-VXZLG,Male,No,No,No,2,Yes,No,DSL,No,No,No,No,No,No,Month-to-month,Yes,Bank transfer (automatic),46.6,87.9,No,0-5,Yes,Yes,No,No,4,43.95
0980-PVMRC,Female,No,Yes,Yes,40,No,No phone service,DSL,No,Yes,No,No,Yes,Yes,Month-to-month,Yes,Electronic check,50.85,2036.55,No,36-47,No,Yes,Yes,No,3,50.91375
3677-IYRBF,Female,Yes,No,No,2,No,No phone service,DSL,No,No,Yes,No,No,No,Month-to-month,Yes,Electronic check,30.4,78.65,Yes,0-5,Yes,Yes,Yes,No,3,39.325
6030-REHUX,Female,Yes,Yes,No,28,Yes,Yes,Fiber optic,No,Yes,Yes,Yes,Yes,Yes,Month-to-month,Yes,Electronic check,110.85,3204.4,No,24-35,No,Yes,Yes,Yes,1,114.44285714285716
7926-IJOOU,Male,No,No,No,1,Yes,No,No,No internet service,No internet service,No internet service,No internet service,No internet service,No internet service,Month-to-month,No,Credit card (automatic),19.3,19.3,No,0-5,Yes,Yes,No,No,0,19.3
1371-WEPDS,Male,Yes,Yes,No,40,Yes,No,DSL,No,No,No,No,No,Yes,One year,No,Electronic check,55.8,2283.3,No,36-47,No,No,Yes,No,4,57.0825
0107-YHINA,Male,No,No,Yes,1,Yes,Yes,Fiber optic,No,No,Yes,No,Yes,Yes,Month-to-month,Yes,Electronic check,99.75,99.75,Yes,0-5,Yes,Yes,Yes,Yes,3,99.75
5276-KQWHG,Female,Yes,No,No,2,Yes,No,Fiber optic,No,No,No,No,No,No,Month-to-month,Yes,Electronic check,69.6,131.65,Yes,0-5,Yes,Yes,Yes,Yes,4,65.825
2874-YXVVA,Female,No,No,No,34,Yes,No,Fiber optic,No,Yes,Yes,Yes,Yes,Yes,Month-to-month,Yes,Electronic check,105.1,3634.8,No,24-35,No,Yes,Yes,Yes,1,106.90588235294118
3569-VLDHH,Male,No,Yes,Yes,66,Yes,No,DSL,Yes,Yes,Yes,Yes,Yes,No,One year,Yes,Electronic check,75.1,5013.0,No,60-72,No,No,Yes,No,0,75.95454545454545
1891-FZYSA,Male,Yes,Yes,No,69,Yes,Yes,Fiber optic,No,Yes,No,No,Yes,No,Month-to-month,Yes,Electronic check,89.95,6143.15,Yes,60-72,No,Yes,Yes,Yes,3,89.03115942028985
0562-HKHML,Male,No,Yes,Yes,71,Yes,Yes,No,No internet service,No internet service,No internet service,No internet service,No internet service,No internet service,Two year,No,Credit card (automatic),23.9,1626.4,No,60-72,No,No,No,No,0,22.907042253521126
7989-VCQOH,Male,No,Yes,Yes,18,Yes,No,DSL,Yes,No,Yes,Yes,Yes,Yes,Month-to-month,No,Electronic check,83.25,1611.15,No,12-23,No,Yes,Yes,No,1,89.50833333333334
7989-CHGTL,Male,No,No,No,1,Yes,No,No,No internet service,No internet service,No internet service,No internet service,No internet service,No internet service,Month-to-month,Yes,Mailed check,19.6,19.6,Yes,0-5,Yes,Yes,No,No,0,19.6
9764-REAFF,Female,No,Yes,No,59,Yes,No,No,No internet service,No internet service,No internet service,No internet service,No internet service,No internet service,Two year,No,Bank transfer (automatic),18.4,1057.85,No,48-59,No,No,No,No,0,17.92966101694915
7470-DYNOE,Male,No,No,No,53,Yes,No,DSL,No,No,Yes,No,No,Yes,One year,Yes,Electronic check,61.1,3357.9,No,48-59,No,No,Yes,No,3,63.35660377358491
0820-FNRNX,Male,No,Yes,Yes,17,Yes,Yes,DSL,No,Yes,Yes,Yes,No,No,Month-to-month,Yes,Mailed check,66.7,1077.05,No,12-23,No,Yes,No,No,1,63.35588235294117
8976-OQHGT,Female,No,Yes,Yes,4,Yes,No,DSL,No,Yes,No,Yes,No,No,Month-to-month,No,Mailed check,56.5,235.1,Yes,0-5,No,Yes,No,No,2,58.775
3523-QRQLL,Female,No,Yes,Yes,22,Yes,No,DSL,No,Yes,No,No,Yes,Yes,One year,Yes,Bank transfer (automatic),69.5,1498.2,Yes,12-23,No,No,No,No,3,68.10000000000001
8681-ICONS,Male,No,Yes,Yes,29,Yes,No,No,No internet service,No internet service,No internet service,No internet service,No internet service,No internet service,Month-to-month,Yes,Mailed check,20.65,654.85,No,24-35,No,Yes,No,No,0,22.58103448275862
5902-WBLSE,Female,No,Yes,Yes,70,Yes,No,No,No internet service,No internet service,No internet service,No internet service,No internet service,No internet service,Two year,Yes,Credit card (automatic),20.15,1411.2,No,60-72,No,No,No,No,0,20.16
7402-PWYJJ,Female,No,Yes,No,53,Yes,Yes,Fiber optic,No,No,No,Yes,No,Yes,One year,Yes,Electronic check,91.15,4862.5,No,48-59,No,No,Yes,Yes,3,91.74528301886792
5959-BELXA,Male,Yes,No,No,32,Yes,Yes,Fiber optic,No,No,No,No,Yes,Yes,Month-to-month,Yes,Credit card (automatic),96.15,3019.25,Yes,24-35,No,Yes,No,Yes,4,94.3515625
0621-JFHOL,Female,No,No,No,10,No,No phone service,DSL,No,No,No,Yes,No,No,Two year,Yes,Mailed check,29.6,299.05,No,6-11,No,No,No,No,3,29.905
8395-ETZKQ,Male,Yes,Yes,Yes,68,Yes,No,No,No internet service,No internet service,No internet service,No internet service,No internet service,No internet service,One year,No,Bank transfer (automatic),19.5,1193.55,No,60-72,No,No,No,No,0,17.55220588235294
0277-ORXQS,Male,No,Yes,Yes,66,No,No phone service,DSL,No,No,No,Yes,Yes,Yes,Two year,No,Bank transfer (automatic),50.55,3364.55,No,60-72,No,No,No,No,3,50.97803030303031
0670-ANMUU,Male,No,No,No,71,Yes,Yes,Fiber optic,Yes,No,No,Yes,No,Yes,One year,No,Credit card (automatic),97.65,6687.85,No,60-72,No,No,No,Yes,2,94.1950704225352
1703-MGIAB,Female,No,No,No,17,Yes,Yes,DSL,No,No,Yes,Yes,Yes,No,Month-to-month,Yes,Mailed check,69.0,1108.0,No,12-23,No,Yes,No,No,2,65.17647058823529
0771-CHWSK,Male,No,No,No,66,Yes,Yes,DSL,Yes,Yes,Yes,No,No,Yes,Two year,Yes,Credit card (automatic),74.6,4798.4,No,60-72,No,No,No,No,1,72.7030303030303
8314-DPQHL,Male,No,No,No,9,No,No phone service,DSL,Yes,No,Yes,Yes,No,Yes,One year,No,Mailed check,50.8,463.6,No,6-11,No,No,No,No,1,51.51111111111111
9281-OFDMF,Male,Yes,No,No,39,Yes,Yes,Fiber optic,No,Yes,No,No,No,Yes,Month-to-month,No,Electronic check,90.7,3413.25,No,36-47,No,Yes,Yes,Yes,3,87.51923076923077
5285-MVEHD,Female,No,Yes,No,56,Yes,No,Fiber optic,Yes,Yes,Yes,No,Yes,Yes,One year,Yes,Credit card (automatic),105.6,6068.65,No,48-59,No,No,No,Yes,1,108.36875
3186-BAXNB,Female,No,No,No,1,Yes,No,Fiber optic,No,Yes,No,Yes,Yes,No,Month-to-month,No,Electronic check,91.7,91.7,Yes,0-5,Yes,Yes,Yes,Yes,2,91.7
4881-GQJTW,Male,No,No,No,14,Yes,No,No,No internet service,No internet service,No internet service,No internet service,No internet service,No internet service,Month-to-month,No,Credit card (automatic),19.6,300.4,No,12-23,No,Yes,No,No,0,21.457142857142856
9445-SZLCH,Female,No,Yes,Yes,36,Yes,Yes,Fiber optic,No,Yes,Yes,No,Yes,No,Month-to-month,Yes,Bank transfer (automatic),97.35,3457.9,Yes,36-47,No,Yes,No,Yes,2,96.05277777777778
7244-QWYHG,Male,No,Yes,No,50,No,No phone service,DSL,Yes,No,No,Yes,Yes,No,One year,Yes,Bank transfer (automatic),44.45,2188.45,No,48-59,No,No,No,No,2,43.769
0621-TSSMU,Male,No,Yes,No,56,Yes,No,No,No internet service,No internet service,No internet service,No internet service,No internet service,No internet service,One year,No,Credit card (automatic),19.95,1126.75,No,48-59,No,No,No,No,0,20.120535714285715
0899-WZRSD,Male,No,No,No,56,Yes,Yes,Fiber optic,Yes,No,No,Yes,Yes,Yes,Month-to-month,Yes,Mailed check,105.35,5794.45,No,48-59,No,Yes,No,Yes,2,103.47232142857142
9101-NTIXF,Male,No,No,No,2,Yes,No,No,No internet service,No internet service,No internet service,No internet service,No internet service,No internet service,Month-to-month,No,Mailed check,19.4,50.6,No,0-5,Yes,Yes,No,No,0,25.3
1899-VXWXM,Male,No,No,No,48,Yes,Yes,Fiber optic,No,Yes,Yes,No,Yes,Yes,One year,Yes,Credit card (automatic),106.1,5082.8,Yes,48-59,No,No,No,Yes,2,105.89166666666668
8565-CLBZW,Male,No,No,No,24,Yes,Yes,Fiber optic,No,No,Yes,No,Yes,No,Month-to-month,Yes,Mailed check,89.85,2165.05,Yes,24-35,No,Yes,No,Yes,3,90.21041666666667
3791-LGQCY,Female,Yes,Yes,No,56,Yes,Yes,Fiber optic,No,No,Yes,No,Yes,Yes,Month-to-month,Yes,Bank transfer (automatic),100.65,5688.05,Yes,48-59,No,Yes,No,Yes,3,101.57232142857144
0774-RMNUW,Female,No,Yes,Yes,71,No,No phone service,DSL,Yes,Yes,No,Yes,Yes,Yes,Two year,No,Bank transfer (automatic),59.7,4122.65,No,60-72,No,No,No,No,1,58.06549295774647
5843-TTHGI,Female,No,No,No,18,Yes,No,DSL,No,No,Yes,No,No,No,Month-to-month,Yes,Mailed check,50.0,892.7,No,12-23,No,Yes,No,No,3,49.59444444444445
2226-ICFDO,Female,No,Yes,Yes,72,Yes,Yes,DSL,Yes,No,Yes,Yes,Yes,Yes,Two year,Yes,Credit card (automatic),85.9,6110.75,No,60-72,No,No,No,No,1,84.87152777777777
7492-TAFJD,Male,No,Yes,Yes,7,No,No phone service,DSL,Yes,Yes,Yes,No,No,No,Two year,No,Mailed check,38.55,280.0,No,6-11,No,No,No,No,1,40.0
5568-DMXZS,Female,No,No,No,8,Yes,No,DSL,No,Yes,No,Yes,Yes,No,Month-to-month,Yes,Electronic check,65.45,554.45,No,6-11,No,Yes,Yes,No,2,69.30625
1091-SOZGA,Female,No,Yes,Yes,56,Yes,Yes,Fiber optic,No,No,Yes,No,Yes,Yes,One year,Yes,Credit card (automatic),99.8,5515.45,No,48-59,No,No,No,Yes,3,98.49017857142856
6986-IJDHX,Male,No,Yes,Yes,39,Yes,No,Fiber optic,No,Yes,No,No,Yes,No,Month-to-month,Yes,Mailed check,86.3,3266.0,Yes,36-47,No,Yes,No,Yes,3,83.74358974358974
7634-HLQJR,Female,No,Yes,Yes,47,Yes,No,No,No internet service,No internet service,No internet service,No internet service,No internet service,No internet service,Two year,No,Credit card (automatic),20.05,1016.7,No,36-47,No,No,No,No,0,21.631914893617022
4482-FTFFX,Male,No,No,No,5,Yes,No,DSL,No,No,Yes,Yes,No,No,Month-to-month,No,Electronic check,56.15,291.45,No,0-5,No,Yes,Yes,No,2,58.29
6648-INWPS,Male,No,Yes,Yes,16,Yes,No,No,No internet service,No internet service,No internet service,No internet service,No internet service,No internet service,Month-to-month,No,Electronic check,20.15,341.35,No,12-23,No,Yes,Yes,No,0,21.334375
9025-ZRPVR,Male,No,No,No,9,Yes,No,No,No internet service,No internet service,No internet service,No internet service,No internet service,No internet service,Month-to-month,Yes,Mailed check,18.95,185.6,Yes,6-11,No,Yes,No,No,0,20.62222222222222
1156-ZFYDO,Female,No,No,No,1,Yes,No,No,No internet service,No internet service,No internet service,No internet service,No internet service,No internet service,Month-to-month,No,Electronic check,19.75,19.75,No,0-5,Yes,Yes,Yes,No,0,19.75
0719-SYFRB,Female,No,No,No,12,Yes,Yes,DSL,Yes,No,Yes,Yes,No,No,Month-to-month,Yes,Mailed check,61.65,713.75,Yes,12-23,No,Yes,No,No,1,59.47916666666666
8398-TBIYD,Female,No,No,No,72,Yes,Yes,Fiber optic,Yes,No,No,Yes,No,No,Two year,Yes,Bank transfer (automatic),84.7,6185.15,No,60-72,No,No,No,Yes,2,85.9048611111111
4220-TINQT,Female,No,Yes,No,61,Yes,Yes,Fiber optic,No,No,Yes,Yes,Yes,Yes,Month-to-month,Yes,Electronic check,106.35,6751.35,No,60-72,No,Yes,Yes,Yes,2,110.67786885245904
6543-JXSOO,Female,No,Yes,Yes,23,Yes,No,DSL,Yes,Yes,No,Yes,No,No,One year,Yes,Mailed check,57.75,1282.85,No,12-23,No,No,No,No,1,55.77608695652174
7321-PKUYW,Female,No,No,No,11,Yes,Yes,Fiber optic,No,No,No,Yes,Yes,No,Month-to-month,No,Electronic check,90.15,987.95,Yes,6-11,No,Yes,Yes,Yes,3,89.81363636363636
4462-CYWMH,Male,Yes,Yes,No,62,Yes,Yes,Fiber optic,No,Yes,No,No,No,Yes,Month-to-month,Yes,Bank transfer (automatic),89.8,5629.55,No,60-72,No,Yes,No,Yes,3,90.7991935483871
7175-NTIXE,Female,No,No,No,25,Yes,No,DSL,Yes,No,No,Yes,Yes,Yes,Month-to-month,Yes,Credit card (automatic),76.15,1992.95,No,24-35,No,Yes,No,No,2,79.718
3969-GYXEL,Female,No,No,No,11,Yes,No,Fiber optic,Yes,No,No,No,No,No,Month-to-month,No,Electronic check,76.4,838.7,No,6-11,No,Yes,Yes,Yes,3,76.24545454545455
4501-EQDRN,Female,No,No,No,1,Yes,No,Fiber optic,No,No,No,No,No,No,Month-to-month,No,Bank transfer (automatic),69.7,69.7,Yes,0-5,Yes,Yes,No,Yes,4,69.7
4808-YNLEU,Female,No,Yes,No,35,Yes,No,DSL,Yes,No,No,No,Yes,No,One year,Yes,Bank transfer (automatic),62.15,2215.45,No,24-35,No,No,No,No,3,63.29857142857142
6810-VCAEX,Female,No,No,No,47,No,No phone service,DSL,Yes,Yes,No,Yes,No,No,One year,No,Credit card (automatic),39.65,1798.65,No,36-47,No,No,No,No,1,38.26914893617022
3096-GKWEB,Male,No,Yes,No,18,Yes,Yes,Fiber optic,No,No,No,No,Yes,Yes,Month-to-month,Yes,Electronic check,94.75,1691.9,No,12-23,No,Yes,Yes,Yes,4,93.99444444444444
9488-HGMJH,Female,Yes,No,No,1,Yes,No,Fiber optic,No,No,No,No,No,No,Month-to-month,Yes,Electronic check,71.15,71.15,Yes,0-5,Yes,Yes,Yes,Yes,4,71.15
2586-CWXVV,Male,No,Yes,No,54,No,No phone service,DSL,No,Yes,No,No,No,No,Month-to-month,No,Electronic check,30.4,1621.35,No,48-59,No,Yes,Yes,No,3,30.025
9494-MRNYX,Male,No,No,No,10,Yes,Yes,Fiber optic,No,No,No,No,No,No,Month-to-month,No,Electronic check,75.05,786.3,No,6-11,No,Yes,Yes,Yes,4,78.63
2364-UFROM,Male,No,No,No,30,Yes,No,DSL,Yes,Yes,No,Yes,Yes,No,One year,No,Electronic check,70.4,2044.75,No,24-35,No,No,Yes,No,1,68.15833333333333
9530-EHPOH,Male,No,No,No,11,Yes,Yes,DSL,No,No,Yes,No,No,No,Month-to-month,No,Electronic check,53.75,608.0,Yes,6-11,No,Yes,Yes,No,3,55.27272727272727
3486-HOOGQ,Female,No,Yes,Yes,70,Yes,Yes,DSL,Yes,Yes,Yes,Yes,Yes,No,Two year,No,Bank transfer (automatic),79.7,5743.3,No,60-72,No,No,No,No,0,82.04714285714286
6918-UMQCG,Female,No,No,No,5,Yes,No,Fiber optic,No,No,No,No,Yes,No,Month-to-month,No,Electronic check,80.2,384.25,No,0-5,No,Yes,Yes,Yes,4,76.85
0078-XZMHT,Male,No,Yes,No,72,Yes,Yes,DSL,No,Yes,Yes,Yes,Yes,Yes,Two year,Yes,Bank transfer (automatic),85.15,6316.2,No,60-72,No,No,No,No,1,87.725
4012-YCFAI,Male,No,Yes,No,60,Yes,No,DSL,Yes,Yes,No,Yes,No,No,Two year,Yes,Mailed check,61.35,3766.2,No,60-72,No,No,No,No,1,62.77
5919-VCZYM,Male,No,No,No,2,Yes,No,No,No internet service,No internet service,No internet service,No internet service,No internet service,No internet service,Month-to-month,No,Mailed check,20.05,42.7,No,0-5,Yes,Yes,No,No,0,21.35
4712-AUQZO,Male,No,No,No,18,No,No phone service,DSL,Yes,No,Yes,No,No,No,Month-to-month,No,Mailed check,33.6,550.35,No,12-23,No,Yes,No,No,2,30.575000000000003
3363-DTIVD,Male,No,Yes,Yes,71,Yes,Yes,Fiber optic,Yes,No,Yes,No,Yes,Yes,Two year,No,Electronic check,105.55,7405.5,No,60-72,No,No,Yes,Yes,2,104.30281690140843
6746-WAUWT,Male,No,No,No,19,Yes,No,No,No internet service,No internet service,No internet service,No internet service,No internet service,No internet service,One year,Yes,Credit card (automatic),19.7,386.5,No,12-23,No,No,No,No,0,20.34210526315789
6486-LHTMA,Female,Yes,Yes,No,31,Yes,Yes,Fiber optic,No,No,Yes,No,Yes,No,One year,Yes,Electronic check,90.7,2835.5,No,24-35,No,No,Yes,Yes,3,91.46774193548389
4312-GVYNH,Female,No,Yes,No,70,No,No phone service,DSL,Yes,No,Yes,Yes,No,Yes,Two year,Yes,Bank transfer (automatic),49.85,3370.2,No,60-72,No,No,No,No,1,48.14571428571429
7596-LDUXP,Female,No,No,No,12,Yes,No,Fiber optic,Yes,No,No,No,Yes,No,One year,Yes,Credit card (automatic),85.15,979.05,No,12-23,No,No,No,Yes,3,81.58749999999999
0567-GGCAC,Female,No,No,No,7,Yes,No,DSL,Yes,Yes,Yes,No,No,No,Month-to-month,No,Electronic check,61.4,438.9,No,6-11,No,Yes,Yes,No,1,62.7
9170-CCKOU,Male,No,Yes,No,17,Yes,Yes,Fiber optic,Yes,Yes,Yes,No,No,No,Month-to-month,No,Credit card (automatic),90.2,1454.15,Yes,12-23,No,Yes,No,Yes,1,85.53823529411765
7234-FECYN,Female,Yes,No,No,8,Yes,Yes,Fiber optic,No,No,Yes,No,Yes,Yes,Month-to-month,No,Electronic check,101.35,780.5,Yes,6-11,No,Yes,Yes,Yes,3,97.5625
4109-CYRBD,Male,Yes,Yes,No,29,Yes,Yes,DSL,No,No,No,No,No,No,Month-to-month,Yes,Electronic check,51.6,1442.0,No,24-35,No,Yes,Yes,No,4,49.72413793103448
9818-XQCUV,Female,No,No,No,2,Yes,No,No,No internet service,No internet service,No internet service,No internet service,No internet service,No internet service,Month-to-month,No,Mailed check,20.35,45.3,No,0-5,Yes,Yes,No,No,0,22.65
1678-FYZOW,Female,No,No,No,3,Yes,No,Fiber optic,No,No,No,No,Yes,No,Month-to-month,Yes,Electronic check,79.4,244.65,Yes,0-5,Yes,Yes,Yes,Yes,4,81.55
7402-EYFXX,Male,Yes,No,No,26,Yes,Yes,Fiber optic,No,No,No,No,Yes,Yes,Month-to-month,Yes,Electronic check,93.6,2404.1,No,24-35,No,Yes,Yes,Yes,4,92.4653846153846
5795-KTGUD,Female,No,Yes,No,68,Yes,Yes,Fiber optic,Yes,Yes,Yes,No,Yes,Yes,Two year,Yes,Bank transfer (automatic),110.8,7553.6,No,60-72,No,No,No,Yes,1,111.08235294117648
0187-WZNAB,Female,No,Yes,Yes,27,Yes,No,Fiber optic,Yes,No,No,No,No,No,Month-to-month,No,Mailed check,74.4,1972.35,No,24-35,No,Yes,No,Yes,3,73.05
6439-PKTRR,Female,No,Yes,Yes,70,Yes,Yes,DSL,Yes,Yes,Yes,Yes,Yes,No,Two year,No,Electronic check,80.7,5617.95,No,60-72,No,No,Yes,No,0,80.25642857142857
0739-UUAJR,Female,No,Yes,Yes,72,No,No phone service,DSL,Yes,No,Yes,No,Yes,Yes,Two year,Yes,Credit card (automatic),53.8,3952.45,No,60-72,No,No,No,No,2,54.89513888888889
7244-KXYZN,Female,No,No,No,24,Yes,No,No,No internet service,No internet service,No internet service,No internet service,No internet service,No internet service,One year,No,Credit card (automatic),20.45,527.35,No,24-35,No,No,No,No,0,21.972916666666663
3137-NYQQI,Male,No,Yes,No,17,Yes,No,DSL,Yes,Yes,No,No,No,Yes,One year,No,Mailed check,64.8,1175.6,No,12-23,No,No,No,No,2,69.15294117647058
5622-UEJFI,Female,No,Yes,Yes,35,Yes,Yes,No,No internet service,No internet service,No internet service,No internet service,No internet service,No internet service,Two year,Yes,Credit card (automatic),25.4,949.8,No,24-35,No,No,No,No,0,27.13714285714285
7008-LZVOZ,Male,No,Yes,Yes,66,Yes,Yes,No,No internet service,No internet service,No internet service,No internet service,No internet service,No internet service,Two year,Yes,Credit card (automatic),25.3,1672.35,No,60-72,No,No,No,No,0,25.33863636363636
6928-ONTRW,Female,No,Yes,Yes,72,Yes,No,No,No internet service,No internet service,No internet service,No internet service,No internet service,No internet service,Two year,No,Credit card (automatic),19.7,1379.8,No,60-72,No,No,No,No,0,19.163888888888888
8532-UEFWH,Male,No,Yes,Yes,52,Yes,Yes,No,No internet service,No internet service,No internet service,No internet service,No internet service,No internet service,Two year,No,Mailed check,25.75,1345.85,No,48-59,No,No,No,No,0,25.881730769230767
4395-PZMSN,Male,Yes,No,No,5,Yes,No,Fiber optic,No,Yes,No,No,No,Yes,Month-to-month,Yes,Electronic check,85.55,408.5,No,0-5,No,Yes,Yes,Yes,3,81.7
2072-ZVJJX,Male,No,Yes,No,68,Yes,Yes,No,No internet service,No internet service,No internet service,No internet service,No internet service,No internet service,Two year,No,Bank transfer (automatic),25.25,1728.2,No,60-72,No,No,No,No,0,25.41470588235294
8859-AXJZP,Male,No,Yes,Yes,39,Yes,Yes,No,No internet service,No internet service,No internet service,No internet service,No internet service,No internet service,Two year,Yes,Mailed check,23.8,903.8,No,36-47,No,No,No,No,0,23.174358974358974
1015-OWJKI,Male,No,No,No,1,Yes,No,No,No internet service,No internet service,No internet service,No internet service,No internet service,No internet service,Month-to-month,No,Mailed check,19.05,19.05,No,0-5,Yes,Yes,No,No,0,19.05
7976-CICYS,Male,No,No,No,4,Yes,No,No,No internet service,No internet service,No internet service,No internet service,No internet service,No internet service,Month-to-month,Yes,Credit card (automatic),20.7,83.75,No,0-5,No,Yes,No,No,0,20.9375
3565-UNOCC,Female,Yes,Yes,No,29,Yes,Yes,Fiber optic,No,No,Yes,No,Yes,Yes,Month-to-month,Yes,Bank transfer (automatic),99.05,2952.85,Yes,24-35,No,Yes,No,Yes,3,101.82241379310344
5056-FIMPT,Female,No,No,Yes,43,Yes,No,Fiber optic,Yes,Yes,No,Yes,Yes,Yes,One year,Yes,Credit card (automatic),106.0,4532.3,No,36-47,No,No,No,Yes,1,105.40232558139536
8229-BUJHX,Female,No,Yes,Yes,71,Yes,No,No,No internet service,No internet service,No internet service,No internet service,No internet service,No internet service,Two year,No,Bank transfer (automatic),20.5,1500.95,No,60-72,No,No,No,No,0,21.140140845070423
4957-TIALW,Female,No,No,Yes,15,Yes,No,DSL,Yes,Yes,Yes,Yes,No,No,One year,No,Credit card (automatic),65.6,1010.0,No,12-23,No,No,No,No,0,67.33333333333333
4080-OGPJL,Female,No,No,No,8,Yes,Yes,DSL,Yes,No,No,Yes,No,Yes,Month-to-month,No,Electronic check,71.15,563.65,Yes,6-11,No,Yes,Yes,No,2,70.45625
5893-KCLGT,Female,No,No,Yes,72,Yes,No,No,No internet service,No internet service,No internet service,No internet service,No internet service,No internet service,Two year,Yes,Mailed check,19.75,1567.0,No,60-72,No,No,No,No,0,21.76388888888889
2851-STERV,Male,Yes,No,No,35,Yes,No,DSL,No,No,Yes,Yes,Yes,Yes,One year,Yes,Electronic check,73.0,2471.25,No,24-35,No,No,Yes,No,2,70.60714285714286
4459-BBGHE,Male,No,No,Yes,30,No,No phone service,DSL,No,No,No,No,Yes,Yes,Month-to-month,Yes,Electronic check,44.5,1307.8,No,24-35,No,Yes,Yes,No,4,43.59333333333333
7665-NKLAV,Female,No,Yes,Yes,36,No,No phone service,DSL,Yes,No,Yes,Yes,No,No,Two year,No,Credit card (automatic),40.65,1547.35,No,36-47,No,No,No,No,1,42.98194444444445
5256-SKJGO,Female,No,Yes,Yes,64,No,No phone service,DSL,No,Yes,No,Yes,Yes,Yes,Two year,Yes,Electronic check,54.6,3423.5,No,60-72,No,No,Yes,No,2,53.4921875
9350-VLHMB,Male,No,Yes,Yes,67,Yes,Yes,Fiber optic,No,Yes,No,No,No,Yes,Month-to-month,Yes,Bank transfer (automatic),89.55,6373.1,No,60-72,No,Yes,No,Yes,3,95.12089552238808
7765-LWVVH,Female,No,Yes,Yes,72,Yes,Yes,Fiber optic,Yes,Yes,No,No,Yes,No,Two year,Yes,Electronic check,95.1,6843.15,No,60-72,No,No,Yes,Yes,2,95.04375
3190-XFANI,Male,No,No,Yes,49,Yes,Yes,Fiber optic,No,No,No,Yes,Yes,Yes,One year,Yes,Bank transfer (automatic),100.6,5069.65,Yes,48-59,No,No,No,Yes,3,103.46224489795918
9548-LIGTA,Male,No,Yes,No,61,Yes,No,DSL,Yes,Yes,No,Yes,Yes,Yes,Two year,Yes,Mailed check,81.05,4747.65,No,60-72,No,No,No,No,1,77.83032786885245
9696-RMYBA,Male,No,No,No,5,Yes,No,Fiber optic,No,No,No,No,Yes,No,Month-to-month,Yes,Mailed check,80.1,398.55,No,0-5,No,Yes,No,Yes,4,79.71000000000001
2215-ZAFGX,Male,No,No,No,9,Yes,Yes,Fiber optic,No,No,No,No,Yes,No,Month-to-month,Yes,Electronic check,85.5,791.7,No,6-11,No,Yes,Yes,Yes,4,87.96666666666667
3128-YOVTD,Female,No,Yes,Yes,51,Yes,No,Fiber optic,Yes,Yes,No,No,No,No,Month-to-month,Yes,Bank transfer (automatic),79.15,4018.55,No,48-59,No,Yes,No,Yes,2,78.79509803921569
4877-EVATK,Male,No,No,No,1,Yes,No,No,No internet service,No internet service,No internet service,No internet service,No internet service,No internet service,Month-to-month,No,Mailed check,20.0,20.0,Yes,0-5,Yes,Yes,No,No,0,20.0
5180-UCIIQ,Male,Yes,Yes,Yes,22,No,No phone service,DSL,Yes,No,No,No,No,Yes,Month-to-month,No,Mailed check,40.05,880.2,Yes,12-23,No,Yes,No,No,3,40.00909090909091
3230-WYKIR,Male,No,No,No,18,Yes,Yes,DSL,No,No,Yes,Yes,Yes,Yes,One year,Yes,Credit card (automatic),82.0,1425.45,Yes,12-23,No,No,No,No,2,79.19166666666666
2359-KMGLI,Male,No,No,No,24,Yes,Yes,Fiber optic,No,Yes,No,No,No,No,Month-to-month,Yes,Electronic check,80.25,1861.5,Yes,24-35,No,Yes,Yes,Yes,3,77.5625
9172-JITSM,Female,No,Yes,Yes,26,Yes,No,Fiber optic,No,No,No,No,Yes,Yes,Month-to-month,Yes,Electronic check,90.8,2361.8,Yes,24-35,No,Yes,Yes,Yes,4,90.83846153846154
5651-WYIPH,Female,Yes,No,No,18,Yes,No,DSL,No,Yes,No,No,No,No,Month-to-month,Yes,Credit card (automatic),49.85,865.75,No,12-23,No,Yes,No,No,3,48.09722222222222
0603-TPMIB,Female,No,Yes,Yes,59,Yes,Yes,No,No internet service,No internet service,No internet service,No internet service,No internet service,No internet service,Two year,No,Mailed check,25.45,1534.05,No,48-59,No,No,No,No,0,26.00084745762712
3389-YGYAI,Female,Yes,No,No,8,Yes,Yes,Fiber optic,No,Yes,Yes,No,Yes,Yes,Month-to-month,Yes,Electronic check,105.5,829.55,Yes,6-11,No,Yes,Yes,Yes,2,103.69375
8676-OOQEJ,Male,No,No,No,4,No,No phone service,DSL,No,No,No,Yes,No,No,Month-to-month,No,Electronic check,30.5,118.4,No,0-5,No,Yes,Yes,No,3,29.6
7975-JMZNT,Male,No,Yes,No,66,Yes,Yes,DSL,Yes,Yes,Yes,Yes,Yes,Yes,Two year,No,Bank transfer (automatic),91.7,6075.9,No,60-72,No,No,No,No,0,92.0590909090909
6907-FLBER,Male,No,No,No,1,Yes,Yes,DSL,No,Yes,No,No,No,No,Month-to-month,No,Electronic check,54.3,54.3,No,0-5,Yes,Yes,Yes,No,3,54.3
2612-RRIDN,Male,No,No,No,4,Yes,No,Fiber optic,No,No,No,No,Yes,No,Month-to-month,Yes,Electronic check,81.0,340.85,Yes,0-5,No,Yes,Yes,Yes,4,85.2125
8200-LGKSR,Male,No,Yes,No,71,Yes,Yes,DSL,Yes,No,Yes,Yes,Yes,Yes,Two year,No,Electronic check,83.2,6126.1,No,60-72,No,No,Yes,No,1,86.2830985915493
8563-OYMQY,Male,No,No,No,17,Yes,No,Fiber optic,No,Yes,Yes,No,No,Yes,Month-to-month,Yes,Credit card (automatic),90.95,1612.2,No,12-23,No,Yes,No,Yes,2,94.83529411764708
0815-MFZGM,Female,No,Yes,No,42,Yes,No,Fiber optic,No,No,Yes,Yes,Yes,Yes,Two year,Yes,Credit card (automatic),99.0,4135.0,No,36-47,No,No,No,Yes,2,98.45238095238096
3793-MMFUH,Female,Yes,No,No,13,Yes,Yes,Fiber optic,No,No,No,No,Yes,Yes,Month-to-month,Yes,Electronic check,95.05,1290.0,Yes,12-23,No,Yes,Yes,Yes,4,99.23076923076924
4609-KNNWG,Female,No,Yes,Yes,27,Yes,No,No,No internet service,No internet service,No internet service,No internet service,No internet service,No internet service,Two year,No,Mailed check,19.9,550.1,No,24-35,No,No,No,No,0,20.374074074074077
3961-SXAXY,Male,No,No,No,1,Yes,No,DSL,No,No,No,No,No,No,Month-to-month,Yes,Bank transfer (automatic),44.05,44.05,No,0-5,Yes,Yes,No,No,4,44.05
7508-DQAKK,Female,No,No,No,64,Yes,Yes,DSL,Yes,Yes,Yes,Yes,Yes,Yes,Two year,Yes,Credit card (automatic),86.4,5442.05,No,60-72,No,No,No,No,0,85.03203125
4704-ERYFC,Female,No,Yes,No,22,Yes,No,Fiber optic,No,No,No,No,No,No,Month-to-month,Yes,Electronic check,69.25,1554.0,Yes,12-23,No,Yes,Yes,Yes,4,70.63636363636364
3669-LVWZB,Male,No,No,No,5,No,No phone service,DSL,No,Yes,No,No,Yes,Yes,Month-to-month,Yes,Mailed check,51.0,305.95,Yes,0-5,No,Yes,No,No,3,61.19
3863-IUBJR,Male,No,Yes,Yes,12,Yes,No,DSL,No,No,No,No,No,Yes,One year,No,Credit card (automatic),53.65,696.35,Yes,12-23,No,No,No,No,4,58.02916666666667
9385-EHGDO,Female,No,Yes,Yes,35,Yes,No,No,No internet service,No internet service,No internet service,No internet service,No internet service,No internet service,Two year,Yes,Mailed check,19.85,739.35,No,24-35,No,No,No,No,0,21.124285714285715
7011-CVEUC,Male,No,Yes,No,25,Yes,No,Fiber optic,No,No,No,Yes,Yes,Yes,Month-to-month,Yes,Credit card (automatic),95.7,2338.35,No,24-35,No,Yes,No,Yes,3,93.534
7868-TMWMZ,Female,Yes,Yes,No,60,Yes,No,Fiber optic,Yes,Yes,Yes,Yes,Yes,Yes,Two year,Yes,Bank transfer (automatic),110.0,6668.35,No,60-72,No,No,No,Yes,0,111.13916666666668
6963-EZQEE,Male,Yes,Yes,No,70,Yes,Yes,DSL,Yes,Yes,Yes,Yes,Yes,Yes,Two year,Yes,Credit card (automatic),88.55,6306.5,No,60-72,No,No,No,No,0,90.09285714285714
8822-KNBHV,Female,No,No,No,48,Yes,Yes,DSL,Yes,Yes,Yes,No,Yes,Yes,One year,Yes,Credit card (automatic),83.45,3887.85,No,48-59,No,No,No,No,1,80.996875
3551-HUAZH,Male,Yes,No,No,1,Yes,Yes,Fiber optic,No,No,No,No,No,No,Month-to-month,Yes,Electronic check,74.4,74.4,Yes,0-5,Yes,Yes,Yes,Yes,4,74.4
3496-LFSZU,Male,No,Yes,No,4,Yes,No,Fiber optic,No,No,No,No,No,No,Month-to-month,No,Electronic check,70.5,294.2,No,0-5,No,Yes,Yes,Yes,4,73.55
1241-FPMOF,Male,No,No,No,52,Yes,No,No,No internet service,No internet service,No internet service,No internet service,No internet service,No internet service,Two year,No,Mailed check,19.65,1025.05,No,48-59,No,No,No,No,0,19.7125
1376-HHBDV,Female,No,No,No,30,Yes,No,DSL,Yes,No,No,No,No,No,Month-to-month,Yes,Mailed check,48.8,1536.75,No,24-35,No,Yes,No,No,3,51.225
2344-JMOGN,Male,No,Yes,No,9,Yes,No,Fiber optic,No,Yes,Yes,Yes,Yes,No,Month-to-month,Yes,Mailed check,94.85,890.6,Yes,6-11,No,Yes,No,Yes,1,98.95555555555556
1125-SNVCK,Female,Yes,No,No,49,Yes,No,DSL,No,No,No,No,No,No,Month-to-month,No,Mailed check,43.8,2106.05,No,48-59,No,Yes,No,No,4,42.98061224489796
6169-PGNCD,Female,No,No,No,57,Yes,No,DSL,Yes,Yes,Yes,Yes,Yes,No,Two year,Yes,Credit card (automatic),74.3,4166.35,No,48-59,No,No,No,No,0,73.09385964912282
3500-NSDOA,Male,No,Yes,Yes,68,Yes,Yes,DSL,No,Yes,No,Yes,No,Yes,Two year,No,Credit card (automatic),70.8,4859.95,No,60-72,No,No,No,No,2,71.46985294117647
7073-QETQY,Male,No,Yes,Yes,66,Yes,No,No,No internet service,No internet service,No internet service,No internet service,No internet service,No internet service,One year,Yes,Electronic check,20.35,1359.5,No,60-72,No,No,Yes,No,0,20.598484848484848
5649-TJHOV,Male,Yes,Yes,No,27,No,No phone service,DSL,No,No,No,No,No,Yes,Month-to-month,No,Bank transfer (automatic),36.5,1032.0,Yes,24-35,No,Yes,No,No,4,38.22222222222222
1897-OKVMW,Female,No,Yes,Yes,64,Yes,Yes,DSL,Yes,Yes,Yes,Yes,Yes,Yes,Two year,Yes,Mailed check,90.6,5817.45,No,60-72,No,No,No,No,0,90.89765625
1977-STDKI,Female,Yes,No,No,1,Yes,No,Fiber optic,No,Yes,No,No,No,No,Month-to-month,Yes,Electronic check,73.0,73.0,Yes,0-5,Yes,Yes,Yes,Yes,3,73.0
5883-GTGVD,Male,No,No,No,19,Yes,Yes,Fiber optic,No,Yes,No,No,Yes,Yes,Month-to-month,Yes,Electronic check,99.95,1931.75,Yes,12-23,No,Yes,Yes,Yes,3,101.67105263157896
0963-ZBDRN,Male,No,No,No,32,Yes,No,Fiber optic,No,No,No,Yes,Yes,Yes,Month-to-month,Yes,Electronic check,96.2,3183.4,Yes,24-35,No,Yes,Yes,Yes,3,99.48125
4654-DLAMQ,Female,Yes,Yes,No,64,Yes,No,Fiber optic,Yes,Yes,Yes,No,No,Yes,One year,No,Bank transfer (automatic),97.0,6430.9,No,60-72,No,No,No,Yes,1,100.4828125
7136-IHZJA,Female,No,Yes,Yes,40,Yes,No,DSL,Yes,Yes,No,Yes,No,Yes,Month-to-month,Yes,Mailed check,71.35,2847.2,No,36-47,No,Yes,No,No,1,71.17999999999999
6583-QGCSI,Female,Yes,Yes,No,50,Yes,Yes,Fiber optic,No,Yes,No,No,Yes,No,Month-to-month,Yes,Electronic check,88.05,4367.35,Yes,48-59,No,Yes,Yes,Yes,3,87.34700000000001
9110-HSGTV,Female,No,No,No,69,Yes,No,DSL,Yes,No,Yes,Yes,Yes,Yes,Two year,Yes,Credit card (automatic),82.45,5555.3,No,60-72,No,No,No,No,1,80.51159420289855
5260-UMPWX,Female,No,Yes,Yes,26,Yes,No,No,No internet service,No internet service,No internet service,No internet service,No internet service,No internet service,Month-to-month,Yes,Credit card (automatic),20.25,493.95,No,24-35,No,Yes,No,No,0,18.998076923076923
3585-YNADK,Female,No,Yes,No,57,Yes,Yes,DSL,No,Yes,Yes,Yes,Yes,No,One year,No,Bank transfer (automatic),74.6,4368.95,No,48-59,No,No,No,No,1,76.64824561403509
2079-FBMZK,Female,No,No,No,6,Yes,No,Fiber optic,No,No,No,No,No,No,Month-to-month,Yes,Mailed check,69.25,418.4,Yes,6-11,No,Yes,No,Yes,4,69.73333333333333
5985-TBABQ,Female,No,No,No,32,Yes,Yes,DSL,Yes,No,No,No,Yes,Yes,One year,No,Mailed check,74.75,2282.95,No,24-35,No,No,No,No,3,71.3421875
7245-NIIWQ,Female,No,No,No,3,Yes,No,Fiber optic,No,No,No,No,No,No,Month-to-month,Yes,Electronic check,69.85,199.85,No,0-5,Yes,Yes,Yes,Yes,4,66.61666666666666
2898-LSJGD,Female,No,Yes,Yes,21,No,No phone service,DSL,Yes,No,Yes,No,Yes,Yes,One year,Yes,Electronic check,55.95,1157.05,Yes,12-23,No,No,Yes,No,2,55.09761904761905
4328-VUFWD,Female,No,No,No,39,Yes,No,DSL,No,No,No,Yes,No,Yes,One year,No,Electronic check,59.3,2209.15,No,36-47,No,No,Yes,No,3,56.6448717948718
8225-BTJAU,Male,Yes,No,No,10,Yes,No,Fiber optic,No,No,No,No,No,Yes,Month-to-month,Yes,Electronic check,79.25,793.55,Yes,6-11,No,Yes,Yes,Yes,4,79.35499999999999
4378-BZYFP,Male,No,No,No,17,Yes,No,No,No internet service,No internet service,No internet service,No internet service,No internet service,No internet service,One year,Yes,Mailed check,20.5,365.8,No,12-23,No,No,No,No,0,21.51764705882353
7786-WBJYI,Female,No,No,No,4,Yes,Yes,Fiber optic,No,Yes,No,No,No,No,Month-to-month,No,Bank transfer (automatic),77.95,305.55,Yes,0-5,No,Yes,No,Yes,3,76.3875
6598-KELSS,Male,No,No,Yes,50,No,No phone service,DSL,Yes,Yes,No,No,Yes,No,One year,Yes,Bank transfer (automatic),43.05,2208.05,No,48-59,No,No,No,No,2,44.161
5089-IFSDP,Female,No,Yes,No,58,Yes,Yes,Fiber optic,Yes,Yes,Yes,No,Yes,Yes,Two year,Yes,Bank transfer (automatic),109.45,6144.55,Yes,48-59,No,No,No,Yes,1,105.94051724137933
6510-UPNKS,Female,No,No,No,23,Yes,Yes,No,No internet service,No internet service,No internet service,No internet service,No internet service,No internet service,One year,No,Credit card (automatic),24.8,615.35,No,12-23,No,No,No,No,0,26.75434782608696
1866-ZSLJM,Male,No,No,No,21,Yes,No,No,No internet service,No internet service,No internet service,No internet service,No internet service,No internet service,Month-to-month,No,Credit card (automatic),20.5,402.85,No,12-23,No,Yes,No,No,0,19.183333333333334
9848-JQJTX,Male,No,No,No,72,Yes,Yes,Fiber optic,No,Yes,Yes,No,Yes,Yes,Two year,Yes,Bank transfer (automatic),100.9,7459.05,No,60-72,No,No,No,Yes,2,103.59791666666666
3413-CSSTH,Male,No,No,No,41,Yes,Yes,DSL,No,No,Yes,No,No,No,Month-to-month,Yes,Bank transfer (automatic),55.7,2237.55,No,36-47,No,Yes,No,No,3,54.57439024390244
5143-WMWOG,Male,No,No,No,1,Yes,No,No,No internet service,No internet service,No internet service,No internet service,No internet service,No internet service,Month-to-month,No,Electronic check,19.95,19.95,Yes,0-5,Yes,Yes,Yes,No,0,19.95
4815-YOSUK,Male,No,Yes,Yes,72,Yes,Yes,Fiber optic,Yes,Yes,Yes,Yes,No,Yes,One year,Yes,Credit card (automatic),104.9,7537.5,No,60-72,No,No,No,Yes,0,104.6875
0219-YTZUE,Male,No,Yes,Yes,4,Yes,Yes,Fiber optic,No,Yes,Yes,No,No,No,Month-to-month,Yes,Bank transfer (automatic),84.8,371.9,Yes,0-5,No,Yes,No,Yes,2,92.975
4883-KCPZJ,Female,No,Yes,Yes,22,Yes,Yes,No,No internet service,No internet service,No internet service,No internet service,No internet service,No internet service,Two year,No,Credit card (automatic),25.25,555.4,No,12-23,No,No,No,No,0,25.245454545454542
4475-NVTLU,Male,No,Yes,Yes,45,Yes,No,No,No internet service,No internet service,No internet service,No internet service,No internet service,No internet service,Two year,No,Electronic check,19.2,903.7,No,36-47,No,No,Yes,No,0,20.082222222222224
5842-POCOP,Female,No,Yes,No,5,Yes,No,Fiber optic,Yes,No,Yes,No,No,Yes,Month-to-month,Yes,Mailed check,88.9,454.15,Yes,0-5,No,Yes,No,Yes,2,90.83
8617-ENBDS,Male,No,No,No,3,Yes,No,Fiber optic,No,No,Yes,No,No,No,Month-to-month,Yes,Credit card (automatic),73.6,232.5,No,0-5,Yes,Yes,No,Yes,3,77.5
2003-CKLOR,Male,No,No,No,66,Yes,No,Fiber optic,No,Yes,Yes,No,Yes,Yes,Month-to-month,No,Electronic check,99.5,6710.5,Yes,60-72,No,Yes,Yes,Yes,2,101.67424242424242
3373-DIUUN,Male,No,Yes,Yes,30,Yes,No,No,No internet service,No internet service,No internet service,No internet service,No internet service,No internet service,Two year,No,Mailed check,21.25,711.9,No,24-35,No,No,No,No,0,23.73
5293-WXJAK,Female,Yes,Yes,No,11,Yes,Yes,Fiber optic,No,No,Yes,Yes,Yes,Yes,Month-to-month,Yes,Bank transfer (automatic),104.05,1133.65,Yes,6-11,No,Yes,No,Yes,2,103.05909090909093
3068-OMWZA,Male,Yes,No,No,1,Yes,Yes,Fiber optic,No,No,Yes,No,Yes,No,Month-to-month,Yes,Electronic check,88.8,88.8,Yes,0-5,Yes,Yes,Yes,Yes,3,88.8
8246-SHFGA,Male,No,No,No,17,Yes,No,No,No internet service,No internet service,No internet service,No internet service,No internet service,No internet service,Month-to-month,No,Credit card (automatic),21.1,385.55,No,12-23,No,Yes,No,No,0,22.679411764705883
1964-SVLEA,Male,No,No,No,20,Yes,No,No,No internet service,No internet service,No internet service,No internet service,No internet service,No internet service,One year,Yes,Mailed check,19.7,415.9,No,12-23,No,No,No,No,0,20.795
7473-ZBDSN,Female,No,Yes,Yes,14,Yes,No,No,No internet service,No internet service,No internet service,No internet service,No internet service,No internet service,Two year,No,Mailed check,18.8,255.55,No,12-23,No,No,No,No,0,18.25357142857143
8069-YQQAJ,Male,No,No,No,14,No,No phone service,DSL,No,Yes,No,No,No,No,Month-to-month,Yes,Mailed check,31.1,419.7,No,12-23,No,Yes,No,No,3,29.978571428571428
5590-ZSKRV,Female,No,Yes,Yes,8,Yes,No,DSL,Yes,Yes,No,No,No,No,Month-to-month,No,Mailed check,54.65,482.25,No,6-11,No,Yes,No,No,2,60.28125
2740-JFBOK,Male,No,No,No,10,Yes,Yes,No,No internet service,No internet service,No internet service,No internet service,No internet service,No internet service,Month-to-month,Yes,Electronic check,24.0,226.55,No,6-11,No,Yes,Yes,No,0,22.655
3946-JEWRQ,Male,No,Yes,No,47,Yes,Yes,Fiber optic,No,No,No,No,Yes,Yes,One year,Yes,Credit card (automatic),95.2,4563.0,No,36-47,No,No,No,Yes,4,97.08510638297872
7718-RXDGG,Male,No,Yes,No,15,Yes,No,Fiber optic,No,No,No,No,No,No,Month-to-month,Yes,Bank transfer (automatic),68.6,1108.6,No,12-23,No,Yes,No,Yes,4,73.90666666666667
1032-MAELW,Female,No,Yes,Yes,68,Yes,Yes,DSL,Yes,Yes,Yes,Yes,No,Yes,One year,Yes,Electronic check,78.45,5333.35,No,60-72,No,No,Yes,No,0,78.43161764705883
6110-OHIHY,Male,No,No,No,3,Yes,No,Fiber optic,No,No,No,No,Yes,No,Month-to-month,No,Electronic check,79.25,267.6,Yes,0-5,Yes,Yes,Yes,Yes,4,89.2
9530-GRMJG,Male,No,Yes,Yes,70,Yes,Yes,DSL,No,Yes,Yes,Yes,Yes,Yes,Two year,Yes,Electronic check,84.1,5979.7,No,60-72,No,No,Yes,No,1,85.42428571428572
1810-MVMAI,Male,No,Yes,Yes,30,Yes,Yes,DSL,Yes,Yes,Yes,Yes,No,No,Month-to-month,No,Electronic check,67.6,2000.2,No,24-35,No,Yes,Yes,No,0,66.67333333333333
2418-TPEUN,Female,No,Yes,Yes,56,Yes,No,No,No internet service,No internet service,No internet service,No internet service,No internet service,No internet service,Two year,Yes,Credit card (automatic),19.8,1119.9,No,48-59,No,No,No,No,0,19.998214285714287
4909-JOUPP,Male,Yes,Yes,No,72,Yes,Yes,Fiber optic,No,Yes,Yes,Yes,Yes,Yes,Two year,No,Credit card (automatic),109.7,7898.45,No,60-72,No,No,No,Yes,1,109.70069444444444
4423-JWZJN,Male,No,Yes,Yes,64,Yes,Yes,Fiber optic,No,No,Yes,No,No,Yes,One year,No,Credit card (automatic),90.25,5629.15,No,60-72,No,No,No,Yes,3,87.95546875
3677-TNKIO,Female,No,No,No,14,Yes,No,Fiber optic,No,No,No,No,No,No,Month-to-month,Yes,Credit card (automatic),71.0,914.0,Yes,12-23,No,Yes,No,Yes,4,65.28571428571429
4570-QHXHL,Female,No,No,No,9,Yes,No,DSL,No,No,No,No,No,No,Month-to-month,Yes,Electronic check,43.75,405.7,No,6-11,No,Yes,Yes,No,4,45.077777777777776
1794-SWWKL,Male,No,Yes,Yes,15,Yes,Yes,DSL,No,No,Yes,Yes,No,No,Month-to-month,Yes,Bank transfer (automatic),59.65,867.1,No,12-23,No,Yes,No,No,2,57.806666666666665
4072-IPYLT,Female,No,Yes,Yes,36,Yes,No,DSL,Yes,No,No,No,No,No,Month-to-month,No,Credit card (automatic),51.05,1815.0,No,36-47,No,Yes,No,No,3,50.41666666666666
8317-BVKSO,Male,No,No,No,14,Yes,No,No,No internet service,No internet service,No internet service,No internet service,No internet service,No internet service,Month-to-month,Yes,Electronic check,20.05,299.3,No,12-23,No,Yes,Yes,No,0,21.37857142857143
7055-VKGDA,Male,No,No,No,54,Yes,No,Fiber optic,Yes,Yes,No,Yes,Yes,Yes,One year,Yes,Credit card (automatic),105.4,5643.4,Yes,48-59,No,No,No,Yes,1,104.5074074074074
7850-THJMU,Female,No,Yes,Yes,26,Yes,No,No,No internet service,No internet service,No internet service,No internet service,No internet service,No internet service,Two year,No,Credit card (automatic),19.65,494.9,No,24-35,No,No,No,No,0,19.034615384615385
7531-GQHME,Male,No,No,No,12,Yes,No,No,No internet service,No internet service,No internet service,No internet service,No internet service,No internet service,Month-to-month,No,Credit card (automatic),20.05,265.45,No,12-23,No,Yes,No,No,0,22.120833333333334
2672-TGEFF,Female,No,Yes,Yes,37,Yes,Yes,Fiber optic,No,Yes,No,No,Yes,No,Month-to-month,Yes,Electronic check,88.8,3340.55,No,36-47,No,Yes,Yes,Yes,3,90.28513513513514
4774-HHGGS,Male,No,Yes,No,30,Yes,No,No,No internet service,No internet service,No internet service,No internet service,No internet service,No internet service,Two year,No,Mailed check,19.05,637.55,No,24-35,No,No,No,No,0,21.251666666666665
2665-NPTGL,Female,Yes,Yes,No,26,Yes,Yes,Fiber optic,No,No,Yes,No,Yes,Yes,Month-to-month,Yes,Bank transfer (automatic),98.1,2510.7,No,24-35,No,Yes,No,Yes,3,96.5653846153846
8631-NBHFZ,Male,Yes,Yes,Yes,66,Yes,Yes,DSL,Yes,Yes,Yes,Yes,Yes,No,Two year,No,Credit card (automatic),79.4,5154.6,Yes,60-72,No,No,No,No,0,78.10000000000001
6413-XKKPU,Male,No,Yes,Yes,17,Yes,No,Fiber optic,Yes,No,Yes,No,Yes,No,Month-to-month,Yes,Electronic check,89.4,1539.45,Yes,12-23,No,Yes,Yes,Yes,2,90.55588235294118
3768-NLUBH,Male,Yes,Yes,No,57,Yes,Yes,Fiber optic,No,No,Yes,No,Yes,Yes,Month-to-month,No,Electronic check,100.6,5746.15,Yes,48-59,No,Yes,Yes,Yes,3,100.80964912280702
6178-KFNHS,Female,No,No,Yes,12,Yes,Yes,Fiber optic,Yes,No,No,No,No,No,Month-to-month,Yes,Electronic check,78.3,909.25,Yes,12-23,No,Yes,Yes,Yes,3,75.77083333333333
1785-BPHTP,Male,No,Yes,Yes,28,Yes,No,Fiber optic,No,No,Yes,No,Yes,No,Month-to-month,No,Electronic check,85.45,2289.9,No,24-35,No,Yes,Yes,Yes,3,81.78214285714286
8167-GJLRN,Male,No,No,No,3,No,No phone service,DSL,No,No,No,Yes,No,No,Month-to-month,No,Electronic check,30.4,82.15,No,0-5,Yes,Yes,Yes,No,3,27.383333333333336
9518-RWHZL,Female,No,No,No,64,Yes,Yes,Fiber optic,No,No,Yes,No,Yes,Yes,One year,Yes,Credit card (automatic),100.05,6254.2,Yes,60-72,No,No,No,Yes,3,97.721875
2257-BOVXD,Male,No,Yes,No,14,Yes,Yes,DSL,No,No,No,Yes,Yes,No,Month-to-month,Yes,Credit card (automatic),66.6,979.5,No,12-23,No,Yes,No,No,3,69.96428571428571
7639-LIAYI,Male,No,No,No,52,Yes,Yes,DSL,Yes,No,No,Yes,Yes,Yes,Two year,Yes,Credit card (automatic),79.75,4217.8,No,48-59,No,No,No,No,2,81.11153846153846
0454-OKRCT,Male,No,No,No,33,Yes,No,Fiber optic,No,Yes,No,Yes,No,No,Two year,No,Bank transfer (automatic),80.6,2651.1,No,24-35,No,No,No,Yes,2,80.33636363636363
1401-FTHFQ,Male,No,Yes,Yes,23,Yes,No,No,No internet service,No internet service,No internet service,No internet service,No internet service,No internet service,One year,Yes,Credit card (automatic),20.0,445.3,No,12-23,No,No,No,No,0,19.360869565217392
8725-JEDFD,Male,No,No,No,27,Yes,No,Fiber optic,No,No,No,No,No,No,Month-to-month,Yes,Mailed check,69.05,1793.25,No,24-35,No,Yes,No,Yes,4,66.41666666666667
8966-SNIZF,Female,No,Yes,No,70,Yes,No,No,No internet service,No internet service,No internet service,No internet service,No internet service,No internet service,Two year,No,Bank transfer (automatic),19.45,1303.5,No,60-72,No,No,No,No,0,18.62142857142857
0239-OXEXL,Female,No,No,No,46,Yes,Yes,Fiber optic,Yes,Yes,No,No,No,No,Month-to-month,No,Mailed check,84.25,3847.6,No,36-47,No,Yes,No,Yes,2,83.64347826086956
0422-OHQHQ,Female,No,Yes,Yes,15,Yes,No,No,No internet service,No internet service,No internet service,No internet service,No internet service,No internet service,One year,No,Mailed check,20.55,295.95,No,12-23,No,No,No,No,0,19.73
2959-FENLU,Female,No,No,No,9,Yes,No,Fiber optic,No,No,Yes,No,No,Yes,Month-to-month,Yes,Credit card (automatic),85.3,781.4,No,6-11,No,Yes,No,Yes,3,86.82222222222222
1972-XMUWV,Female,No,Yes,No,65,Yes,No,DSL,No,No,No,Yes,Yes,No,Two year,Yes,Credit card (automatic),59.8,3808.2,No,60-72,No,No,No,No,3,58.58769230769231
6463-MVYRY,Female,Yes,No,No,57,Yes,No,DSL,Yes,No,Yes,Yes,Yes,No,Two year,No,Bank transfer (automatic),69.85,4003.0,No,48-59,No,No,No,No,1,70.2280701754386
7951-VRDVK,Female,No,No,No,36,Yes,No,DSL,Yes,Yes,Yes,Yes,Yes,Yes,One year,No,Bank transfer (automatic),85.85,3003.55,No,36-47,No,No,No,No,0,83.43194444444445
9631-XEYKE,Male,No,No,No,3,Yes,Yes,DSL,No,No,No,No,No,No,Month-to-month,No,Bank transfer (automatic),50.4,137.25,No,0-5,Yes,Yes,No,No,4,45.75
4097-YODCF,Male,No,No,Yes,34,Yes,Yes,Fiber optic,Yes,Yes,No,No,Yes,Yes,One year,Yes,Electronic check,103.8,3470.8,No,24-35,No,No,Yes,Yes,2,102.08235294117648
1403-LKLIK,Female,No,Yes,Yes,33,Yes,No,No,No internet service,No internet service,No internet service,No internet service,No internet service,No internet service,One year,No,Mailed check,20.1,579.4,No,24-35,No,No,No,No,0,17.55757575757576
5950-AAAGJ,Male,No,No,No,18,Yes,Yes,Fiber optic,No,No,No,No,Yes,No,Month-to-month,No,Bank transfer (automatic),84.3,1537.9,No,12-23,No,Yes,No,Yes,4,85.4388888888889
1840-BIUOG,Male,No,No,No,20,Yes,Yes,DSL,No,Yes,No,Yes,Yes,No,One year,Yes,Electronic check,68.7,1416.2,No,12-23,No,No,Yes,No,2,70.81
1591-XWLGB,Female,No,Yes,No,71,Yes,No,No,No internet service,No internet service,No internet service,No internet service,No internet service,No internet service,Two year,No,Credit card (automatic),19.85,1379.6,No,60-72,No,No,No,No,0,19.43098591549296
5781-BKHOP,Female,No,Yes,No,72,Yes,Yes,Fiber optic,Yes,Yes,Yes,No,Yes,No,Two year,No,Bank transfer (automatic),100.65,7334.05,No,60-72,No,No,No,Yes,1,101.86180555555556
9027-TMATR,Female,No,Yes,No,43,Yes,No,DSL,Yes,No,Yes,Yes,Yes,Yes,Two year,Yes,Electronic check,78.8,3460.3,No,36-47,No,No,Yes,No,1,80.47209302325582
4844-JJWUY,Female,Yes,No,No,1,Yes,No,Fiber optic,No,Yes,No,No,No,Yes,Month-to-month,Yes,Electronic check,86.0,86.0,Yes,0-5,Yes,Yes,Yes,Yes,3,86.0
4952-YSOGZ,Female,No,Yes,Yes,4,Yes,Yes,Fiber optic,No,No,No,No,No,Yes,Month-to-month,Yes,Electronic check,85.95,381.3,Yes,0-5,No,Yes,Yes,Yes,4,95.325
0804-XBFBV,Female,No,No,Yes,11,No,No phone service,DSL,No,No,No,No,No,No,Month-to-month,No,Electronic check,25.2,321.05,No,6-11,No,Yes,Yes,No,4,29.18636363636364
3683-QKIUE,Female,No,No,No,6,Yes,No,DSL,No,No,No,Yes,No,No,Month-to-month,Yes,Bank transfer (automatic),50.8,288.05,Yes,6-11,No,Yes,No,No,3,48.00833333333333
5899-OUVKV,Male,No,No,No,31,Yes,No,Fiber optic,No,Yes,No,No,Yes,Yes,Month-to-month,Yes,Electronic check,94.5,2979.2,No,24-35,No,Yes,Yes,Yes,3,96.1032258064516
9589-ABEPT,Male,No,Yes,No,69,Yes,Yes,Fiber optic,No,Yes,No,Yes,Yes,No,Two year,Yes,Mailed check,92.45,6460.55,No,60-72,No,No,No,Yes,2,93.63115942028986
2866-IKBTM,Female,No,No,No,1,Yes,No,No,No internet service,No internet service,No internet service,No internet service,No internet service,No internet service,Month-to-month,No,Mailed check,19.55,19.55,No,0-5,Yes,Yes,No,No,0,19.55
3507-GASNP,Male,No,No,Yes,60,Yes,No,No,No internet service,No internet service,No internet service,No internet service,No internet service,No internet service,Two year,No,Mailed check,19.95,1189.9,No,60-72,No,No,No,No,0,19.831666666666667
9763-GRSKD,Male,No,Yes,Yes,13,Yes,No,DSL,Yes,No,No,No,No,No,Month-to-month,Yes,Mailed check,49.95,587.45,No,12-23,No,Yes,No,No,3,45.18846153846154
1226-JZNKR,Female,No,Yes,Yes,8,Yes,No,No,No internet service,No internet service,No internet service,No internet service,No internet service,No internet service,One year,No,Electronic check,19.8,160.05,No,6-11,No,No,Yes,No,0,20.00625
5955-ERIHD,Male,No,Yes,No,18,Yes,Yes,Fiber optic,No,No,No,No,Yes,Yes,Month-to-month,Yes,Electronic check,94.7,1687.95,Yes,12-23,No,Yes,Yes,Yes,4,93.775
7089-IVVAZ,Female,No,No,No,8,Yes,Yes,Fiber optic,Yes,No,No,Yes,Yes,Yes,Month-to-month,Yes,Bank transfer (automatic),103.35,847.3,Yes,6-11,No,Yes,No,Yes,2,105.9125
0674-EYYZV,Female,No,No,No,1,Yes,No,DSL,No,No,No,No,Yes,No,Month-to-month,Yes,Electronic check,54.65,54.65,No,0-5,Yes,Yes,Yes,No,4,54.65
2516-XSJKX,Female,No,Yes,Yes,41,Yes,No,DSL,Yes,Yes,No,Yes,Yes,Yes,Two year,No,Electronic check,78.45,3126.45,No,36-47,No,No,Yes,No,1,76.25487804878048
0168-XZKBB,Female,No,Yes,No,19,Yes,Yes,Fiber optic,No,No,No,No,Yes,No,Month-to-month,Yes,Electronic check,86.85,1564.4,No,12-23,No,Yes,Yes,Yes,4,82.33684210526316
5923-GXUOC,Male,No,No,No,10,Yes,No,Fiber optic,Yes,Yes,Yes,No,Yes,Yes,Month-to-month,Yes,Electronic check,104.4,1081.45,Yes,6-11,No,Yes,Yes,Yes,1,108.145
0596-BQCEQ,Female,No,Yes,Yes,62,Yes,No,Fiber optic,No,Yes,Yes,No,Yes,Yes,Month-to-month,Yes,Electronic check,100.15,6283.3,Yes,60-72,No,Yes,Yes,Yes,2,101.34354838709676
4139-DETXS,Female,No,Yes,Yes,72,No,No phone service,DSL,Yes,Yes,Yes,Yes,Yes,Yes,Two year,No,Bank transfer (automatic),64.45,4528.0,No,60-72,No,No,No,No,0,62.888888888888886
7521-YXVZY,Male,No,No,Yes,3,Yes,No,No,No internet service,No internet service,No internet service,No internet service,No internet service,No internet service,Month-to-month,No,Mailed check,19.95,58.3,No,0-5,Yes,Yes,No,No,0,19.433333333333334
2362-IBOOY,Male,No,No,No,36,Yes,Yes,Fiber optic,No,No,No,No,No,Yes,Month-to-month,Yes,Electronic check,84.75,3050.15,Yes,36-47,No,Yes,Yes,Yes,4,84.72638888888889
8932-CZHRQ,Male,No,No,No,68,Yes,Yes,DSL,Yes,Yes,Yes,No,No,Yes,One year,No,Credit card (automatic),76.75,5233.25,No,60-72,No,No,No,No,1,76.9595588235294
7426-RHZGU,Male,No,No,No,9,Yes,No,Fiber optic,No,No,No,Yes,Yes,Yes,Month-to-month,Yes,Bank transfer (automatic),95.9,827.45,No,6-11,No,Yes,No,Yes,3,91.9388888888889
6985-HAYWX,Female,No,Yes,No,26,Yes,Yes,Fiber optic,No,Yes,No,No,No,No,Month-to-month,No,Bank transfer (automatic),79.3,2015.8,No,24-35,No,Yes,No,Yes,3,77.53076923076922
3935-TBRZZ,Male,No,Yes,Yes,44,Yes,Yes,No,No internet service,No internet service,No internet service,No internet service,No internet service,No internet service,One year,No,Mailed check,25.7,1110.5,No,36-47,No,No,No,No,0,25.238636363636363
4933-BSAIP,Female,No,Yes,No,40,Yes,No,No,No internet service,No internet service,No internet service,No internet service,No internet service,No internet service,Two year,No,Mailed check,19.1,780.1,No,36-47,No,No,No,No,0,19.5025
4652-ODEVH,Male,No,Yes,Yes,45,Yes,Yes,No,No internet service,No internet service,No internet service,No internet service,No internet service,No internet service,Two year,No,Mailed check,24.45,1088.25,No,36-47,No,No,No,No,0,24.183333333333334
8046-DNVTL,Male,No,Yes,No,62,No,No phone service,DSL,Yes,Yes,No,Yes,No,No,Two year,Yes,Credit card (automatic),38.6,2345.55,No,60-72,No,No,No,No,1,37.83145161290323
8461-EFQYM,Female,No,No,No,38,Yes,Yes,No,No internet service,No internet service,No internet service,No internet service,No internet service,No internet service,One year,Yes,Electronic check,24.25,914.4,No,36-47,No,No,Yes,No,0,24.063157894736843
0133-BMFZO,Female,No,No,No,2,Yes,No,Fiber optic,Yes,Yes,No,Yes,No,No,Month-to-month,Yes,Electronic check,86.25,181.65,Yes,0-5,Yes,Yes,Yes,Yes,1,90.825
6386-SZZKH,Female,No,Yes,Yes,49,Yes,Yes,Fiber optic,No,Yes,Yes,Yes,Yes,Yes,Two year,Yes,Bank transfer (automatic),107.95,5293.2,Yes,48-59,No,No,No,Yes,1,108.02448979591836
1918-ZBFQJ,Female,No,No,No,13,Yes,No,Fiber optic,No,Yes,Yes,No,No,No,Month-to-month,Yes,Electronic check,79.25,1111.65,Yes,12-23,No,Yes,Yes,Yes,2,85.51153846153846
0396-UKGAI,Male,No,No,Yes,23,Yes,No,DSL,No,Yes,No,Yes,No,No,Month-to-month,Yes,Bank transfer (automatic),55.3,1284.2,No,12-23,No,Yes,No,No,2,55.83478260869565
0885-HMGPY,Male,No,No,No,62,Yes,Yes,DSL,Yes,Yes,Yes,Yes,No,No,Two year,No,Bank transfer (automatic),69.4,4237.5,No,60-72,No,No,No,No,0,68.34677419354838
3841-NFECX,Female,Yes,Yes,No,71,Yes,Yes,Fiber optic,Yes,Yes,Yes,Yes,No,No,Two year,Yes,Credit card (automatic),96.35,6766.95,No,60-72,No,No,No,Yes,0,95.30915492957746
3462-BJQQA,Female,No,No,No,6,Yes,Yes,Fiber optic,No,Yes,No,No,Yes,No,Month-to-month,Yes,Electronic check,89.75,552.65,No,6-11,No,Yes,Yes,Yes,3,92.10833333333332
2983-ZANRP,Female,No,Yes,Yes,2,Yes,No,Fiber optic,No,Yes,No,No,No,No,Month-to-month,Yes,Bank transfer (automatic),73.55,145.4,Yes,0-5,Yes,Yes,No,Yes,3,72.7
4450-MDZFX,Male,No,Yes,Yes,60,Yes,Yes,Fiber optic,No,No,No,No,No,No,Month-to-month,No,Bank transfer (automatic),74.35,4453.3,No,60-72,No,Yes,No,Yes,4,74.22166666666666
8634-CILSZ,Male,No,No,No,69,Yes,Yes,Fiber optic,No,Yes,No,Yes,Yes,Yes,One year,Yes,Bank transfer (automatic),104.7,7220.35,Yes,60-72,No,No,No,Yes,2,104.6427536231884
2387-KDZQY,Male,No,No,No,17,Yes,No,No,No internet service,No internet service,No internet service,No internet service,No internet service,No internet service,One year,Yes,Mailed check,20.1,279.5,No,12-23,No,No,No,No,0,16.441176470588236
2419-FSORS,Male,No,Yes,No,72,Yes,Yes,Fiber optic,No,Yes,Yes,Yes,Yes,Yes,Two year,Yes,Electronic check,108.4,7719.5,No,60-72,No,No,Yes,Yes,1,107.21527777777776
2360-RDGRO,Male,No,Yes,No,65,Yes,Yes,Fiber optic,Yes,No,Yes,No,Yes,Yes,Month-to-month,Yes,Electronic check,104.25,6812.95,No,60-72,No,Yes,Yes,Yes,2,104.81461538461538
0114-PEGZZ,Female,No,No,No,33,Yes,Yes,Fiber optic,No,Yes,Yes,No,Yes,Yes,Month-to-month,No,Electronic check,107.55,3645.5,No,24-35,No,Yes,Yes,Yes,2,110.46969696969695
5968-HYJRZ,Male,No,Yes,Yes,47,Yes,Yes,No,No internet service,No internet service,No internet service,No internet service,No internet service,No internet service,Two year,No,Mailed check,24.55,1160.45,No,36-47,No,No,No,No,0,24.690425531914894
0230-WEQUW,Male,No,Yes,No,66,No,No phone service,DSL,Yes,Yes,Yes,Yes,Yes,No,Two year,Yes,Bank transfer (automatic),56.6,3789.2,No,60-72,No,No,No,No,0,57.41212121212121
2640-PMGFL,Male,No,No,Yes,27,Yes,Yes,Fiber optic,No,No,No,Yes,No,No,Month-to-month,Yes,Electronic check,79.5,2180.55,Yes,24-35,No,Yes,Yes,Yes,3,80.76111111111112
4274-OWWYO,Male,No,No,No,1,Yes,No,Fiber optic,No,Yes,No,No,No,No,Month-to-month,Yes,Electronic check,74.35,74.35,Yes,0-5,Yes,Yes,Yes,Yes,3,74.35
7016-BPGEU,Female,No,No,No,29,No,No phone service,DSL,No,No,No,No,No,No,Month-to-month,Yes,Credit card (automatic),25.1,712.85,Yes,24-35,No,Yes,No,No,4,24.58103448275862
6599-GZWCM,Female,No,No,No,13,Yes,No,Fiber optic,No,Yes,No,No,No,No,One year,Yes,Mailed check,74.65,966.25,No,12-23,No,No,No,Yes,3,74.32692307692308
1728-BQDMA,Female,No,No,No,2,Yes,No,DSL,No,No,No,No,No,No,Month-to-month,No,Electronic check,44.45,82.7,No,0-5,Yes,Yes,Yes,No,4,41.35
9898-KZQDZ,Female,Yes,Yes,Yes,40,Yes,Yes,Fiber optic,No,No,No,No,Yes,Yes,Month-to-month,Yes,Credit card (automatic),94.55,3640.45,Yes,36-47,No,Yes,No,Yes,4,91.01125
5243-SAOTC,Male,No,No,No,54,Yes,Yes,Fiber optic,No,Yes,No,No,No,No,Month-to-month,Yes,Bank transfer (automatic),79.85,4308.25,No,48-59,No,Yes,No,Yes,3,79.7824074074074
7472-EQOAV,Male,Yes,Yes,Yes,71,Yes,No,Fiber optic,Yes,Yes,Yes,No,No,No,One year,Yes,Bank transfer (automatic),86.7,6179.35,No,60-72,No,No,No,Yes,1,87.0330985915493
2637-FKFSY,Female,No,Yes,No,3,Yes,No,DSL,No,No,No,No,No,No,Month-to-month,Yes,Mailed check,46.1,130.15,No,0-5,Yes,Yes,No,No,4,43.38333333333333
2081-VEYEH,Male,No,No,No,3,Yes,No,Fiber optic,No,Yes,Yes,Yes,Yes,Yes,Month-to-month,Yes,Electronic check,107.95,318.6,No,0-5,Yes,Yes,Yes,Yes,1,106.2
0247-SLUJI,Male,No,Yes,Yes,1,Yes,No,No,No internet service,No internet service,No internet service,No internet service,No internet service,No internet service,Month-to-month,No,Mailed check,19.7,19.7,No,0-5,Yes,Yes,No,No,0,19.7
6439-GTPCA,Female,No,No,No,45,Yes,Yes,Fiber optic,No,No,Yes,Yes,No,No,Month-to-month,Yes,Electronic check,87.25,3941.7,Yes,36-47,No,Yes,Yes,Yes,2,87.59333333333333
2311-QYMUQ,Female,No,Yes,Yes,16,Yes,No,Fiber optic,No,Yes,Yes,No,Yes,No,Month-to-month,Yes,Credit card (automatic),89.45,1430.25,Yes,12-23,No,Yes,No,Yes,2,89.390625
8631-XVRZL,Male,No,No,No,9,Yes,No,No,No internet service,No internet service,No internet service,No internet service,No internet service,No internet service,One year,Yes,Mailed check,20.15,163.7,No,6-11,No,No,No,No,0,18.188888888888886
4104-PVRPS,Male,No,Yes,No,24,Yes,No,DSL,Yes,No,No,Yes,No,No,Month-to-month,No,Mailed check,53.6,1315.35,No,24-35,No,Yes,No,No,2,54.80625
4636-JGAAI,Male,No,Yes,No,34,Yes,Yes,Fiber optic,No,Yes,No,No,No,Yes,Month-to-month,No,Mailed check,88.85,3000.25,No,24-35,No,Yes,No,Yes,3,88.24264705882354
4872-JCVCA,Female,No,Yes,No,71,No,No phone service,DSL,Yes,Yes,Yes,Yes,No,No,Two year,Yes,Bank transfer (automatic),47.6,3377.8,No,60-72,No,No,No,No,0,47.57464788732395
0356-OBMAC,Female,Yes,No,No,56,Yes,Yes,Fiber optic,No,Yes,Yes,Yes,Yes,No,Two year,Yes,Bank transfer (automatic),99.9,5706.3,No,48-59,No,No,No,Yes,1,101.89821428571427
3373-YZZYM,Male,No,Yes,Yes,1,Yes,No,No,No internet service,No internet service,No internet service,No internet service,No internet service,No internet service,Month-to-month,No,Mailed check,19.2,19.2,No,0-5,Yes,Yes,No,No,0,19.2
7184-LRUUR,Female,No,No,No,22,Yes,No,DSL,No,Yes,Yes,No,Yes,No,One year,No,Bank transfer (automatic),65.25,1441.8,No,12-23,No,No,No,No,2,65.53636363636363
3813-DHBBB,Male,No,Yes,No,67,No,No phone service,DSL,Yes,Yes,No,Yes,No,Yes,Two year,Yes,Bank transfer (automatic),50.95,3521.7,No,60-72,No,No,No,No,1,52.56268656716418
5366-IJEQJ,Male,No,No,No,20,Yes,Yes,Fiber optic,No,No,Yes,No,Yes,No,Month-to-month,Yes,Electronic check,88.7,1761.45,Yes,12-23,No,Yes,Yes,Yes,3,88.0725
0618-XWMSS,Male,No,No,Yes,28,Yes,No,Fiber optic,Yes,No,No,No,No,No,Month-to-month,Yes,Bank transfer (automatic),74.9,2068.55,Yes,24-35,No,Yes,No,Yes,3,73.87678571428572
4987-GQWPO,Male,No,No,No,17,No,No phone service,DSL,No,No,No,No,No,No,Month-to-month,No,Credit card (automatic),25.1,382.8,No,12-23,No,Yes,No,No,4,22.51764705882353
0909-SDHNU,Female,No,No,Yes,7,No,No phone service,DSL,Yes,No,No,No,No,No,Month-to-month,No,Mailed check,29.8,201.95,No,6-11,No,Yes,No,No,3,28.85
0851-DFJKB,Female,No,No,No,15,Yes,No,DSL,Yes,No,Yes,Yes,No,No,Month-to-month,No,Electronic check,58.95,955.15,No,12-23,No,Yes,Yes,No,1,63.67666666666666
4310-KEDTB,Female,No,No,Yes,26,No,No phone service,DSL,No,No,Yes,No,No,No,Month-to-month,Yes,Mailed check,29.8,786.5,No,24-35,No,Yes,No,No,3,30.25
4176-FXYBO,Male,No,Yes,No,54,Yes,Yes,Fiber optic,Yes,Yes,Yes,No,Yes,Yes,Month-to-month,No,Electronic check,109.55,6118.95,No,48-59,No,Yes,Yes,Yes,1,113.31388888888888
1163-ONYEY,Male,No,Yes,Yes,41,Yes,Yes,DSL,Yes,Yes,Yes,No,Yes,No,Month-to-month,Yes,Credit card (automatic),74.55,3023.55,No,36-47,No,Yes,No,No,1,73.74512195121952
5868-CZJDR,Male,No,No,Yes,1,No,No phone service,DSL,No,Yes,No,No,No,No,Month-to-month,Yes,Mailed check,31.35,31.35,Yes,0-5,Yes,Yes,No,No,3,31.35
1293-HHSHJ,Female,No,No,No,35,Yes,No,No,No internet service,No internet service,No internet service,No internet service,No internet service,No internet service,One year,No,Mailed check,21.1,741.0,No,24-35,No,No,No,No,0,21.17142857142857
8625-AZYZY,Male,No,Yes,No,24,Yes,Yes,Fiber optic,No,Yes,Yes,No,Yes,Yes,Month-to-month,Yes,Electronic check,104.65,2542.45,Yes,24-35,No,Yes,Yes,Yes,2,105.93541666666664
6653-CBBOM,Female,No,No,No,1,Yes,No,Fiber optic,No,No,No,No,No,No,Month-to-month,Yes,Electronic check,70.3,70.3,Yes,0-5,Yes,Yes,Yes,Yes,4,70.3
3755-JBMNH,Male,Yes,Yes,No,16,Yes,No,Fiber optic,No,No,No,No,No,No,Month-to-month,Yes,Bank transfer (automatic),71.8,1167.8,Yes,12-23,No,Yes,No,Yes,4,72.9875
1257-SXUXQ,Male,No,Yes,Yes,5,Yes,No,No,No internet service,No internet service,No internet service,No internet service,No internet service,No internet service,Month-to-month,No,Mailed check,19.45,86.05,No,0-5,No,Yes,No,No,0,17.21
6212-ATMLK,Female,No,No,No,50,Yes,Yes,Fiber optic,No,No,No,No,Yes,Yes,Month-to-month,Yes,Electronic check,95.7,4729.75,No,48-59,No,Yes,Yes,Yes,4,94.595
9362-MWODR,Female,No,No,Yes,40,Yes,No,DSL,Yes,No,No,Yes,Yes,No,Month-to-month,Yes,Credit card (automatic),64.1,2460.35,No,36-47,No,Yes,No,No,2,61.50875
9867-JCZSP,Female,No,Yes,Yes,17,Yes,No,No,No internet service,No internet service,No internet service,No internet service,No internet service,No internet service,One year,No,Mailed check,20.75,418.25,No,12-23,No,No,No,No,0,24.602941176470587
6509-TSGWN,Female,No,Yes,Yes,37,Yes,Yes,No,No internet service,No internet service,No internet service,No internet service,No internet service,No internet service,Month-to-month,No,Mailed check,26.45,911.6,No,36-47,No,Yes,No,No,0,24.63783783783784
6656-JWRQX,Female,No,No,No,1,No,No phone service,DSL,No,No,No,Yes,No,No,Month-to-month,No,Mailed check,30.55,30.55,No,0-5,Yes,Yes,No,No,3,30.55
0212-ISBBF,Female,No,No,No,22,No,No phone service,DSL,No,Yes,No,No,Yes,Yes,Month-to-month,Yes,Electronic check,50.35,1098.85,No,12-23,No,Yes,Yes,No,3,49.94772727272727
3336-JORSO,Female,Yes,No,No,33,Yes,Yes,Fiber optic,No,Yes,Yes,Yes,Yes,Yes,Month-to-month,Yes,Electronic check,110.45,3655.45,Yes,24-35,No,Yes,Yes,Yes,1,110.77121212121212
3638-DIMPH,Female,No,Yes,No,13,Yes,No,DSL,No,No,No,No,No,No,One year,No,Electronic check,43.8,592.65,No,12-23,No,No,Yes,No,4,45.58846153846154
4804-NCPET,Male,No,Yes,Yes,19,Yes,No,No,No internet service,No internet service,No internet service,No internet service,No internet service,No internet service,Two year,No,Mailed check,20.2,387.4,No,12-23,No,No,No,No,0,20.389473684210525
5973-EJGDP,Male,No,No,No,51,Yes,Yes,Fiber optic,No,Yes,Yes,Yes,No,No,Month-to-month,Yes,Electronic check,87.35,4473.0,No,48-59,No,Yes,Yes,Yes,1,87.70588235294117
4433-JCGCG,Male,Yes,Yes,No,46,Yes,Yes,Fiber optic,No,No,Yes,No,Yes,Yes,Month-to-month,Yes,Electronic check,101.0,4680.05,Yes,36-47,No,Yes,Yes,Yes,3,101.74021739130436
3768-VHXQO,Male,No,Yes,No,67,Yes,Yes,No,No internet service,No internet service,No internet service,No internet service,No internet service,No internet service,Two year,No,Credit card (automatic),24.85,1583.5,No,60-72,No,No,No,No,0,23.634328358208958
5451-YHYPW,Female,Yes,Yes,No,72,Yes,Yes,Fiber optic,Yes,Yes,Yes,Yes,Yes,Yes,Two year,Yes,Credit card (automatic),115.75,8443.7,No,60-72,No,No,No,Yes,0,117.27361111111112
8597-CWYHH,Male,No,No,No,43,Yes,Yes,Fiber optic,No,No,No,No,Yes,Yes,One year,No,Mailed check,94.35,3921.3,No,36-47,No,No,No,Yes,4,91.19302325581396
1131-QQZEB,Male,Yes,Yes,No,71,Yes,Yes,No,No internet service,No internet service,No internet service,No internet service,No internet service,No internet service,Two year,No,Bank transfer (automatic),23.95,1756.2,No,60-72,No,No,No,No,0,24.735211267605635
3892-NXAZG,Male,No,Yes,Yes,72,Yes,Yes,Fiber optic,Yes,Yes,Yes,Yes,Yes,Yes,Two year,Yes,Credit card (automatic),114.05,8289.2,No,60-72,No,No,No,Yes,0,115.1277777777778
3370-HXOPH,Female,No,No,No,3,Yes,Yes,Fiber optic,No,No,No,No,No,No,Month-to-month,No,Electronic check,76.1,257.6,No,0-5,Yes,Yes,Yes,Yes,4,85.86666666666667
1038-RQOST,Male,No,Yes,Yes,19,Yes,No,No,No internet service,No internet service,No internet service,No internet service,No internet service,No internet service,Month-to-month,No,Mailed check,20.6,414.95,No,12-23,No,Yes,No,No,0,21.839473684210525
9667-EQRXU,Female,Yes,No,No,30,No,No phone service,DSL,No,No,Yes,No,Yes,No,Month-to-month,Yes,Electronic check,40.3,1172.95,Yes,24-35,No,Yes,Yes,No,3,39.098333333333336
8029-XYPWT,Male,Yes,Yes,No,71,Yes,Yes,Fiber optic,Yes,Yes,Yes,Yes,Yes,Yes,Two year,Yes,Bank transfer (automatic),115.05,8016.6,No,60-72,No,No,No,Yes,0,112.90985915492958
8627-ZYGSZ,Male,No,Yes,No,47,Yes,Yes,Fiber optic,No,Yes,No,No,No,No,One year,Yes,Electronic check,78.9,3650.35,No,36-47,No,No,Yes,Yes,3,77.66702127659575
5644-PDMZC,Female,Yes,No,No,2,Yes,Yes,Fiber optic,No,Yes,No,No,No,Yes,Month-to-month,No,Electronic check,89.5,161.5,Yes,0-5,Yes,Yes,Yes,Yes,3,80.75
6242-FEGFD,Male,No,Yes,No,66,Yes,Yes,Fiber optic,Yes,Yes,Yes,Yes,No,No,Two year,No,Mailed check,96.6,6424.25,No,60-72,No,No,No,Yes,0,97.33712121212122
4770-QAZXN,Female,No,No,No,13,Yes,No,No,No internet service,No internet service,No internet service,No internet service,No internet service,No internet service,Month-to-month,No,Credit card (automatic),19.45,232.1,No,12-23,No,Yes,No,No,0,17.853846153846153
7693-LCKZL,Male,No,Yes,Yes,5,Yes,Yes,Fiber optic,No,Yes,No,No,No,No,Month-to-month,Yes,Electronic check,80.15,385.0,Yes,0-5,No,Yes,Yes,Yes,3,77.0
8450-LUGUK,Female,No,Yes,Yes,37,Yes,Yes,No,No internet service,No internet service,No internet service,No internet service,No internet service,No internet service,Two year,Yes,Bank transfer (automatic),24.1,861.85,No,36-47,No,No,No,No,0,23.293243243243243
5930-GBIWP,Male,No,No,No,69,Yes,Yes,DSL,Yes,Yes,Yes,Yes,No,Yes,Two year,Yes,Credit card (automatic),81.5,5553.25,No,60-72,No,No,No,No,0,80.48188405797102
2234-XADUH,Female,No,Yes,Yes,72,Yes,Yes,Fiber optic,No,Yes,Yes,No,Yes,Yes,One year,Yes,Credit card (automatic),103.2,7362.9,No,60-72,No,No,No,Yes,2,102.2625
1767-CJKBA,Male,No,No,No,66,Yes,Yes,No,No internet service,No internet service,No internet service,No internet service,No internet service,No internet service,Two year,No,Mailed check,25.1,1697.7,No,60-72,No,No,No,No,0,25.722727272727276
5195-KPUNQ,Female,Yes,No,No,53,Yes,No,Fiber optic,Yes,Yes,No,Yes,No,Yes,One year,Yes,Mailed check,96.75,5206.55,No,48-59,No,No,No,Yes,1,98.2367924528302
0704-VCUMB,Female,No,Yes,No,61,Yes,No,No,No internet service,No internet service,No internet service,No internet service,No internet service,No internet service,Two year,No,Credit card (automatic),20.25,1278.8,No,60-72,No,No,No,No,0,20.963934426229507
6164-HXUGH,Female,No,Yes,Yes,6,Yes,No,No,No internet service,No internet service,No internet service,No internet service,No internet service,No internet service,Month-to-month,No,Mailed check,19.85,119.3,No,6-11,No,Yes,No,No,0,19.883333333333333
5989-PGKJB,Female,No,No,No,16,Yes,No,Fiber optic,No,Yes,No,No,No,Yes,Month-to-month,Yes,Electronic check,86.25,1340.1,No,12-23,No,Yes,Yes,Yes,3,83.75625
2363-BJLSL,Male,No,No,No,62,Yes,No,DSL,No,Yes,Yes,Yes,Yes,Yes,Month-to-month,Yes,Bank transfer (automatic),80.4,4981.15,No,60-72,No,Yes,No,No,1,80.34112903225805
9553-DLCLU,Female,No,No,Yes,13,Yes,Yes,DSL,Yes,Yes,Yes,Yes,Yes,Yes,Two year,No,Credit card (automatic),88.95,1161.75,No,12-23,No,No,No,No,0,89.36538461538461
5176-LMJXE,Female,No,No,No,47,Yes,No,No,No internet service,No internet service,No internet service,No internet service,No internet service,No internet service,Two year,Yes,Mailed check,20.55,945.7,No,36-47,No,No,No,No,0,20.12127659574468
8734-DKSTZ,Female,No,Yes,Yes,10,Yes,Yes,Fiber optic,No,No,No,No,No,Yes,Month-to-month,No,Electronic check,85.95,858.6,No,6-11,No,Yes,Yes,Yes,4,85.86
9809-IMGCQ,Male,Yes,No,No,22,Yes,Yes,Fiber optic,No,No,No,No,Yes,Yes,Month-to-month,Yes,Electronic check,96.7,2082.95,Yes,12-23,No,Yes,Yes,Yes,4,94.67954545454543
9837-FWLCH,Male,No,Yes,Yes,12,Yes,No,No,No internet service,No internet service,No internet service,No internet service,No internet service,No internet service,Month-to-month,Yes,Electronic check,19.2,239.0,No,12-23,No,Yes,Yes,No,0,19.916666666666668
5148-ORICT,Female,No,Yes,No,64,Yes,No,DSL,Yes,Yes,Yes,Yes,No,Yes,Two year,Yes,Mailed check,74.35,4759.55,No,60-72,No,No,No,No,0,74.36796875
1135-LMECX,Female,No,No,No,1,Yes,No,No,No internet service,No internet service,No internet service,No internet service,No internet service,No internet service,Month-to-month,No,Mailed check,19.85,19.85,No,0-5,Yes,Yes,No,No,0,19.85
9359-JANWS,Female,No,Yes,No,65,Yes,No,DSL,Yes,No,Yes,Yes,No,No,Two year,No,Credit card (automatic),58.9,3857.1,No,60-72,No,No,No,No,1,59.34
1195-OIYEJ,Male,No,No,No,13,Yes,No,Fiber optic,No,No,No,No,Yes,Yes,Month-to-month,Yes,Electronic check,91.1,1135.7,Yes,12-23,No,Yes,Yes,Yes,4,87.36153846153846
3038-PQIUY,Female,No,No,No,38,Yes,Yes,DSL,Yes,Yes,Yes,No,No,No,Month-to-month,Yes,Bank transfer (automatic),66.15,2522.4,No,36-47,No,Yes,No,No,1,66.37894736842105
5542-DHSXL,Female,No,Yes,No,4,Yes,No,DSL,Yes,Yes,No,No,No,No,Month-to-month,No,Mailed check,54.7,235.05,No,0-5,No,Yes,No,No,2,58.7625
7801-KICAO,Female,No,No,No,18,Yes,Yes,Fiber optic,No,No,No,No,No,No,Month-to-month,Yes,Electronic check,74.15,1345.75,No,12-23,No,Yes,Yes,Yes,4,74.76388888888889
1179-INLAT,Male,No,No,No,3,Yes,No,No,No internet service,No internet service,No internet service,No internet service,No internet service,No internet service,One year,Yes,Mailed check,19.45,69.25,No,0-5,Yes,No,No,No,0,23.08333333333333
0471-LVHGK,Male,No,Yes,No,41,Yes,Yes,DSL,No,No,Yes,No,Yes,Yes,One year,Yes,Electronic check,73.0,3001.2,Yes,36-47,No,No,Yes,No,3,73.19999999999999
5846-QFDFI,Female,No,Yes,Yes,33,Yes,Yes,Fiber optic,No,Yes,Yes,Yes,No,No,Month-to-month,No,Credit card (automatic),88.6,2888.7,No,24-35,No,Yes,No,Yes,1,87.53636363636363
0870-VEMYL,Female,No,No,No,5,Yes,No,DSL,Yes,No,No,Yes,No,No,Month-to-month,No,Credit card (automatic),53.85,259.8,Yes,0-5,No,Yes,No,No,2,51.96
2105-PHWON,Female,No,Yes,No,33,Yes,Yes,Fiber optic,No,No,Yes,Yes,No,Yes,Month-to-month,Yes,Credit card (automatic),95.0,3008.15,No,24-35,No,Yes,No,Yes,2,91.1560606060606
5846-ABOBJ,Male,No,Yes,No,71,Yes,Yes,No,No internet service,No internet service,No internet service,No internet service,No internet service,No internet service,Two year,No,Bank transfer (automatic),24.45,1730.65,No,60-72,No,No,No,No,0,24.375352112676055
1456-TWCGB,Male,No,No,No,4,Yes,No,DSL,No,Yes,No,No,No,No,Month-to-month,No,Mailed check,49.25,208.45,No,0-5,No,Yes,No,No,3,52.1125
8128-YVJRG,Female,No,No,No,7,Yes,Yes,Fiber optic,Yes,No,No,No,No,No,Month-to-month,Yes,Mailed check,79.65,604.7,Yes,6-11,No,Yes,No,Yes,3,86.38571428571429
7145-FEJWU,Female,No,No,Yes,12,Yes,Yes,Fiber optic,No,Yes,Yes,No,Yes,Yes,Month-to-month,Yes,Electronic check,105.3,1275.65,No,12-23,No,Yes,Yes,Yes,2,106.30416666666667
7508-MYBOG,Male,No,Yes,No,14,Yes,Yes,Fiber optic,No,No,No,No,Yes,No,Month-to-month,Yes,Electronic check,86.1,1235.55,Yes,12-23,No,Yes,Yes,Yes,4,88.25357142857142
4468-KAZHE,Female,Yes,Yes,No,20,Yes,No,DSL,No,Yes,No,No,No,Yes,Month-to-month,Yes,Electronic check,60.0,1259.35,No,12-23,No,Yes,Yes,No,3,62.9675
5895-QSXOD,Male,No,No,No,9,Yes,No,Fiber optic,No,No,No,No,No,No,Month-to-month,No,Mailed check,70.05,657.5,No,6-11,No,Yes,No,Yes,4,73.05555555555556
1047-NNCBF,Male,No,No,No,20,Yes,No,Fiber optic,No,No,No,No,No,No,Month-to-month,No,Credit card (automatic),70.55,1493.55,No,12-23,No,Yes,No,Yes,4,74.6775
8466-PZBLH,Male,No,Yes,Yes,67,Yes,Yes,Fiber optic,Yes,No,No,Yes,Yes,Yes,Two year,No,Bank transfer (automatic),104.6,6885.75,No,60-72,No,No,No,Yes,2,102.7723880597015
9388-ZEYVT,Male,No,No,No,43,No,No phone service,DSL,No,No,Yes,Yes,No,Yes,One year,No,Electronic check,44.15,1931.3,No,36-47,No,No,Yes,No,2,44.913953488372094
1794-HBQTJ,Female,No,No,No,1,Yes,No,DSL,Yes,No,No,No,No,No,Month-to-month,Yes,Credit card (automatic),48.6,48.6,Yes,0-5,Yes,Yes,No,No,3,48.6
3161-GETRM,Male,No,Yes,Yes,34,Yes,Yes,Fiber optic,No,No,Yes,No,No,Yes,Month-to-month,Yes,Credit card (automatic),90.05,3097.0,No,24-35,No,Yes,No,Yes,3,91.08823529411764
8714-CTZJW,Female,No,No,No,4,Yes,No,Fiber optic,No,No,Yes,No,No,Yes,Month-to-month,Yes,Credit card (automatic),82.85,319.6,No,0-5,No,Yes,No,Yes,3,79.9
0871-URUWO,Male,No,Yes,No,13,Yes,Yes,Fiber optic,No,No,Yes,No,Yes,Yes,Month-to-month,Yes,Credit card (automatic),102.25,1359.0,Yes,12-23,No,Yes,No,Yes,3,104.53846153846152
1213-NGCUN,Female,No,No,No,6,Yes,No,DSL,No,No,No,Yes,No,No,Month-to-month,Yes,Bank transfer (automatic),49.65,267.35,Yes,6-11,No,Yes,No,No,3,44.55833333333334
7825-ECJRF,Female,No,No,No,19,Yes,No,Fiber optic,Yes,No,Yes,Yes,Yes,Yes,Month-to-month,Yes,Electronic check,106.6,1934.45,Yes,12-23,No,Yes,Yes,Yes,1,101.81315789473685
8148-WOCMK,Male,No,Yes,Yes,8,Yes,No,No,No internet service,No internet service,No internet service,No internet service,No internet service,No internet service,Two year,No,Credit card (automatic),19.6,125.0,No,6-11,No,No,No,No,0,15.625
6614-FHDBO,Male,No,No,No,72,Yes,Yes,Fiber optic,No,Yes,Yes,Yes,Yes,Yes,Two year,No,Bank transfer (automatic),109.2,7878.3,No,60-72,No,No,No,Yes,1,109.42083333333332
4625-XMOYM,Female,No,Yes,Yes,72,Yes,Yes,No,No internet service,No internet service,No internet service,No internet service,No internet service,No internet service,Two year,Yes,Bank transfer (automatic),26.25,1988.05,No,60-72,No,No,No,No,0,27.61180555555556
9418-RUKPH,Female,No,Yes,Yes,38,Yes,No,No,No internet service,No internet service,No internet service,No internet service,No internet service,No internet service,Two year,Yes,Mailed check,19.95,756.4,No,36-47,No,No,No,No,0,19.905263157894737
8610-ZIKJJ,Female,No,Yes,Yes,2,Yes,No,No,No internet service,No internet service,No internet service,No internet service,No internet service,No internet service,One year,No,Mailed check,20.3,31.9,No,0-5,Yes,No,No,No,0,15.95
2235-ZGKPT,Female,No,Yes,Yes,4,Yes,Yes,DSL,No,No,No,No,No,No,Month-to-month,No,Mailed check,50.85,239.55,Yes,0-5,No,Yes,No,No,4,59.8875
5485-ITNPC,Male,No,Yes,No,66,Yes,No,DSL,Yes,Yes,Yes,Yes,Yes,Yes,Two year,Yes,Bank transfer (automatic),85.9,5595.3,No,60-72,No,No,No,No,0,84.77727272727273
3244-CQPHU,Female,Yes,No,No,72,Yes,Yes,Fiber optic,Yes,Yes,No,Yes,Yes,Yes,Two year,Yes,Bank transfer (automatic),110.1,7746.7,No,60-72,No,No,No,Yes,1,107.59305555555557
6353-BRMMA,Female,No,Yes,Yes,54,Yes,Yes,Fiber optic,Yes,Yes,No,No,Yes,Yes,Month-to-month,Yes,Bank transfer (automatic),104.1,5645.8,No,48-59,No,Yes,No,Yes,2,104.55185185185184
2716-GFZOR,Male,No,Yes,No,43,Yes,No,Fiber optic,Yes,Yes,Yes,No,No,No,Month-to-month,Yes,Credit card (automatic),86.1,3551.65,No,36-47,No,Yes,No,Yes,1,82.59651162790698
6243-OZGFH,Female,No,No,No,23,No,No phone service,DSL,No,No,No,No,Yes,Yes,Month-to-month,Yes,Electronic check,44.95,996.85,No,12-23,No,Yes,Yes,No,4,43.34130434782609
9441-QHEVC,Male,No,No,No,1,Yes,No,No,No internet service,No internet service,No internet service,No internet service,No internet service,No internet service,Month-to-month,No,Mailed check,19.1,19.1,No,0-5,Yes,Yes,No,No,0,19.1
8990-ZXLSU,Female,No,No,No,9,Yes,No,Fiber optic,No,No,No,No,No,No,Month-to-month,No,Electronic check,69.05,651.5,No,6-11,No,Yes,Yes,Yes,4,72.38888888888889
0970-QXPXW,Female,No,No,No,1,Yes,No,No,No internet service,No internet service,No internet service,No internet service,No internet service,No internet service,Month-to-month,No,Mailed check,19.65,19.65,No,0-5,Yes,Yes,No,No,0,19.65
0902-XKXPN,Male,No,Yes,Yes,69,Yes,No,No,No internet service,No internet service,No internet service,No internet service,No internet service,No internet service,Two year,No,Bank transfer (automatic),20.2,1376.5,No,60-72,No,No,No,No,0,19.94927536231884
4597-ELFTS,Male,No,No,No,56,Yes,Yes,No,No internet service,No internet service,No internet service,No internet service,No internet service,No internet service,One year,No,Electronic check,24.9,1334.0,Yes,48-59,No,No,Yes,No,0,23.821428571428573
4032-RMHCI,Female,No,Yes,Yes,41,No,No phone service,DSL,Yes,No,Yes,No,No,No,One year,No,Credit card (automatic),35.4,1412.4,No,36-47,No,No,No,No,2,34.44878048780488
3774-VBNXY,Female,No,Yes,Yes,64,Yes,No,No,No internet service,No internet service,No internet service,No internet service,No internet service,No internet service,Two year,No,Mailed check,20.2,1277.75,No,60-72,No,No,No,No,0,19.96484375
0278-YXOOG,Male,No,No,No,5,Yes,No,No,No internet service,No internet service,No internet service,No internet service,No internet service,No internet service,Month-to-month,No,Mailed check,21.05,113.85,Yes,0-5,No,Yes,No,No,0,22.77
4636-TVXVG,Male,No,Yes,Yes,62,Yes,No,No,No internet service,No internet service,No internet service,No internet service,No internet service,No internet service,One year,No,Bank transfer (automatic),19.95,1244.8,No,60-72,No,No,No,No,0,20.07741935483871
7013-PSXHK,Female,No,No,No,40,Yes,Yes,DSL,No,No,Yes,Yes,Yes,Yes,One year,Yes,Mailed check,80.75,3208.65,No,36-47,No,No,No,No,2,80.21625
6752-APNJL,Male,No,Yes,Yes,42,Yes,No,DSL,Yes,Yes,No,No,No,No,Month-to-month,No,Mailed check,54.5,2301.15,No,36-47,No,Yes,No,No,2,54.78928571428572
8184-WMOFI,Male,No,Yes,Yes,62,Yes,No,DSL,Yes,No,Yes,Yes,No,Yes,One year,No,Credit card (automatic),71.4,4487.3,No,60-72,No,No,No,No,1,72.3758064516129
2823-LKABH,Female,No,No,No,18,Yes,Yes,Fiber optic,No,No,Yes,Yes,No,Yes,Month-to-month,Yes,Bank transfer (automatic),95.05,1679.4,No,12-23,No,Yes,No,Yes,2,93.3
7799-DSEWS,Male,No,No,No,18,Yes,No,DSL,Yes,No,Yes,Yes,Yes,No,Month-to-month,Yes,Electronic check,68.35,1299.8,No,12-23,No,Yes,Yes,No,1,72.21111111111111
9314-QDMDW,Male,No,No,No,11,Yes,No,DSL,No,Yes,No,No,Yes,No,One year,Yes,Electronic check,61.25,729.95,No,6-11,No,No,Yes,No,3,66.35909090909091
1764-VUUMT,Male,No,No,Yes,66,Yes,No,No,No internet service,No internet service,No internet service,No internet service,No internet service,No internet service,Two year,No,Credit card (automatic),19.95,1269.1,No,60-72,No,No,No,No,0,19.22878787878788
4980-URKXC,Male,No,Yes,No,36,Yes,No,No,No internet service,No internet service,No internet service,No internet service,No internet service,No internet service,One year,No,Bank transfer (automatic),20.85,720.05,No,36-47,No,No,No,No,0,20.001388888888886
1333-PBMXB,Female,No,Yes,Yes,54,Yes,Yes,No,No internet service,No internet service,No internet service,No internet service,No internet service,No internet service,One year,Yes,Bank transfer (automatic),24.75,1342.15,No,48-59,No,No,No,No,0,24.85462962962963
5712-VBOXD,Female,No,No,No,4,Yes,No,No,No internet service,No internet service,No internet service,No internet service,No internet service,No internet service,Month-to-month,Yes,Credit card (automatic),20.15,68.45,No,0-5,No,Yes,No,No,0,17.1125
2796-UUZZO,Male,No,Yes,Yes,63,Yes,No,Fiber optic,No,Yes,Yes,No,No,No,Month-to-month,Yes,Credit card (automatic),80.3,4896.35,No,60-72,No,Yes,No,Yes,2,77.71984126984128
2946-KIQSP,Female,No,No,No,35,No,No phone service,DSL,No,No,Yes,Yes,No,No,Month-to-month,Yes,Mailed check,33.45,1175.85,No,24-35,No,Yes,No,No,2,33.59571428571428
8980-WQFWL,Female,No,No,No,35,Yes,No,DSL,No,No,Yes,No,No,Yes,Month-to-month,Yes,Electronic check,62.1,2096.1,No,24-35,No,Yes,Yes,No,3,59.888571428571424
2155-AMQRX,Female,No,No,No,28,Yes,Yes,DSL,No,No,No,Yes,No,No,Month-to-month,Yes,Credit card (automatic),54.9,1505.15,No,24-35,No,Yes,No,No,3,53.75535714285714
0822-QGCXA,Female,Yes,Yes,No,27,Yes,Yes,DSL,No,Yes,Yes,Yes,Yes,Yes,Month-to-month,No,Electronic check,83.85,2310.2,No,24-35,No,Yes,Yes,No,1,85.56296296296296
9060-HJJRW,Female,No,No,No,51,No,No phone service,DSL,No,Yes,Yes,No,Yes,Yes,One year,Yes,Credit card (automatic),56.4,2928.5,No,48-59,No,No,No,No,2,57.42156862745098
7714-YXSMB,Female,No,No,No,26,Yes,Yes,Fiber optic,No,No,Yes,No,Yes,Yes,Month-to-month,Yes,Bank transfer (automatic),100.5,2599.95,No,24-35,No,Yes,No,Yes,3,99.99807692307692
2208-NQBCT,Female,No,Yes,Yes,26,Yes,No,Fiber optic,Yes,Yes,No,No,No,No,Month-to-month,No,Electronic check,81.95,2070.05,No,24-35,No,Yes,Yes,Yes,2,79.6173076923077
2791-SFVEW,Female,No,No,No,9,Yes,No,No,No internet service,No internet service,No internet service,No internet service,No internet service,No internet service,Month-to-month,No,Bank transfer (automatic),20.15,238.15,No,6-11,No,Yes,No,No,0,26.461111111111112
4398-HSCJH,Female,No,No,No,3,Yes,Yes,DSL,No,No,No,Yes,Yes,No,Month-to-month,Yes,Electronic check,63.6,155.65,Yes,0-5,Yes,Yes,Yes,No,3,51.88333333333333
2933-XEUJM,Female,No,No,No,46,Yes,Yes,DSL,Yes,No,Yes,No,Yes,Yes,Two year,No,Mailed check,79.2,3593.8,No,36-47,No,No,No,No,2,78.12608695652175
9342-VNIMQ,Male,No,No,No,33,Yes,Yes,DSL,No,Yes,No,No,No,No,Month-to-month,Yes,Bank transfer (automatic),54.65,1665.2,No,24-35,No,Yes,No,No,3,50.46060606060606
5760-WRAHC,Female,Yes,No,No,22,Yes,No,DSL,Yes,No,Yes,Yes,No,Yes,Month-to-month,Yes,Mailed check,69.75,1545.4,No,12-23,No,Yes,No,No,1,70.24545454545455
8262-COGGB,Male,No,No,No,1,Yes,No,No,No internet service,No internet service,No internet service,No internet service,No internet service,No internet service,Month-to-month,Yes,Mailed check,20.45,20.45,No,0-5,Yes,Yes,No,No,0,20.45
9237-HQITU,Female,No,No,No,2,Yes,No,Fiber optic,No,No,No,No,No,No,Month-to-month,Yes,Electronic check,70.7,151.65,Yes,0-5,Yes,Yes,Yes,Yes,4,75.825
6131-FOYAS,Male,No,No,No,35,Yes,Yes,DSL,Yes,No,Yes,No,No,No,Month-to-month,Yes,Electronic check,59.6,2094.9,No,24-35,No,Yes,Yes,No,2,59.85428571428572
8623-TMRBY,Male,Yes,Yes,Yes,51,Yes,Yes,Fiber optic,No,Yes,Yes,No,No,No,Month-to-month,Yes,Electronic check,84.2,4146.05,Yes,48-59,No,Yes,Yes,Yes,2,81.29509803921569
2514-GINMM,Male,No,No,No,1,Yes,No,Fiber optic,No,No,No,No,Yes,No,Month-to-month,Yes,Electronic check,79.5,79.5,Yes,0-5,Yes,Yes,Yes,Yes,4,79.5
4102-OQUPX,Male,Yes,Yes,No,1,Yes,Yes,Fiber optic,No,No,No,No,No,No,Month-to-month,Yes,Electronic check,74.4,74.4,Yes,0-5,Yes,Yes,Yes,Yes,4,74.4
6434-TTGJP,Male,No,Yes,Yes,10,No,No phone service,DSL,Yes,Yes,Yes,Yes,No,Yes,Two year,No,Credit card (automatic),53.7,521.0,No,6-11,No,No,No,No,0,52.1
3049-SOLAY,Female,No,Yes,No,3,Yes,Yes,Fiber optic,No,No,No,No,Yes,Yes,Month-to-month,Yes,Electronic check,95.2,292.85,Yes,0-5,Yes,Yes,Yes,Yes,4,97.61666666666667
0305-SQECB,Female,No,No,Yes,11,No,No phone service,DSL,Yes,No,No,Yes,No,No,One year,Yes,Mailed check,36.05,402.6,No,6-11,No,No,No,No,2,36.6
6614-YWYSC,Male,Yes,Yes,No,61,Yes,Yes,No,No internet service,No internet service,No internet service,No internet service,No internet service,No internet service,Two year,No,Bank transfer (automatic),25.0,1501.75,No,60-72,No,No,No,No,0,24.618852459016395
3097-IDVPU,Male,No,Yes,Yes,19,Yes,Yes,DSL,No,No,No,No,No,No,Month-to-month,No,Credit card (automatic),50.1,910.45,No,12-23,No,Yes,No,No,4,47.91842105263158
7824-PANSQ,Male,No,No,No,58,Yes,Yes,Fiber optic,No,No,No,Yes,No,No,Month-to-month,No,Bank transfer (automatic),80.65,4807.35,No,48-59,No,Yes,No,Yes,3,82.88534482758621
8191-XWSZG,Female,No,No,No,52,Yes,No,No,No internet service,No internet service,No internet service,No internet service,No internet service,No internet service,One year,No,Mailed check,20.65,1022.95,No,48-59,No,No,No,No,0,19.672115384615385
7233-DRTRF,Male,No,Yes,No,63,Yes,Yes,Fiber optic,No,Yes,Yes,No,Yes,Yes,Month-to-month,Yes,Electronic check,102.4,6444.05,No,60-72,No,Yes,Yes,Yes,2,102.28650793650796
3752-CQSJI,Female,No,Yes,Yes,13,Yes,No,No,No internet service,No internet service,No internet service,No internet service,No internet service,No internet service,Month-to-month,Yes,Mailed check,20.45,254.5,No,12-23,No,Yes,No,No,0,19.57692307692308
2080-SRCDE,Female,No,No,Yes,1,Yes,Yes,No,No internet service,No internet service,No internet service,No internet service,No internet service,No internet service,Month-to-month,No,Mailed check,25.4,25.4,No,0-5,Yes,Yes,No,No,0,25.4
8519-IMDHU,Male,Yes,Yes,No,15,Yes,Yes,Fiber optic,No,No,No,No,No,Yes,Month-to-month,Yes,Bank transfer (automatic),85.6,1345.55,Yes,12-23,No,Yes,No,Yes,4,89.70333333333333
4573-JKNAE,Male,No,No,Yes,12,Yes,No,No,No internet service,No internet service,No internet service,No internet service,No internet service,No internet service,Two year,No,Bank transfer (automatic),19.35,212.3,No,12-23,No,No,No,No,0,17.691666666666666
6563-VRERX,Male,No,Yes,Yes,33,Yes,No,No,No internet service,No internet service,No internet service,No internet service,No internet service,No internet service,One year,No,Mailed check,20.6,690.25,No,24-35,No,No,No,No,0,20.916666666666668
4719-UMSIY,Male,No,No,Yes,6,Yes,No,No,No internet service,No internet service,No internet service,No internet service,No internet service,No internet service,Month-to-month,No,Mailed check,19.65,100.9,No,6-11,No,Yes,No,No,0,16.816666666666666
1821-BUCWY,Male,No,No,No,30,Yes,No,DSL,Yes,No,Yes,No,No,No,Two year,Yes,Mailed check,55.65,1653.85,No,24-35,No,No,No,No,2,55.12833333333333
8066-POXGX,Female,No,No,No,13,No,No phone service,DSL,No,No,No,No,No,Yes,Month-to-month,Yes,Electronic check,35.1,446.1,Yes,12-23,No,Yes,Yes,No,4,34.315384615384616
0428-IKYCP,Male,No,Yes,No,22,Yes,No,Fiber optic,No,No,Yes,No,Yes,No,Month-to-month,Yes,Bank transfer (automatic),87.0,1850.65,No,12-23,No,Yes,No,Yes,3,84.12045454545455
4546-FOKWR,Female,No,No,No,16,Yes,Yes,Fiber optic,No,No,No,No,No,No,Month-to-month,Yes,Credit card (automatic),74.75,1129.35,No,12-23,No,Yes,No,Yes,4,70.584375
6595-COKXZ,Female,No,No,No,1,Yes,No,DSL,No,No,No,No,No,No,Month-to-month,Yes,Mailed check,44.45,44.45,Yes,0-5,Yes,Yes,No,No,4,44.45
3173-WSSUE,Female,No,Yes,Yes,71,Yes,No,No,No internet service,No internet service,No internet service,No internet service,No internet service,No internet service,Two year,No,Credit card (automatic),19.7,1415.85,No,60-72,No,No,No,No,0,19.94154929577465
2521-NPUZR,Male,No,Yes,No,70,Yes,No,Fiber optic,Yes,Yes,Yes,Yes,No,Yes,Two year,No,Credit card (automatic),101.0,7085.5,No,60-72,No,No,No,Yes,0,101.22142857142858
6650-VJONK,Male,No,No,No,1,Yes,No,DSL,No,No,No,No,No,No,Month-to-month,Yes,Bank transfer (automatic),43.85,43.85,No,0-5,Yes,Yes,No,No,4,43.85
1043-YCUTE,Male,No,Yes,No,56,Yes,Yes,No,No internet service,No internet service,No internet service,No internet service,No internet service,No internet service,Two year,Yes,Credit card (automatic),25.15,1327.15,Yes,48-59,No,No,No,No,0,23.699107142857144
1452-XRSJV,Female,No,Yes,Yes,39,Yes,No,DSL,Yes,No,No,No,No,No,Month-to-month,No,Credit card (automatic),51.05,2066.0,No,36-47,No,Yes,No,No,3,52.97435897435897
0220-EBGCE,Male,No,No,No,2,Yes,No,Fiber optic,No,No,Yes,No,No,Yes,Month-to-month,Yes,Electronic check,85.85,167.3,Yes,0-5,Yes,Yes,Yes,Yes,3,83.65
0702-PGIBZ,Male,No,No,Yes,4,Yes,Yes,Fiber optic,No,Yes,No,No,Yes,Yes,Month-to-month,Yes,Electronic check,101.7,364.55,Yes,0-5,No,Yes,Yes,Yes,3,91.1375
3146-MSEGF,Female,Yes,Yes,Yes,72,Yes,Yes,DSL,Yes,Yes,Yes,Yes,Yes,Yes,Two year,Yes,Credit card (automatic),88.05,6425.65,No,60-72,No,No,No,No,0,89.24513888888889
9845-PEEKO,Female,Yes,No,No,59,Yes,Yes,Fiber optic,No,Yes,No,No,No,No,Two year,Yes,Credit card (automatic),79.2,4590.35,No,48-59,No,No,No,Yes,3,77.80254237288136
8406-LNMHF,Male,Yes,Yes,No,59,Yes,No,Fiber optic,Yes,Yes,Yes,No,No,No,One year,Yes,Credit card (automatic),82.95,4903.15,No,48-59,No,No,No,Yes,1,83.1042372881356
1684-FLBGS,Female,No,Yes,Yes,23,Yes,Yes,DSL,No,Yes,No,Yes,Yes,No,Month-to-month,Yes,Credit card (automatic),69.5,1652.1,No,12-23,No,Yes,No,No,2,71.83043478260869
1735-XMJVH,Male,No,Yes,Yes,8,Yes,No,No,No internet service,No internet service,No internet service,No internet service,No internet service,No internet service,Month-to-month,Yes,Mailed check,19.35,152.6,No,6-11,No,Yes,No,No,0,19.075
8111-SLLHI,Male,Yes,Yes,No,39,Yes,Yes,Fiber optic,No,Yes,Yes,No,Yes,Yes,Month-to-month,Yes,Electronic check,105.65,4284.8,Yes,36-47,No,Yes,Yes,Yes,2,109.86666666666667
0929-HYQEW,Male,No,No,No,3,Yes,No,DSL,Yes,No,No,No,No,No,Month-to-month,Yes,Mailed check,50.15,160.85,No,0-5,Yes,Yes,No,No,3,53.61666666666667
3003-CMDUU,Female,No,Yes,No,25,Yes,No,Fiber optic,No,No,No,Yes,Yes,Yes,Month-to-month,Yes,Electronic check,95.15,2395.7,No,24-35,No,Yes,Yes,Yes,3,95.828
4373-VVHQL,Male,No,No,No,1,Yes,No,DSL,No,No,No,No,No,No,Month-to-month,Yes,Electronic check,44.75,44.75,No,0-5,Yes,Yes,Yes,No,4,44.75
8857-CUPFQ,Male,No,Yes,No,63,Yes,No,No,No internet service,No internet service,No internet service,No internet service,No internet service,No internet service,Two year,No,Mailed check,19.25,1237.65,No,60-72,No,No,No,No,0,19.645238095238096
3871-IKPYH,Male,Yes,No,No,1,Yes,No,Fiber optic,No,No,No,No,No,No,Month-to-month,No,Electronic check,69.1,69.1,Yes,0-5,Yes,Yes,Yes,Yes,4,69.1
5827-MWCZK,Male,No,Yes,Yes,56,Yes,Yes,Fiber optic,No,Yes,No,Yes,Yes,No,Month-to-month,Yes,Credit card (automatic),96.95,5432.2,No,48-59,No,Yes,No,Yes,2,97.00357142857142
5847-MXBEO,Male,No,No,No,22,Yes,No,No,No internet service,No internet service,No internet service,No internet service,No internet service,No internet service,One year,No,Mailed check,20.3,475.1,No,12-23,No,No,No,No,0,21.595454545454547
4647-MUZON,Female,No,Yes,No,18,Yes,No,Fiber optic,No,No,Yes,No,Yes,Yes,Month-to-month,Yes,Credit card (automatic),95.95,1745.5,No,12-23,No,Yes,No,Yes,3,96.97222222222224
6635-MYYYZ,Female,No,No,No,30,Yes,No,DSL,Yes,Yes,Yes,Yes,Yes,Yes,One year,No,Bank transfer (automatic),85.35,2530.4,Yes,24-35,No,No,No,No,0,84.34666666666666
4644-OBGFZ,Male,No,Yes,Yes,55,Yes,No,No,No internet service,No internet service,No internet service,No internet service,No internet service,No internet service,One year,No,Mailed check,19.5,1026.35,No,48-59,No,No,No,No,0,18.66090909090909
3472-OAOOR,Male,No,Yes,Yes,19,No,No phone service,DSL,Yes,Yes,No,No,No,No,Month-to-month,Yes,Mailed check,34.95,610.2,No,12-23,No,Yes,No,No,2,32.11578947368421
6313-GIDIT,Male,Yes,No,No,53,No,No phone service,DSL,No,Yes,Yes,No,Yes,Yes,Month-to-month,Yes,Electronic check,54.45,2854.55,Yes,48-59,No,Yes,Yes,No,2,53.85943396226416
1268-ASBGA,Female,Yes,Yes,No,16,Yes,Yes,Fiber optic,No,No,No,No,No,Yes,Month-to-month,Yes,Credit card (automatic),85.35,1375.15,Yes,12-23,No,Yes,No,Yes,4,85.946875
5233-AOZUF,Female,No,Yes,No,29,Yes,Yes,Fiber optic,No,No,No,No,No,No,Month-to-month,Yes,Electronic check,74.95,2149.05,No,24-35,No,Yes,Yes,Yes,4,74.10517241379311
0106-GHRQR,Male,No,No,No,16,Yes,Yes,DSL,No,Yes,Yes,No,No,Yes,Month-to-month,Yes,Bank transfer (automatic),71.4,1212.1,No,12-23,No,Yes,No,No,2,75.75625
0725-CXOTM,Female,No,No,No,36,Yes,Yes,DSL,Yes,No,Yes,Yes,Yes,Yes,One year,Yes,Credit card (automatic),89.65,3348.1,No,36-47,No,No,No,No,1,93.00277777777778
6152-ONASV,Female,No,Yes,No,68,Yes,Yes,DSL,Yes,No,No,Yes,No,No,One year,No,Bank transfer (automatic),58.25,3975.7,No,60-72,No,No,No,No,2,58.46617647058823
3099-OONVS,Male,No,Yes,Yes,25,Yes,No,DSL,Yes,No,No,Yes,No,No,Month-to-month,No,Electronic check,54.3,1296.8,No,24-35,No,Yes,Yes,No,2,51.872
7638-QVMVY,Female,No,No,No,7,Yes,No,Fiber optic,No,No,No,No,Yes,No,Month-to-month,Yes,Electronic check,79.0,522.95,Yes,6-11,No,Yes,Yes,Yes,4,74.70714285714287
7346-MEDWM,Female,No,No,No,59,Yes,Yes,Fiber optic,No,Yes,Yes,No,No,No,Month-to-month,Yes,Electronic check,83.25,4949.1,No,48-59,No,Yes,Yes,Yes,2,83.88305084745764
2055-BFOCC,Male,Yes,Yes,No,63,Yes,No,DSL,Yes,Yes,Yes,Yes,Yes,Yes,One year,Yes,Bank transfer (automatic),84.0,5329.55,No,60-72,No,No,No,No,0,84.59603174603176
9286-BHDQG,Male,No,Yes,Yes,72,No,No phone service,DSL,Yes,Yes,Yes,Yes,No,No,Two year,No,Credit card (automatic),45.25,3139.8,No,60-72,No,No,No,No,0,43.60833333333333
1251-KRREG,Male,No,No,No,2,Yes,Yes,DSL,No,Yes,No,No,No,No,Month-to-month,Yes,Mailed check,54.4,114.1,Yes,0-5,Yes,Yes,No,No,3,57.05
4062-HBMOS,Male,No,No,No,52,Yes,Yes,Fiber optic,No,Yes,Yes,No,Yes,Yes,Month-to-month,Yes,Electronic check,103.05,5364.8,No,48-59,No,Yes,Yes,Yes,2,103.16923076923078
5286-YHCVC,Male,No,Yes,No,72,Yes,Yes,Fiber optic,No,Yes,Yes,No,Yes,Yes,Two year,Yes,Bank transfer (automatic),104.8,7470.1,No,60-72,No,No,No,Yes,2,103.7513888888889
4929-XIHVW,Male,Yes,Yes,No,2,Yes,No,Fiber optic,No,No,Yes,No,Yes,Yes,Month-to-month,Yes,Credit card (automatic),95.5,181.65,No,0-5,Yes,Yes,No,Yes,3,90.825
2361-FJWNO,Male,No,No,No,40,No,No phone service,DSL,No,Yes,No,Yes,No,No,One year,No,Credit card (automatic),36.0,1382.9,No,36-47,No,No,No,No,2,34.572500000000005
0401-WDBXM,Male,No,Yes,Yes,72,Yes,Yes,Fiber optic,Yes,No,Yes,No,Yes,Yes,Two year,Yes,Bank transfer (automatic),105.55,7542.25,No,60-72,No,No,No,Yes,2,104.75347222222224
7206-PQBBZ,Male,Yes,Yes,No,11,Yes,No,Fiber optic,No,No,No,No,No,No,Month-to-month,Yes,Electronic check,70.2,834.7,No,6-11,No,Yes,Yes,Yes,4,75.88181818181819
5039-LZRQT,Female,No,No,No,13,Yes,No,No,No internet service,No internet service,No internet service,No internet service,No internet service,No internet service,One year,No,Mailed check,20.2,273.25,No,12-23,No,No,No,No,0,21.01923076923077
3223-DWFIO,Male,Yes,No,No,4,Yes,No,Fiber optic,No,No,No,No,No,No,Month-to-month,No,Electronic check,69.35,261.65,No,0-5,No,Yes,Yes,Yes,4,65.4125
7746-AWNQW,Female,No,No,No,28,No,No phone service,DSL,No,No,Yes,Yes,No,No,Month-to-month,Yes,Mailed check,35.75,961.4,No,24-35,No,Yes,No,No,2,34.33571428571428
8644-XLFBW,Male,Yes,No,No,1,Yes,No,Fiber optic,No,No,No,No,No,No,Month-to-month,Yes,Electronic check,71.65,71.65,Yes,0-5,Yes,Yes,Yes,Yes,4,71.65
8311-UEUAB,Female,No,Yes,Yes,67,Yes,Yes,DSL,Yes,No,No,No,Yes,Yes,Two year,Yes,Electronic check,75.5,5229.45,No,60-72,No,No,Yes,No,3,78.05149253731344
7501-VTYLJ,Female,No,No,Yes,2,Yes,No,DSL,No,Yes,No,No,No,No,Month-to-month,No,Mailed check,51.55,106.2,No,0-5,Yes,Yes,No,No,3,53.1
3058-WQDRE,Male,No,No,No,13,No,No phone service,DSL,No,No,No,No,No,No,Month-to-month,Yes,Bank transfer (automatic),25.15,331.85,No,12-23,No,Yes,No,No,4,25.52692307692308
5310-NOOVA,Male,No,No,No,46,Yes,No,No,No internet service,No internet service,No internet service,No internet service,No internet service,No internet service,Two year,No,Electronic check,19.95,907.05,No,36-47,No,No,Yes,No,0,19.718478260869563
8738-JOKAR,Female,No,No,No,42,Yes,No,DSL,Yes,Yes,No,Yes,No,Yes,One year,Yes,Mailed check,67.7,2882.25,No,36-47,No,No,No,No,1,68.625
6621-YOBKI,Male,No,No,No,5,Yes,No,No,No internet service,No internet service,No internet service,No internet service,No internet service,No internet service,Month-to-month,No,Mailed check,20.35,92.75,No,0-5,No,Yes,No,No,0,18.55
9300-AGZNL,Male,Yes,No,No,1,Yes,Yes,Fiber optic,No,No,No,No,Yes,Yes,Month-to-month,Yes,Electronic check,94.0,94.0,Yes,0-5,Yes,Yes,Yes,Yes,4,94.0
2068-WWXQZ,Male,No,No,No,46,Yes,No,No,No internet service,No internet service,No internet service,No internet service,No internet service,No internet service,Two year,No,Bank transfer (automatic),20.05,902.0,No,36-47,No,No,No,No,0,19.608695652173918
6350-XFYGW,Male,Yes,No,No,4,Yes,No,Fiber optic,No,No,Yes,No,Yes,Yes,Month-to-month,Yes,Electronic check,94.75,422.4,No,0-5,No,Yes,Yes,Yes,3,105.6
9127-FHJBZ,Male,No,Yes,Yes,72,Yes,Yes,Fiber optic,Yes,Yes,Yes,Yes,Yes,Yes,Two year,Yes,Electronic check,114.0,8093.15,No,60-72,No,No,Yes,Yes,0,112.4048611111111
6859-RKMZJ,Male,No,Yes,No,11,Yes,No,DSL,No,No,No,No,Yes,No,Month-to-month,Yes,Bank transfer (automatic),55.05,608.15,No,6-11,No,Yes,No,No,4,55.28636363636363
8902-ZEOVF,Male,No,Yes,Yes,47,Yes,No,No,No internet service,No internet service,No internet service,No internet service,No internet service,No internet service,One year,No,Mailed check,20.05,951.55,No,36-47,No,No,No,No,0,20.245744680851065
7698-YFGEZ,Male,No,No,No,1,Yes,No,No,No internet service,No internet service,No internet service,No internet service,No internet service,No internet service,Month-to-month,No,Mailed check,20.0,20.0,No,0-5,Yes,Yes,No,No,0,20.0
0089-IIQKO,Female,No,Yes,Yes,39,Yes,Yes,Fiber optic,No,No,No,Yes,Yes,Yes,Month-to-month,Yes,Credit card (automatic),99.95,3767.4,No,36-47,No,Yes,No,Yes,3,96.6
6847-KJLTS,Female,Yes,Yes,No,58,Yes,Yes,Fiber optic,No,No,No,Yes,Yes,Yes,Month-to-month,Yes,Bank transfer (automatic),100.4,5749.8,No,48-59,No,Yes,No,Yes,3,99.13448275862068
6851-WEFYX,Male,Yes,Yes,No,35,Yes,Yes,Fiber optic,No,No,Yes,No,Yes,Yes,Month-to-month,Yes,Electronic check,100.8,3437.5,No,24-35,No,Yes,Yes,Yes,3,98.21428571428572
8100-PNJMH,Male,No,Yes,Yes,68,Yes,Yes,DSL,Yes,Yes,Yes,Yes,Yes,Yes,Two year,Yes,Credit card (automatic),88.85,6132.7,No,60-72,No,No,No,No,0,90.18676470588235
1696-HXOWK,Female,No,Yes,No,71,Yes,Yes,Fiber optic,Yes,Yes,No,No,Yes,No,One year,No,Mailed check,95.65,6856.95,No,60-72,No,No,No,Yes,2,96.57676056338028
7767-UXAGJ,Male,No,No,No,1,Yes,Yes,DSL,No,No,No,No,No,No,Month-to-month,Yes,Electronic check,50.45,50.45,Yes,0-5,Yes,Yes,Yes,No,4,50.45
9661-JALZV,Female,No,No,No,58,Yes,Yes,No,No internet service,No internet service,No internet service,No internet service,No internet service,No internet service,Two year,Yes,Credit card (automatic),24.7,1519.0,No,48-59,No,No,No,No,0,26.189655172413797
6051-PTVNS,Female,No,Yes,Yes,55,Yes,No,No,No internet service,No internet service,No internet service,No internet service,No internet service,No internet service,One year,No,Credit card (automatic),19.15,998.1,No,48-59,No,No,No,No,0,18.14727272727273
5655-JSMZM,Male,Yes,No,No,49,Yes,Yes,Fiber optic,No,No,No,No,Yes,Yes,Month-to-month,Yes,Electronic check,96.2,4718.25,Yes,48-59,No,Yes,Yes,Yes,4,96.29081632653062
3453-RTHJQ,Male,No,No,No,6,Yes,No,Fiber optic,No,No,No,No,No,No,Month-to-month,Yes,Electronic check,69.1,435.0,No,6-11,No,Yes,Yes,Yes,4,72.5
1506-YJTYT,Male,No,Yes,Yes,45,Yes,Yes,DSL,Yes,Yes,No,Yes,Yes,No,Two year,No,Credit card (automatic),73.85,3371.0,No,36-47,No,No,No,No,1,74.91111111111111
6394-HHHZM,Male,No,No,No,3,Yes,No,No,No internet service,No internet service,No internet service,No internet service,No internet service,No internet service,Month-to-month,No,Mailed check,20.7,57.5,No,0-5,Yes,Yes,No,No,0,19.166666666666668
1635-HDGFT,Female,No,No,Yes,19,Yes,No,No,No internet service,No internet service,No internet service,No internet service,No internet service,No internet service,Two year,No,Mailed check,20.5,398.55,No,12-23,No,No,No,No,0,20.976315789473684
1955-IBMMB,Male,No,No,No,59,Yes,No,No,No internet service,No internet service,No internet service,No internet service,No internet service,No internet service,Two year,Yes,Bank transfer (automatic),20.2,1192.3,No,48-59,No,No,No,No,0,20.208474576271183
2790-XUYMV,Male,No,No,Yes,71,Yes,Yes,Fiber optic,Yes,Yes,No,No,No,No,One year,Yes,Credit card (automatic),85.45,6028.95,No,60-72,No,No,No,Yes,2,84.91478873239437
1402-PTHGN,Female,No,Yes,Yes,18,Yes,No,DSL,Yes,Yes,No,Yes,No,No,One year,Yes,Mailed check,61.5,1087.45,No,12-23,No,No,No,No,1,60.41388888888889
0708-SJDIS,Female,No,No,No,34,Yes,Yes,DSL,No,No,No,Yes,Yes,No,Month-to-month,No,Mailed check,65.0,2157.5,No,24-35,No,Yes,No,No,3,63.45588235294117
2815-CPTUL,Male,Yes,No,No,5,Yes,No,Fiber optic,No,No,No,No,No,No,Month-to-month,Yes,Mailed check,70.25,331.9,Yes,0-5,No,Yes,No,Yes,4,66.38
3452-FLHYD,Male,No,Yes,No,25,Yes,No,No,No internet service,No internet service,No internet service,No internet service,No internet service,No internet service,One year,Yes,Bank transfer (automatic),20.95,495.15,No,24-35,No,No,No,No,0,19.806
0214-JHPFW,Female,No,Yes,No,70,No,No phone service,DSL,No,Yes,Yes,Yes,Yes,Yes,Two year,No,Bank transfer (automatic),57.8,4039.3,No,60-72,No,No,No,No,1,57.70428571428572
8565-WUXZU,Male,Yes,Yes,No,72,Yes,No,Fiber optic,Yes,Yes,No,Yes,No,No,Two year,Yes,Credit card (automatic),84.8,6141.65,No,60-72,No,No,No,Yes,1,85.30069444444445
7560-QRBXH,Female,No,No,Yes,48,Yes,No,No,No internet service,No internet service,No internet service,No internet service,No internet service,No internet service,One year,No,Mailed check,19.95,936.7,No,48-59,No,No,No,No,0,19.51458333333333
6584-VQMYT,Male,No,No,Yes,27,Yes,No,DSL,Yes,Yes,No,No,No,No,One year,No,Mailed check,56.2,1567.55,No,24-35,No,No,No,No,2,58.0574074074074
1114-CENIM,Male,No,No,Yes,54,Yes,Yes,DSL,No,Yes,No,No,No,No,Month-to-month,Yes,Credit card (automatic),55.0,3092.65,Yes,48-59,No,Yes,No,No,3,57.2712962962963
2056-EVGZL,Male,No,Yes,Yes,68,Yes,No,Fiber optic,No,Yes,Yes,Yes,Yes,Yes,One year,No,Credit card (automatic),105.75,7322.5,No,60-72,No,No,No,Yes,1,107.68382352941175
2195-ZRVAX,Female,No,Yes,No,47,Yes,No,Fiber optic,No,No,Yes,No,No,Yes,Month-to-month,Yes,Electronic check,85.3,4045.65,Yes,36-47,No,Yes,Yes,Yes,3,86.07765957446809
2373-NTKOD,Male,No,No,No,8,Yes,No,DSL,No,No,No,No,Yes,Yes,Month-to-month,Yes,Electronic check,66.25,546.45,No,6-11,No,Yes,Yes,No,4,68.30625
2316-ESMLS,Female,No,Yes,Yes,12,No,No phone service,DSL,Yes,No,No,Yes,No,No,One year,No,Credit card (automatic),33.15,444.75,No,12-23,No,No,No,No,2,37.0625
3009-JWMPU,Male,No,No,No,62,Yes,Yes,Fiber optic,No,No,Yes,No,Yes,Yes,One year,Yes,Electronic check,96.75,6125.4,Yes,60-72,No,No,Yes,Yes,3,98.7967741935484
8393-JMVMB,Male,No,No,No,1,Yes,No,No,No internet service,No internet service,No internet service,No internet service,No internet service,No internet service,Month-to-month,No,Mailed check,19.45,19.45,No,0-5,Yes,Yes,No,No,0,19.45
9743-DQKQW,Male,No,No,No,3,No,No phone service,DSL,No,No,No,No,No,No,Month-to-month,No,Electronic check,25.1,79.8,No,0-5,Yes,Yes,Yes,No,4,26.6
2220-IAHLS,Female,No,No,No,1,Yes,No,No,No internet service,No internet service,No internet service,No internet service,No internet service,No internet service,Month-to-month,No,Credit card (automatic),19.4,19.4,No,0-5,Yes,Yes,No,No,0,19.4
7047-FWEYA,Female,No,Yes,No,46,Yes,Yes,Fiber optic,No,Yes,No,Yes,Yes,Yes,One year,Yes,Electronic check,103.15,4594.65,No,36-47,No,No,Yes,Yes,2,99.8836956521739
9950-MTGYX,Male,No,Yes,Yes,28,Yes,No,No,No internet service,No internet service,No internet service,No internet service,No internet service,No internet service,Two year,Yes,Credit card (automatic),20.3,487.95,No,24-35,No,No,No,No,0,17.426785714285714
8405-IGQFX,Female,No,No,No,63,Yes,No,Fiber optic,No,No,Yes,Yes,Yes,No,One year,Yes,Credit card (automatic),90.05,5817.0,No,60-72,No,No,No,Yes,2,92.33333333333331
5640-CAXOA,Female,No,No,No,30,No,No phone service,DSL,No,No,No,Yes,No,Yes,One year,Yes,Credit card (automatic),40.35,1187.05,No,24-35,No,No,No,No,3,39.568333333333335
2207-OBZNX,Male,No,No,No,7,Yes,No,DSL,Yes,No,No,No,No,No,Month-to-month,Yes,Mailed check,51.0,354.05,Yes,6-11,No,Yes,No,No,3,50.57857142857143
3744-ZBHON,Female,No,No,No,3,Yes,No,No,No internet service,No internet service,No internet service,No internet service,No internet service,No internet service,Month-to-month,No,Electronic check,20.2,65.95,No,0-5,Yes,Yes,Yes,No,0,21.98333333333333
8387-UGUSU,Female,No,Yes,Yes,15,Yes,No,No,No internet service,No internet service,No internet service,No internet service,No internet service,No internet service,Month-to-month,No,Mailed check,20.05,284.3,No,12-23,No,Yes,No,No,0,18.953333333333333
4919-MOAVT,Male,No,No,Yes,3,Yes,No,Fiber optic,No,No,No,No,No,No,Month-to-month,No,Electronic check,69.65,220.1,Yes,0-5,Yes,Yes,Yes,Yes,4,73.36666666666666
1577-HKTFG,Female,No,Yes,No,30,Yes,No,No,No internet service,No internet service,No internet service,No internet service,No internet service,No internet service,Month-to-month,No,Bank transfer (automatic),19.65,655.85,Yes,24-35,No,Yes,No,No,0,21.861666666666668
0691-JVSYA,Female,No,Yes,No,53,Yes,No,Fiber optic,No,No,Yes,No,Yes,Yes,One year,Yes,Bank transfer (automatic),94.85,5000.2,Yes,48-59,No,No,No,Yes,3,94.3433962264151
3509-GWQGF,Male,Yes,No,No,24,Yes,No,Fiber optic,No,No,No,No,No,No,Month-to-month,No,Credit card (automatic),70.0,1732.6,No,24-35,No,Yes,No,Yes,4,72.19166666666666
3557-HTYWR,Female,No,No,No,47,Yes,Yes,DSL,Yes,Yes,No,Yes,No,Yes,Two year,No,Mailed check,74.05,3496.3,No,36-47,No,No,No,No,1,74.38936170212766
0225-ZORZP,Male,No,No,No,3,Yes,No,Fiber optic,No,Yes,No,No,No,Yes,Month-to-month,No,Electronic check,84.3,235.05,No,0-5,Yes,Yes,Yes,Yes,3,78.35000000000001
7088-FBAWU,Female,No,Yes,Yes,17,Yes,No,DSL,Yes,Yes,No,No,Yes,Yes,Month-to-month,No,Mailed check,74.55,1215.8,No,12-23,No,Yes,No,No,2,71.51764705882353
3397-AVTKU,Male,No,No,No,43,Yes,No,DSL,No,Yes,No,No,No,Yes,Two year,Yes,Electronic check,60.0,2548.55,No,36-47,No,No,Yes,No,3,59.2686046511628
3705-PSNGL,Male,No,No,No,45,Yes,No,No,No internet service,No internet service,No internet service,No internet service,No internet service,No internet service,One year,Yes,Electronic check,20.4,930.45,Yes,36-47,No,No,Yes,No,0,20.67666666666667
7463-IFMQU,Female,No,Yes,No,72,Yes,No,No,No internet service,No internet service,No internet service,No internet service,No internet service,No internet service,Two year,No,Bank transfer (automatic),20.05,1423.65,No,60-72,No,No,No,No,0,19.772916666666667
9746-MDMBK,Male,No,Yes,Yes,47,Yes,Yes,Fiber optic,Yes,Yes,Yes,Yes,Yes,Yes,One year,Yes,Bank transfer (automatic),113.45,5317.8,No,36-47,No,No,No,Yes,0,113.14468085106384
3346-BRMIS,Female,Yes,Yes,No,18,No,No phone service,DSL,No,No,Yes,No,Yes,Yes,Month-to-month,Yes,Electronic check,48.35,810.7,Yes,12-23,No,Yes,Yes,No,3,45.03888888888889
9305-CDSKC,Female,No,No,No,8,Yes,Yes,Fiber optic,No,No,Yes,No,Yes,Yes,Month-to-month,Yes,Electronic check,99.65,820.5,Yes,6-11,No,Yes,Yes,Yes,3,102.5625
0999-QXNSA,Male,Yes,No,Yes,7,Yes,No,DSL,No,No,No,No,No,No,Month-to-month,Yes,Mailed check,45.75,344.2,No,6-11,No,Yes,No,No,4,49.17142857142857
5108-ADXWO,Male,No,No,No,11,Yes,No,Fiber optic,Yes,No,No,No,No,No,Month-to-month,Yes,Electronic check,73.5,791.75,Yes,6-11,No,Yes,Yes,Yes,3,71.97727272727273
9725-SCPZG,Male,No,No,Yes,1,Yes,No,Fiber optic,No,No,No,No,Yes,Yes,Month-to-month,Yes,Electronic check,90.85,90.85,Yes,0-5,Yes,Yes,Yes,Yes,4,90.85
1839-UMACK,Male,No,No,No,42,Yes,Yes,No,No internet service,No internet service,No internet service,No internet service,No internet service,No internet service,One year,No,Electronic check,25.05,949.85,No,36-47,No,No,Yes,No,0,22.61547619047619
1442-BQPVU,Female,No,No,No,13,No,No phone service,DSL,No,Yes,No,No,No,No,Month-to-month,No,Electronic check,29.15,357.15,No,12-23,No,Yes,Yes,No,3,27.47307692307692
6828-HMKWP,Male,No,Yes,Yes,12,Yes,No,No,No internet service,No internet service,No internet service,No internet service,No internet service,No internet service,Two year,No,Bank transfer (automatic),21.05,262.05,No,12-23,No,No,No,No,0,21.8375
9364-YKUVW,Male,No,No,No,15,Yes,No,No,No internet service,No internet service,No internet service,No internet service,No internet service,No internet service,Month-to-month,Yes,Mailed check,19.8,309.4,No,12-23,No,Yes,No,No,0,20.626666666666665
9862-KJTYK,Male,No,No,Yes,19,No,No phone service,DSL,No,No,No,No,No,No,Month-to-month,Yes,Credit card (automatic),25.35,566.1,No,12-23,No,Yes,No,No,4,29.794736842105262
0971-QIFJK,Female,No,Yes,No,69,Yes,Yes,No,No internet service,No internet service,No internet service,No internet service,No internet service,No internet service,Two year,No,Bank transfer (automatic),24.25,1641.8,No,60-72,No,No,No,No,0,23.79420289855073
1676-MQAOA,Male,No,No,No,72,Yes,No,DSL,Yes,Yes,Yes,Yes,Yes,No,Two year,Yes,Bank transfer (automatic),75.1,5336.35,No,60-72,No,No,No,No,0,74.11597222222223
3620-EHIMZ,Female,No,Yes,Yes,52,Yes,No,No,No internet service,No internet service,No internet service,No internet service,No internet service,No internet service,Two year,No,Mailed check,19.35,1031.7,No,48-59,No,No,No,No,0,19.84038461538461
3129-AAQOU,Female,No,Yes,Yes,19,Yes,Yes,No,No internet service,No internet service,No internet service,No internet service,No internet service,No internet service,Two year,No,Mailed check,25.6,485.9,No,12-23,No,No,No,No,0,25.573684210526316
2632-UCGVD,Male,Yes,Yes,No,66,Yes,Yes,Fiber optic,No,No,No,Yes,Yes,Yes,Month-to-month,Yes,Credit card (automatic),100.05,6871.9,Yes,60-72,No,Yes,No,Yes,3,104.11969696969696
3753-TSEMP,Female,No,Yes,No,15,Yes,No,Fiber optic,No,No,No,No,Yes,Yes,Month-to-month,No,Electronic check,88.15,1390.6,Yes,12-23,No,Yes,Yes,Yes,4,92.70666666666666
0639-TSIQW,Female,No,No,No,67,Yes,Yes,Fiber optic,Yes,Yes,Yes,No,Yes,No,Month-to-month,Yes,Credit card (automatic),102.95,6886.25,Yes,60-72,No,Yes,No,Yes,1,102.77985074626864
1219-NNDDO,Female,No,No,No,9,Yes,Yes,Fiber optic,No,No,No,No,No,No,Month-to-month,Yes,Electronic check,76.85,663.55,No,6-11,No,Yes,Yes,Yes,4,73.72777777777777
5073-WXOYN,Female,No,No,No,60,No,No phone service,DSL,No,Yes,No,No,Yes,Yes,Month-to-month,Yes,Electronic check,50.8,3027.4,Yes,60-72,No,Yes,Yes,No,3,50.45666666666667
4078-SAYYN,Female,No,No,No,11,Yes,Yes,Fiber optic,No,No,Yes,No,Yes,Yes,Month-to-month,Yes,Electronic check,100.75,1129.75,Yes,6-11,No,Yes,Yes,Yes,3,102.70454545454544
4615-PIVVU,Female,No,No,No,42,Yes,No,DSL,No,No,Yes,Yes,No,Yes,Two year,No,Credit card (automatic),66.5,2762.75,No,36-47,No,No,No,No,2,65.7797619047619
6952-OMNWB,Male,Yes,Yes,No,68,Yes,Yes,Fiber optic,No,No,Yes,No,No,No,Month-to-month,Yes,Credit card (automatic),80.35,5589.3,No,60-72,No,Yes,No,Yes,3,82.19558823529412
7055-JCGNI,Female,No,No,No,70,Yes,Yes,Fiber optic,Yes,Yes,Yes,Yes,Yes,Yes,Two year,Yes,Credit card (automatic),111.95,7795.95,No,60-72,No,No,No,Yes,0,111.37071428571429
1535-VTJOQ,Female,No,No,No,24,Yes,Yes,No,No internet service,No internet service,No internet service,No internet service,No internet service,No internet service,Two year,No,Credit card (automatic),25.15,553.0,No,24-35,No,No,No,No,0,23.041666666666668
3976-BWUCK,Female,No,Yes,No,30,Yes,Yes,Fiber optic,No,Yes,No,Yes,Yes,No,Month-to-month,Yes,Credit card (automatic),94.1,2804.45,Yes,24-35,No,Yes,No,Yes,2,93.48166666666664
8085-MSNLK,Female,No,Yes,No,62,Yes,Yes,Fiber optic,Yes,Yes,Yes,Yes,Yes,Yes,Two year,No,Mailed check,113.95,6891.4,No,60-72,No,No,No,Yes,0,111.1516129032258
0129-QMPDR,Male,No,Yes,Yes,44,Yes,No,No,No internet service,No internet service,No internet service,No internet service,No internet service,No internet service,One year,Yes,Bank transfer (automatic),20.5,865.05,No,36-47,No,No,No,No,0,19.660227272727276
2842-BCQGE,Male,No,No,No,43,Yes,Yes,Fiber optic,No,No,No,No,No,No,Month-to-month,Yes,Credit card (automatic),75.35,3161.4,No,36-47,No,Yes,No,Yes,4,73.52093023255814
7696-CFTAT,Male,No,Yes,Yes,37,Yes,No,No,No internet service,No internet service,No internet service,No internet service,No internet service,No internet service,Two year,No,Bank transfer (automatic),19.8,726.1,No,36-47,No,No,No,No,0,19.624324324324323
8286-AFUYI,Male,No,No,No,1,Yes,No,DSL,Yes,No,No,No,No,No,Month-to-month,No,Electronic check,47.95,47.95,No,0-5,Yes,Yes,Yes,No,3,47.95
2956-GGUCQ,Male,Yes,Yes,No,24,Yes,Yes,Fiber optic,Yes,No,No,No,No,No,Month-to-month,Yes,Electronic check,78.85,1772.25,Yes,24-35,No,Yes,Yes,Yes,3,73.84375
7908-QCBCA,Female,No,Yes,No,1,Yes,No,Fiber optic,No,No,No,No,No,No,Month-to-month,Yes,Mailed check,69.4,69.4,Yes,0-5,Yes,Yes,No,Yes,4,69.4
8807-ARQET,Female,No,No,No,41,No,No phone service,DSL,No,Yes,No,No,No,Yes,Month-to-month,Yes,Electronic check,40.35,1677.85,No,36-47,No,Yes,Yes,No,3,40.92317073170732
4355-HBJHH,Male,No,Yes,Yes,67,Yes,Yes,DSL,Yes,No,Yes,No,Yes,Yes,Two year,Yes,Electronic check,79.7,5293.4,Yes,60-72,No,No,Yes,No,2,79.00597014925373
5382-TEMLV,Male,No,No,No,45,Yes,No,DSL,Yes,No,No,No,No,No,Month-to-month,Yes,Bank transfer (automatic),50.9,2298.55,No,36-47,No,Yes,No,No,3,51.07888888888889
8819-IMISP,Male,No,No,No,31,Yes,Yes,Fiber optic,No,Yes,No,No,No,No,Month-to-month,Yes,Electronic check,80.45,2429.1,No,24-35,No,Yes,Yes,Yes,3,78.35806451612903
6100-FJZDG,Male,No,Yes,Yes,26,Yes,No,No,No internet service,No internet service,No internet service,No internet service,No internet service,No internet service,One year,Yes,Bank transfer (automatic),20.05,505.9,No,24-35,No,No,No,No,0,19.457692307692305
5119-KEPFY,Male,No,Yes,No,36,Yes,Yes,Fiber optic,No,No,No,No,Yes,Yes,Month-to-month,Yes,Bank transfer (automatic),95.0,3440.25,No,36-47,No,Yes,No,Yes,4,95.5625
6265-SXWBU,Male,No,Yes,Yes,69,Yes,Yes,Fiber optic,No,Yes,Yes,No,Yes,No,One year,No,Credit card (automatic),95.75,6511.25,No,60-72,No,No,No,Yes,2,94.3659420289855
5813-UECBU,Male,Yes,No,No,33,Yes,Yes,Fiber optic,No,Yes,Yes,No,No,No,Month-to-month,Yes,Credit card (automatic),83.85,2716.3,Yes,24-35,No,Yes,No,Yes,2,82.31212121212121
9881-VCZEP,Female,No,Yes,No,25,Yes,Yes,DSL,No,Yes,No,No,No,No,Month-to-month,No,Electronic check,54.1,1373.0,No,24-35,No,Yes,Yes,No,3,54.92
8677-HDZEE,Female,No,No,No,56,Yes,Yes,Fiber optic,No,Yes,No,Yes,Yes,Yes,Month-to-month,Yes,Bank transfer (automatic),105.45,5916.95,No,48-59,No,Yes,No,Yes,2,105.65982142857142
4160-AMJTL,Female,Yes,No,No,8,Yes,No,No,No internet service,No internet service,No internet service,No internet service,No internet service,No internet service,Month-to-month,No,Electronic check,19.65,164.3,Yes,6-11,No,Yes,Yes,No,0,20.5375
6244-BESBM,Male,No,Yes,Yes,69,Yes,No,Fiber optic,No,No,No,Yes,Yes,Yes,Two year,Yes,Credit card (automatic),95.2,6671.7,No,60-72,No,No,No,Yes,3,96.69130434782608
4193-ORFCL,Female,Yes,No,No,1,Yes,No,DSL,No,No,No,No,No,No,Month-to-month,No,Mailed check,45.1,45.1,Yes,0-5,Yes,Yes,No,No,4,45.1
1757-TCATG,Male,No,Yes,Yes,35,Yes,No,No,No internet service,No internet service,No internet service,No internet service,No internet service,No internet service,One year,No,Bank transfer (automatic),20.05,746.75,No,24-35,No,No,No,No,0,21.335714285714285
2654-VBVPB,Female,No,No,No,1,Yes,No,No,No internet service,No internet service,No internet service,No internet service,No internet service,No internet service,Month-to-month,No,Bank transfer (automatic),19.9,19.9,No,0-5,Yes,Yes,No,No,0,19.9
5641-DMBFJ,Female,No,Yes,No,58,Yes,Yes,DSL,Yes,No,Yes,Yes,Yes,Yes,Two year,Yes,Electronic check,84.3,4916.4,No,48-59,No,No,Yes,No,1,84.7655172413793
9958-MEKUC,Male,No,Yes,Yes,72,Yes,Yes,Fiber optic,Yes,Yes,Yes,Yes,No,Yes,Two year,No,Credit card (automatic),103.95,7517.7,No,60-72,No,No,No,Yes,0,104.4125
2876-VBBBL,Female,No,No,No,1,Yes,No,No,No internet service,No internet service,No internet service,No internet service,No internet service,No internet service,Month-to-month,Yes,Mailed check,20.25,20.25,Yes,0-5,Yes,Yes,No,No,0,20.25
8205-MQUGY,Male,No,Yes,Yes,12,Yes,No,DSL,Yes,No,No,No,No,No,Month-to-month,Yes,Electronic check,49.2,571.15,No,12-23,No,Yes,Yes,No,3,47.59583333333333
2920-RNCEZ,Male,No,Yes,Yes,1,Yes,No,Fiber optic,No,No,No,No,No,No,Month-to-month,Yes,Credit card (automatic),69.95,69.95,No,0-5,Yes,Yes,No,Yes,4,69.95
6925-BAYGL,Female,Yes,Yes,No,53,Yes,Yes,No,No internet service,No internet service,No internet service,No internet service,No internet service,No internet service,Two year,No,Credit card (automatic),25.1,1275.6,No,48-59,No,No,No,No,0,24.067924528301884
7841-FCRQD,Female,No,Yes,No,33,Yes,No,DSL,No,Yes,No,Yes,No,No,One year,Yes,Credit card (automatic),53.75,1857.3,No,24-35,No,No,No,No,2,56.28181818181818
8337-MSSXB,Female,No,No,No,14,Yes,No,Fiber optic,No,Yes,No,No,No,Yes,Month-to-month,Yes,Electronic check,86.3,1180.95,Yes,12-23,No,Yes,Yes,Yes,3,84.35357142857143
4827-DPADN,Female,No,Yes,Yes,72,Yes,Yes,DSL,Yes,No,Yes,Yes,Yes,Yes,Two year,Yes,Bank transfer (automatic),83.3,6042.7,No,60-72,No,No,No,No,1,83.92638888888888
6825-UYPFK,Female,No,No,No,23,Yes,Yes,Fiber optic,No,No,No,No,No,No,Month-to-month,No,Bank transfer (automatic),75.6,1758.6,Yes,12-23,No,Yes,No,Yes,4,76.4608695652174
1597-FZREH,Female,No,No,No,2,Yes,No,DSL,No,No,Yes,Yes,Yes,Yes,Month-to-month,No,Electronic check,76.4,160.8,Yes,0-5,Yes,Yes,Yes,No,2,80.4
6645-MXQJT,Male,No,Yes,Yes,2,Yes,No,Fiber optic,Yes,No,No,No,Yes,Yes,Month-to-month,No,Electronic check,97.1,184.15,No,0-5,Yes,Yes,Yes,Yes,3,92.075
4391-RESHN,Male,No,No,No,23,Yes,Yes,Fiber optic,No,No,Yes,Yes,Yes,Yes,Month-to-month,Yes,Mailed check,104.05,2470.1,Yes,12-23,No,Yes,No,Yes,2,107.39565217391304
8917-SZTTJ,Male,No,Yes,Yes,60,Yes,No,No,No internet service,No internet service,No internet service,No internet service,No internet service,No internet service,Two year,No,Credit card (automatic),19.65,1161.75,No,60-72,No,No,No,No,0,19.3625
4550-VBOFE,Male,Yes,Yes,No,70,Yes,Yes,Fiber optic,No,Yes,Yes,No,Yes,Yes,Month-to-month,Yes,Electronic check,102.95,7101.5,Yes,60-72,No,Yes,Yes,Yes,2,101.45
9680-NIAUV,Female,No,Yes,Yes,72,Yes,Yes,Fiber optic,Yes,Yes,Yes,No,Yes,Yes,Two year,No,Credit card (automatic),109.7,8129.3,No,60-72,No,No,No,Yes,1,112.90694444444443
6986-IXNDM,Male,No,No,No,14,Yes,No,Fiber optic,No,No,No,No,Yes,Yes,Month-to-month,Yes,Electronic check,92.9,1337.45,No,12-23,No,Yes,Yes,Yes,4,95.53214285714286
9432-VOFYX,Male,No,No,No,17,Yes,No,Fiber optic,No,No,No,No,No,No,Month-to-month,Yes,Electronic check,70.8,1207.0,No,12-23,No,Yes,Yes,Yes,4,71.0
4237-CLSMM,Male,No,Yes,No,2,Yes,No,No,No internet service,No internet service,No internet service,No internet service,No internet service,No internet service,Month-to-month,No,Mailed check,20.0,38.0,No,0-5,Yes,Yes,No,No,0,19.0
8755-IWJHN,Male,Yes,Yes,No,69,Yes,Yes,Fiber optic,No,Yes,Yes,No,No,Yes,Month-to-month,Yes,Bank transfer (automatic),95.35,6382.0,No,60-72,No,Yes,No,Yes,2,92.4927536231884
8481-YYXWG,Female,No,No,No,5,Yes,No,Fiber optic,No,Yes,No,Yes,No,Yes,Month-to-month,Yes,Electronic check,89.35,461.7,Yes,0-5,No,Yes,Yes,Yes,2,92.34
2205-LPVGL,Male,Yes,Yes,Yes,58,Yes,Yes,Fiber optic,Yes,Yes,No,Yes,No,No,One year,Yes,Bank transfer (automatic),89.85,5125.75,No,48-59,No,No,No,Yes,1,88.375
7674-YTAFD,Female,No,No,No,33,Yes,No,Fiber optic,No,Yes,No,Yes,No,No,One year,Yes,Bank transfer (automatic),79.95,2684.85,No,24-35,No,No,No,Yes,2,81.35909090909091
7105-BENQF,Male,No,No,Yes,15,Yes,No,DSL,Yes,No,Yes,No,No,Yes,One year,No,Mailed check,64.85,950.75,No,12-23,No,No,No,No,2,63.38333333333333
4277-PVRAN,Female,No,No,No,8,Yes,No,Fiber optic,No,No,No,No,Yes,No,Month-to-month,Yes,Bank transfer (automatic),80.1,679.3,Yes,6-11,No,Yes,No,Yes,4,84.9125
1336-EZFZY,Female,No,No,No,4,Yes,No,No,No internet service,No internet service,No internet service,No internet service,No internet service,No internet service,Month-to-month,No,Mailed check,20.05,83.3,No,0-5,No,Yes,No,No,0,20.825
8512-WIWYV,Male,No,No,No,32,Yes,No,No,No internet service,No internet service,No internet service,No internet service,No internet service,No internet service,One year,No,Credit card (automatic),20.35,707.5,No,24-35,No,No,No,No,0,22.109375
0859-YGKFW,Male,No,Yes,Yes,18,Yes,No,No,No internet service,No internet service,No internet service,No internet service,No internet service,No internet service,One year,No,Bank transfer (automatic),20.05,345.9,No,12-23,No,No,No,No,0,19.216666666666665
6769-DCQLI,Male,No,No,No,52,Yes,No,Fiber optic,No,Yes,Yes,Yes,Yes,Yes,One year,Yes,Bank transfer (automatic),105.0,5426.85,Yes,48-59,No,No,No,Yes,1,104.3625
6344-SFJVH,Female,No,No,No,20,No,No phone service,DSL,No,No,No,No,No,No,Month-to-month,No,Credit card (automatic),24.9,505.95,No,12-23,No,Yes,No,No,4,25.2975
9979-RGMZT,Female,No,No,No,7,Yes,No,Fiber optic,No,Yes,No,No,Yes,Yes,One year,Yes,Mailed check,94.05,633.45,No,6-11,No,No,No,Yes,3,90.49285714285716
7182-OVLBJ,Female,No,Yes,Yes,62,Yes,Yes,Fiber optic,Yes,No,No,No,Yes,Yes,Two year,Yes,Bank transfer (automatic),101.15,6638.35,No,60-72,No,No,No,Yes,3,107.0701612903226
6719-FGEDO,Female,No,Yes,No,72,Yes,Yes,Fiber optic,Yes,Yes,Yes,Yes,No,No,Two year,Yes,Bank transfer (automatic),97.0,7104.2,No,60-72,No,No,No,Yes,0,98.66944444444444
0228-MAUWC,Male,No,No,No,19,Yes,Yes,DSL,No,No,Yes,Yes,No,No,Month-to-month,No,Electronic check,59.55,1144.6,No,12-23,No,Yes,Yes,No,2,60.24210526315789
1264-FUHCX,Female,No,Yes,No,49,No,No phone service,DSL,No,Yes,No,Yes,Yes,Yes,One year,Yes,Credit card (automatic),56.3,2780.6,No,48-59,No,No,No,No,2,56.7469387755102
7137-NAXML,Male,No,No,No,23,Yes,No,No,No internet service,No internet service,No internet service,No internet service,No internet service,No internet service,One year,No,Bank transfer (automatic),20.15,405.6,No,12-23,No,No,No,No,0,17.63478260869565
1371-DWPAZ,Female,No,Yes,Yes,0,No,No phone service,DSL,Yes,Yes,Yes,Yes,Yes,No,Two year,No,Credit card (automatic),56.05,0.0,No,0-5,Yes,No,No,No,0,0.0
9481-WHGWY,Female,No,Yes,Yes,70,Yes,No,DSL,Yes,No,No,Yes,Yes,Yes,Two year,No,Credit card (automatic),75.35,5437.75,No,60-72,No,No,No,No,2,77.68214285714286
8996-ZROXE,Male,Yes,No,No,57,Yes,No,DSL,No,No,Yes,Yes,No,No,One year,Yes,Electronic check,53.5,3035.8,No,48-59,No,No,Yes,No,2,53.25964912280702
5743-KHMNA,Male,No,No,No,71,Yes,Yes,No,No internet service,No internet service,No internet service,No internet service,No internet service,No internet service,Two year,No,Bank transfer (automatic),25.55,1898.1,No,60-72,No,No,No,No,0,26.73380281690141
0723-DRCLG,Female,Yes,Yes,No,1,Yes,Yes,Fiber optic,No,No,No,No,No,No,Month-to-month,Yes,Electronic check,74.45,74.45,Yes,0-5,Yes,Yes,Yes,Yes,4,74.45
7636-XUHWW,Male,No,No,No,2,Yes,No,No,No internet service,No internet service,No internet service,No internet service,No internet service,No internet service,Month-to-month,Yes,Credit card (automatic),19.9,33.7,No,0-5,Yes,Yes,No,No,0,16.85
0942-KOWSM,Female,No,Yes,Yes,30,Yes,No,DSL,No,Yes,Yes,Yes,Yes,Yes,Two year,No,Bank transfer (automatic),80.8,2369.3,No,24-35,No,No,No,No,1,78.97666666666667
8648-PFRMP,Female,Yes,No,No,14,No,No phone service,DSL,No,No,No,No,Yes,Yes,Month-to-month,Yes,Electronic check,46.35,672.7,No,12-23,No,Yes,Yes,No,4,48.05
5067-WJEUN,Male,No,Yes,Yes,67,Yes,No,DSL,Yes,Yes,No,No,No,No,Two year,Yes,Bank transfer (automatic),54.2,3838.2,No,60-72,No,No,No,No,2,57.286567164179104
2181-TIDSV,Male,No,Yes,Yes,68,Yes,No,No,No internet service,No internet service,No internet service,No internet service,No internet service,No internet service,Two year,Yes,Bank transfer (automatic),19.95,1303.25,No,60-72,No,No,No,No,0,19.165441176470587
8514-VZHEB,Male,No,Yes,Yes,59,Yes,No,No,No internet service,No internet service,No internet service,No internet service,No internet service,No internet service,Two year,No,Mailed check,19.5,1147.85,No,48-59,No,No,No,No,0,19.45508474576271
3834-XUIFC,Male,No,No,No,7,Yes,Yes,Fiber optic,No,No,No,No,No,Yes,Month-to-month,Yes,Mailed check,85.2,602.55,Yes,6-11,No,Yes,No,Yes,4,86.07857142857142
2240-HSJQD,Male,No,No,Yes,38,Yes,Yes,Fiber optic,No,Yes,No,No,No,No,Month-to-month,Yes,Mailed check,81.85,3141.7,No,36-47,No,Yes,No,Yes,3,82.67631578947368
1000-AJSLD,Male,No,No,No,1,Yes,No,No,No internet service,No internet service,No internet service,No internet service,No internet service,No internet service,Month-to-month,Yes,Mailed check,20.1,20.1,Yes,0-5,Yes,Yes,No,No,0,20.1
4111-BNXIF,Female,No,Yes,Yes,67,No,No phone service,DSL,No,Yes,Yes,Yes,Yes,Yes,Two year,Yes,Electronic check,59.55,4103.9,No,60-72,No,No,Yes,No,1,61.252238805970144
4549-ZDQYY,Female,No,No,No,52,Yes,No,DSL,Yes,No,Yes,Yes,No,No,One year,No,Credit card (automatic),57.95,3042.25,No,48-59,No,No,No,No,1,58.50480769230769
1306-RPWXZ,Female,No,No,Yes,49,Yes,No,No,No internet service,No internet service,No internet service,No internet service,No internet service,No internet service,Two year,No,Credit card (automatic),20.45,1024.65,No,48-59,No,No,No,No,0,20.91122448979592
7196-LIWRH,Female,No,No,No,6,Yes,No,No,No internet service,No internet service,No internet service,No internet service,No internet service,No internet service,Two year,No,Mailed check,19.55,124.45,No,6-11,No,No,No,No,0,20.741666666666667
4441-NIHPT,Female,Yes,No,No,13,Yes,No,Fiber optic,No,No,Yes,No,No,No,Month-to-month,Yes,Electronic check,74.3,940.35,Yes,12-23,No,Yes,Yes,Yes,3,72.33461538461539
7252-NTGSS,Female,No,No,No,1,Yes,No,DSL,No,No,No,No,No,No,Month-to-month,No,Mailed check,45.15,45.15,No,0-5,Yes,Yes,No,No,4,45.15
1791-PQHBB,Female,No,No,Yes,2,Yes,No,DSL,Yes,No,No,No,No,Yes,Month-to-month,Yes,Credit card (automatic),61.2,125.95,No,0-5,Yes,Yes,No,No,3,62.975
9985-MWVIX,Female,No,No,No,1,Yes,No,Fiber optic,No,No,No,No,No,No,Month-to-month,Yes,Mailed check,70.15,70.15,Yes,0-5,Yes,Yes,No,Yes,4,70.15
3946-MHCZW,Male,No,No,No,1,Yes,No,DSL,No,No,Yes,No,No,No,Month-to-month,No,Mailed check,50.9,50.9,Yes,0-5,Yes,Yes,No,No,3,50.9
3247-MHJKM,Male,No,No,No,1,Yes,No,No,No internet service,No internet service,No internet service,No internet service,No internet service,No internet service,Month-to-month,No,Mailed check,20.2,20.2,No,0-5,Yes,Yes,No,No,0,20.2
2868-SNELZ,Female,No,No,No,2,Yes,Yes,Fiber optic,No,No,Yes,No,No,No,Month-to-month,No,Mailed check,80.6,155.8,Yes,0-5,Yes,Yes,No,Yes,3,77.9
8429-XIBUM,Male,No,No,No,22,Yes,Yes,Fiber optic,Yes,No,No,No,Yes,Yes,Month-to-month,Yes,Bank transfer (automatic),101.35,2317.1,Yes,12-23,No,Yes,No,Yes,3,105.32272727272726
9101-BWFSS,Female,No,Yes,No,50,Yes,Yes,Fiber optic,Yes,Yes,No,Yes,Yes,Yes,One year,No,Electronic check,108.55,5610.7,Yes,48-59,No,No,Yes,Yes,1,112.214
0233-FTHAV,Female,No,No,No,60,Yes,Yes,Fiber optic,No,No,Yes,No,No,No,One year,Yes,Bank transfer (automatic),79.2,4765.0,No,60-72,No,No,No,Yes,3,79.41666666666667
3055-VTCGS,Female,No,No,No,63,Yes,No,DSL,No,No,Yes,No,No,Yes,One year,No,Credit card (automatic),58.55,3503.5,No,60-72,No,No,No,No,3,55.61111111111112
1265-BCFEO,Female,No,Yes,No,71,Yes,Yes,DSL,No,No,Yes,Yes,Yes,Yes,Two year,Yes,Bank transfer (automatic),80.45,5662.25,No,60-72,No,No,No,No,2,79.75
2868-LLSKM,Female,No,Yes,Yes,68,Yes,Yes,Fiber optic,No,Yes,No,Yes,No,No,One year,Yes,Bank transfer (automatic),83.65,5733.4,No,60-72,No,No,No,Yes,2,84.31470588235294
9173-IVZVP,Female,No,Yes,Yes,53,Yes,No,No,No internet service,No internet service,No internet service,No internet service,No internet service,No internet service,Two year,No,Mailed check,20.9,1146.05,No,48-59,No,No,No,No,0,21.623584905660376
8665-UTDHZ,Male,No,Yes,Yes,1,No,No phone service,DSL,No,Yes,No,No,No,No,Month-to-month,No,Electronic check,30.2,30.2,Yes,0-5,Yes,Yes,Yes,No,3,30.2
8945-GRKHX,Female,No,No,Yes,1,Yes,No,Fiber optic,No,No,No,No,No,Yes,Month-to-month,No,Electronic check,78.65,78.65,Yes,0-5,Yes,Yes,Yes,Yes,4,78.65
9578-VRMNM,Female,No,No,No,16,Yes,Yes,DSL,No,No,Yes,No,No,Yes,Month-to-month,Yes,Credit card (automatic),65.2,1043.35,Yes,12-23,No,Yes,No,No,3,65.209375
7112-OPOTK,Male,No,No,No,33,Yes,No,Fiber optic,No,No,No,No,No,No,Month-to-month,No,Electronic check,68.25,2171.15,Yes,24-35,No,Yes,Yes,Yes,4,65.79242424242425
0839-QNXME,Female,No,No,No,30,Yes,No,No,No internet service,No internet service,No internet service,No internet service,No internet service,No internet service,Two year,No,Credit card (automatic),19.4,578.5,No,24-35,No,No,No,No,0,19.28333333333333
2834-SPCJV,Male,No,Yes,No,52,Yes,No,Fiber optic,Yes,No,No,No,Yes,No,Month-to-month,No,Electronic check,84.1,4348.65,Yes,48-59,No,Yes,Yes,Yes,3,83.6278846153846
3570-YUEKJ,Female,No,No,No,42,Yes,No,DSL,No,Yes,No,No,No,No,Month-to-month,Yes,Electronic check,49.55,2077.95,No,36-47,No,Yes,Yes,No,3,49.475
2482-CZGBB,Male,No,No,No,10,Yes,No,Fiber optic,No,No,No,No,No,No,Month-to-month,Yes,Electronic check,70.0,740.0,Yes,6-11,No,Yes,Yes,Yes,4,74.0
0508-OOLTO,Female,No,Yes,Yes,2,Yes,No,Fiber optic,No,No,No,No,No,No,Month-to-month,Yes,Electronic check,71.65,135.75,No,0-5,Yes,Yes,Yes,Yes,4,67.875
8042-JVNFH,Male,No,No,No,1,Yes,No,Fiber optic,No,No,No,No,No,No,Month-to-month,Yes,Mailed check,71.35,71.35,Yes,0-5,Yes,Yes,No,Yes,4,71.35
5802-ADBRC,Female,No,Yes,No,50,Yes,Yes,Fiber optic,Yes,No,Yes,No,Yes,Yes,One year,Yes,Mailed check,104.4,5232.9,No,48-59,No,No,No,Yes,2,104.658
4188-PCPIG,Female,No,Yes,No,57,Yes,No,DSL,Yes,Yes,No,Yes,Yes,No,Two year,Yes,Credit card (automatic),70.35,4124.65,No,48-59,No,No,No,No,1,72.36228070175439
4018-KJYUY,Male,No,No,Yes,22,Yes,No,No,No internet service,No internet service,No internet service,No internet service,No internet service,No internet service,Month-to-month,No,Credit card (automatic),20.15,432.5,No,12-23,No,Yes,No,No,0,19.65909090909091
3845-FXCYS,Male,No,No,No,2,Yes,No,No,No internet service,No internet service,No internet service,No internet service,No internet service,No internet service,Month-to-month,Yes,Electronic check,19.65,31.2,No,0-5,Yes,Yes,Yes,No,0,15.6
6549-BTYPG,Female,No,Yes,No,60,No,No phone service,DSL,No,Yes,Yes,Yes,Yes,Yes,Two year,No,Credit card (automatic),60.8,3603.45,No,60-72,No,No,No,No,1,60.0575
7943-RQCHR,Female,No,No,No,9,Yes,Yes,Fiber optic,No,No,No,No,Yes,Yes,Month-to-month,Yes,Electronic check,94.75,889.9,Yes,6-11,No,Yes,Yes,Yes,4,98.87777777777778
0397-GZBBC,Male,Yes,Yes,No,59,Yes,Yes,Fiber optic,No,No,No,No,Yes,Yes,Month-to-month,Yes,Bank transfer (automatic),93.85,5574.75,Yes,48-59,No,Yes,No,Yes,4,94.48728813559322
8216-AZUUZ,Female,No,Yes,Yes,42,Yes,No,Fiber optic,No,No,Yes,Yes,Yes,Yes,Two year,Yes,Electronic check,100.4,4303.65,No,36-47,No,No,Yes,Yes,2,102.46785714285711
4879-GZLFH,Female,No,Yes,Yes,42,Yes,No,Fiber optic,No,No,Yes,No,Yes,Yes,Month-to-month,Yes,Electronic check,92.15,3875.4,No,36-47,No,Yes,Yes,Yes,3,92.27142857142856
6923-JHPMP,Female,No,No,No,2,Yes,No,Fiber optic,Yes,No,Yes,No,No,No,Month-to-month,Yes,Electronic check,80.45,137.1,No,0-5,Yes,Yes,Yes,Yes,2,68.55
3621-CHYVB,Female,No,Yes,No,57,No,No phone service,DSL,Yes,No,Yes,Yes,No,Yes,Month-to-month,Yes,Bank transfer (automatic),49.9,2782.4,No,48-59,No,Yes,No,No,1,48.8140350877193
8020-BWHYL,Female,Yes,No,No,15,Yes,No,Fiber optic,No,Yes,No,No,No,No,Month-to-month,Yes,Credit card (automatic),75.3,1147.45,Yes,12-23,No,Yes,No,Yes,3,76.49666666666667
8784-CGILN,Female,No,No,No,18,Yes,Yes,Fiber optic,No,No,No,Yes,Yes,Yes,Month-to-month,Yes,Bank transfer (automatic),99.85,1776.95,Yes,12-23,No,Yes,No,Yes,3,98.71944444444443
6339-TBELP,Male,No,No,No,71,Yes,Yes,Fiber optic,No,No,Yes,Yes,No,No,Two year,Yes,Credit card (automatic),86.4,6172.0,No,60-72,No,No,No,Yes,2,86.92957746478874
7080-TNUWP,Male,No,Yes,No,70,Yes,Yes,Fiber optic,No,Yes,Yes,No,Yes,No,One year,Yes,Bank transfer (automatic),95.0,6602.9,No,60-72,No,No,No,Yes,2,94.32714285714285
7207-RMRDB,Female,No,Yes,Yes,65,Yes,Yes,Fiber optic,No,Yes,Yes,No,Yes,Yes,Month-to-month,Yes,Electronic check,105.5,6985.65,Yes,60-72,No,Yes,Yes,Yes,2,107.47153846153846
3307-TLCUD,Male,No,Yes,No,17,No,No phone service,DSL,Yes,No,Yes,No,No,No,Month-to-month,No,Mailed check,34.4,592.75,No,12-23,No,Yes,No,No,2,34.86764705882353
1241-EZFMJ,Male,No,Yes,No,61,Yes,Yes,No,No internet service,No internet service,No internet service,No internet service,No internet service,No internet service,Two year,No,Bank transfer (automatic),25.45,1538.6,No,60-72,No,No,No,No,0,25.22295081967213
1963-SVUCV,Male,No,No,No,1,Yes,No,DSL,No,No,No,No,No,No,Month-to-month,No,Electronic check,45.3,45.3,Yes,0-5,Yes,Yes,Yes,No,4,45.3
3134-DSHVC,Female,No,No,No,63,Yes,Yes,Fiber optic,Yes,Yes,Yes,No,Yes,No,Two year,No,Credit card (automatic),98.0,6218.45,No,60-72,No,No,No,Yes,1,98.70555555555556
7321-KKSDU,Male,No,No,Yes,32,Yes,No,No,No internet service,No internet service,No internet service,No internet service,No internet service,No internet service,Two year,No,Mailed check,20.5,696.8,No,24-35,No,No,No,No,0,21.775
1154-HYWWO,Male,No,No,No,38,Yes,No,DSL,Yes,Yes,No,Yes,Yes,No,One year,No,Mailed check,70.6,2708.2,No,36-47,No,No,No,No,1,71.26842105263158
5494-WOZRZ,Female,No,Yes,Yes,71,Yes,No,DSL,Yes,No,Yes,Yes,Yes,Yes,Two year,Yes,Credit card (automatic),82.0,5999.85,No,60-72,No,No,No,No,1,84.5049295774648
8263-QMNTJ,Male,No,Yes,No,72,Yes,Yes,Fiber optic,Yes,Yes,Yes,Yes,Yes,Yes,Two year,Yes,Electronic check,115.55,8425.3,No,60-72,No,No,Yes,Yes,0,117.01805555555556
7517-SAWMO,Female,No,Yes,No,19,Yes,No,Fiber optic,Yes,No,No,No,No,No,Month-to-month,Yes,Electronic check,73.2,1441.1,Yes,12-23,No,Yes,Yes,Yes,3,75.84736842105262
6040-CGACY,Female,No,No,No,15,Yes,No,No,No internet service,No internet service,No internet service,No internet service,No internet service,No internet service,Month-to-month,No,Mailed check,19.6,299.4,No,12-23,No,Yes,No,No,0,19.96
9475-NNDGC,Male,No,Yes,No,71,Yes,Yes,Fiber optic,No,Yes,Yes,Yes,Yes,Yes,One year,Yes,Bank transfer (automatic),113.15,7953.25,No,60-72,No,No,No,Yes,1,112.01760563380282
7274-CGTOD,Male,No,No,No,62,No,No phone service,DSL,Yes,Yes,Yes,Yes,No,No,Two year,Yes,Bank transfer (automatic),43.7,2618.3,No,60-72,No,No,No,No,0,42.230645161290326
0434-CSFON,Female,No,Yes,No,47,Yes,Yes,Fiber optic,No,No,Yes,No,Yes,Yes,Month-to-month,Yes,Electronic check,100.5,4707.1,No,36-47,No,Yes,Yes,Yes,3,100.15106382978723
9614-RMGHA,Male,No,Yes,No,65,Yes,Yes,Fiber optic,No,Yes,No,No,Yes,No,Month-to-month,Yes,Bank transfer (automatic),91.85,5940.85,Yes,60-72,No,Yes,No,Yes,3,91.39769230769232
7465-ZZRVX,Male,No,No,No,1,Yes,No,Fiber optic,No,No,No,No,No,No,Month-to-month,Yes,Electronic check,70.35,70.35,No,0-5,Yes,Yes,Yes,Yes,4,70.35
4706-AXVKM,Female,Yes,No,No,11,Yes,Yes,Fiber optic,No,No,No,No,No,Yes,Month-to-month,Yes,Credit card (automatic),84.8,906.85,Yes,6-11,No,Yes,No,Yes,4,82.44090909090909
2348-KCJLT,Female,No,Yes,No,44,Yes,No,DSL,Yes,Yes,Yes,No,No,No,One year,Yes,Mailed check,61.5,2722.2,No,36-47,No,No,No,No,1,61.86818181818182
9294-TDIPC,Male,No,No,Yes,5,Yes,No,No,No internet service,No internet service,No internet service,No internet service,No internet service,No internet service,Month-to-month,No,Mailed check,20.2,83.75,No,0-5,No,Yes,No,No,0,16.75
5940-NFXKV,Male,No,Yes,Yes,19,Yes,Yes,Fiber optic,No,No,No,No,No,Yes,Month-to-month,Yes,Electronic check,83.65,1465.75,Yes,12-23,No,Yes,Yes,Yes,4,77.14473684210526
2430-RRYUW,Male,No,No,No,66,Yes,No,DSL,Yes,Yes,No,No,No,No,One year,Yes,Mailed check,54.8,3465.7,No,60-72,No,No,No,No,2,52.51060606060606
4628-CTTLA,Male,No,No,No,57,No,No phone service,DSL,No,Yes,No,No,Yes,No,Month-to-month,Yes,Electronic check,39.3,2111.45,Yes,48-59,No,Yes,Yes,No,3,37.04298245614035
4238-HFHSN,Male,Yes,Yes,No,61,Yes,Yes,Fiber optic,No,Yes,No,No,No,No,Month-to-month,Yes,Electronic check,82.15,4904.85,No,60-72,No,Yes,Yes,Yes,3,80.40737704918034
9677-AVKED,Female,No,No,Yes,53,Yes,Yes,DSL,No,Yes,Yes,Yes,Yes,Yes,One year,Yes,Electronic check,84.6,4449.75,No,48-59,No,No,Yes,No,1,83.95754716981132
0939-YAPAF,Female,No,No,No,35,Yes,Yes,Fiber optic,No,No,Yes,No,Yes,Yes,Month-to-month,Yes,Electronic check,100.25,3527.6,Yes,24-35,No,Yes,Yes,Yes,3,100.78857142857144
0771-WLCLA,Female,No,Yes,Yes,16,Yes,Yes,Fiber optic,Yes,No,Yes,Yes,Yes,Yes,Month-to-month,Yes,Electronic check,112.95,1882.55,No,12-23,No,Yes,Yes,Yes,1,117.659375
6616-AALSR,Female,No,Yes,Yes,65,Yes,Yes,Fiber optic,Yes,No,Yes,No,Yes,Yes,Two year,Yes,Credit card (automatic),104.3,6725.3,No,60-72,No,No,No,Yes,2,103.46615384615384
7375-WMVMT,Male,Yes,Yes,No,71,Yes,No,Fiber optic,No,Yes,Yes,Yes,No,Yes,Two year,Yes,Credit card (automatic),95.5,6707.15,No,60-72,No,No,No,Yes,1,94.4669014084507
5010-IPEAQ,Female,No,Yes,Yes,67,No,No phone service,DSL,Yes,Yes,Yes,Yes,Yes,No,Two year,No,Credit card (automatic),54.2,3623.95,No,60-72,No,No,No,No,0,54.08880597014925
0549-CYCQN,Male,Yes,No,No,51,Yes,Yes,Fiber optic,No,Yes,No,No,No,No,One year,Yes,Bank transfer (automatic),79.6,3974.7,No,48-59,No,No,No,Yes,3,77.93529411764706
3486-KHMLI,Male,No,No,Yes,21,Yes,Yes,No,No internet service,No internet service,No internet service,No internet service,No internet service,No internet service,Month-to-month,No,Mailed check,24.7,467.15,No,12-23,No,Yes,No,No,0,22.245238095238093
0310-VQXAM,Male,No,No,No,9,Yes,No,No,No internet service,No internet service,No internet service,No internet service,No internet service,No internet service,Month-to-month,No,Mailed check,19.85,178.8,No,6-11,No,Yes,No,No,0,19.866666666666667
9638-JIQYA,Male,No,No,No,2,No,No phone service,DSL,No,No,No,No,No,No,Month-to-month,Yes,Credit card (automatic),24.9,49.7,No,0-5,Yes,Yes,No,No,4,24.85
0191-ZHSKZ,Male,Yes,No,No,30,Yes,No,DSL,Yes,Yes,No,No,Yes,Yes,Month-to-month,Yes,Electronic check,74.75,2111.3,No,24-35,No,Yes,Yes,No,2,70.37666666666668
9795-SHUHB,Female,No,Yes,Yes,66,Yes,No,DSL,Yes,Yes,No,Yes,No,No,Two year,Yes,Credit card (automatic),58.2,3810.8,No,60-72,No,No,No,No,1,57.73939393939394
4685-ERGHK,Male,No,No,No,57,Yes,Yes,Fiber optic,No,No,No,No,Yes,No,One year,Yes,Electronic check,86.9,4939.25,No,48-59,No,No,Yes,Yes,4,86.65350877192982
1816-FLZDK,Male,No,No,No,1,No,No phone service,DSL,No,No,No,Yes,No,No,Month-to-month,No,Mailed check,29.15,29.15,No,0-5,Yes,Yes,No,No,3,29.15
2252-NKNSI,Male,No,No,Yes,52,Yes,Yes,DSL,Yes,Yes,No,Yes,Yes,Yes,Two year,Yes,Mailed check,85.15,4461.85,No,48-59,No,No,No,No,1,85.8048076923077
8661-BOYNW,Female,No,Yes,No,72,Yes,Yes,DSL,Yes,No,Yes,Yes,Yes,Yes,Two year,Yes,Credit card (automatic),84.4,6096.45,No,60-72,No,No,No,No,1,84.67291666666667
3413-BMNZE,Male,Yes,No,No,1,Yes,No,DSL,No,No,No,No,No,No,Month-to-month,No,Bank transfer (automatic),45.25,45.25,No,0-5,Yes,Yes,No,No,4,45.25
9258-CNWAC,Female,No,Yes,Yes,71,Yes,Yes,Fiber optic,Yes,Yes,Yes,Yes,Yes,Yes,Two year,No,Credit card (automatic),113.65,8166.8,No,60-72,No,No,No,Yes,0,115.02535211267606
8327-LZKAS,Female,Yes,Yes,No,43,Yes,Yes,Fiber optic,No,No,Yes,Yes,Yes,Yes,One year,Yes,Electronic check,107.55,4533.9,Yes,36-47,No,No,Yes,Yes,2,105.43953488372092
6010-DDPPW,Male,No,Yes,No,70,Yes,Yes,No,No internet service,No internet service,No internet service,No internet service,No internet service,No internet service,Two year,No,Bank transfer (automatic),25.15,1940.85,No,60-72,No,No,No,No,0,27.72642857142857
0178-CIIKR,Female,No,No,No,3,Yes,No,No,No internet service,No internet service,No internet service,No internet service,No internet service,No internet service,Month-to-month,No,Mailed check,19.95,58.0,No,0-5,Yes,Yes,No,No,0,19.33333333333333
5649-ANRML,Male,Yes,No,No,2,Yes,No,Fiber optic,No,Yes,Yes,Yes,No,Yes,Month-to-month,Yes,Credit card (automatic),95.1,180.25,Yes,0-5,Yes,Yes,No,Yes,1,90.125
7319-VENRZ,Male,No,No,No,7,Yes,No,DSL,No,No,Yes,Yes,Yes,No,Month-to-month,No,Bank transfer (automatic),64.3,445.95,No,6-11,No,Yes,No,No,2,63.707142857142856
7599-FKVXZ,Male,No,Yes,No,42,Yes,Yes,Fiber optic,No,No,Yes,Yes,Yes,Yes,Month-to-month,Yes,Bank transfer (automatic),106.15,4512.7,Yes,36-47,No,Yes,No,Yes,2,107.4452380952381
7188-CBBBA,Female,No,No,No,65,Yes,Yes,Fiber optic,No,Yes,Yes,No,Yes,No,One year,Yes,Electronic check,95.5,6153.85,No,60-72,No,No,Yes,Yes,2,94.6746153846154
9076-AXYIK,Male,Yes,Yes,No,64,Yes,Yes,Fiber optic,No,No,Yes,Yes,Yes,Yes,Two year,No,Electronic check,102.1,6538.45,No,60-72,No,No,Yes,Yes,2,102.16328125
2157-MXBJS,Male,No,Yes,No,13,Yes,Yes,DSL,No,No,Yes,No,Yes,Yes,One year,Yes,Mailed check,75.3,989.45,Yes,12-23,No,No,No,No,3,76.11153846153846
7622-FWGEW,Male,Yes,Yes,No,56,Yes,No,DSL,Yes,Yes,Yes,Yes,Yes,Yes,Two year,Yes,Bank transfer (automatic),85.65,4824.45,No,48-59,No,No,No,No,0,86.15089285714285
5583-EJXRD,Male,No,Yes,Yes,44,No,No phone service,DSL,Yes,Yes,Yes,Yes,No,Yes,Two year,Yes,Credit card (automatic),54.05,2375.2,No,36-47,No,No,No,No,0,53.98181818181818
7163-OCEQI,Male,No,Yes,Yes,22,Yes,Yes,DSL,No,No,Yes,Yes,Yes,Yes,One year,Yes,Mailed check,78.65,1663.75,No,12-23,No,No,No,No,2,75.625
5498-TXHLF,Female,No,Yes,Yes,34,Yes,Yes,Fiber optic,No,No,Yes,No,Yes,No,Month-to-month,No,Electronic check,87.45,2874.15,Yes,24-35,No,Yes,Yes,Yes,3,84.53382352941176
7568-PODML,Male,No,No,No,1,No,No phone service,DSL,No,No,No,No,Yes,Yes,Month-to-month,Yes,Mailed check,45.3,45.3,Yes,0-5,Yes,Yes,No,No,4,45.3
3450-WXOAT,Male,No,No,No,46,Yes,No,DSL,No,No,No,No,No,No,Month-to-month,Yes,Credit card (automatic),45.2,2065.15,No,36-47,No,Yes,No,No,4,44.8945652173913
8573-CGOCC,Male,No,No,No,16,Yes,No,No,No internet service,No internet service,No internet service,No internet service,No internet service,No internet service,Month-to-month,No,Credit card (automatic),19.75,294.9,No,12-23,No,Yes,No,No,0,18.43125
5522-NYKPB,Male,No,Yes,Yes,25,Yes,No,Fiber optic,No,No,No,Yes,Yes,No,Month-to-month,No,Electronic check,85.9,2199.05,No,24-35,No,Yes,Yes,Yes,3,87.962
6507-DTJZV,Male,No,No,Yes,13,Yes,No,DSL,No,No,No,No,Yes,Yes,Month-to-month,No,Credit card (automatic),66.4,831.75,No,12-23,No,Yes,No,No,4,63.98076923076923
2073-QBVBI,Female,No,Yes,No,41,No,No phone service,DSL,No,Yes,No,Yes,No,No,One year,No,Mailed check,35.45,1391.65,No,36-47,No,No,No,No,2,33.94268292682927
9114-VEPUF,Male,No,Yes,No,62,Yes,Yes,Fiber optic,Yes,Yes,No,No,No,Yes,One year,No,Electronic check,96.1,6001.45,No,60-72,No,No,Yes,Yes,2,96.79758064516128
3841-CONLJ,Female,No,Yes,No,1,No,No phone service,DSL,No,No,No,No,No,Yes,Month-to-month,No,Electronic check,35.0,35.0,No,0-5,Yes,Yes,Yes,No,4,35.0
4537-DKTAL,Female,No,No,No,2,Yes,No,DSL,No,No,No,No,No,No,Month-to-month,No,Electronic check,45.55,84.4,No,0-5,Yes,Yes,Yes,No,4,42.2
4526-ZJJTM,Female,Yes,Yes,No,25,Yes,No,Fiber optic,No,Yes,Yes,No,No,Yes,Month-to-month,No,Bank transfer (automatic),88.4,2191.15,No,24-35,No,Yes,No,Yes,2,87.646
8084-OIVBS,Female,No,No,No,11,Yes,No,No,No internet service,No internet service,No internet service,No internet service,No internet service,No internet service,One year,No,Mailed check,20.0,211.95,No,6-11,No,No,No,No,0,19.268181818181816
9658-WYUFB,Female,No,No,No,17,Yes,Yes,Fiber optic,Yes,Yes,No,No,Yes,No,Month-to-month,Yes,Electronic check,94.4,1617.5,Yes,12-23,No,Yes,Yes,Yes,2,95.1470588235294
0572-ZJKLT,Female,No,Yes,Yes,46,Yes,Yes,Fiber optic,Yes,No,Yes,Yes,No,Yes,Two year,No,Mailed check,99.65,4630.2,No,36-47,No,No,No,Yes,1,100.65652173913044
8079-XRJRS,Male,No,Yes,No,65,Yes,Yes,Fiber optic,Yes,Yes,Yes,No,No,No,One year,No,Electronic check,89.75,5769.6,Yes,60-72,No,No,Yes,Yes,1,88.76307692307692
5598-IKHQQ,Female,No,No,No,72,Yes,Yes,No,No internet service,No internet service,No internet service,No internet service,No internet service,No internet service,Two year,No,Credit card (automatic),25.45,1866.45,No,60-72,No,No,No,No,0,25.922916666666666
6198-RTPMF,Female,No,Yes,No,17,Yes,Yes,Fiber optic,No,No,No,No,Yes,Yes,Month-to-month,No,Electronic check,92.6,1579.7,No,12-23,No,Yes,Yes,Yes,4,92.9235294117647
9300-RENDD,Male,No,No,No,1,Yes,No,Fiber optic,No,No,No,No,Yes,No,Month-to-month,Yes,Electronic check,79.95,79.95,Yes,0-5,Yes,Yes,Yes,Yes,4,79.95
6082-GLJIX,Male,No,No,No,18,Yes,No,No,No internet service,No internet service,No internet service,No internet service,No internet service,No internet service,Month-to-month,No,Mailed check,19.25,331.35,No,12-23,No,Yes,No,No,0,18.40833333333333
0436-TWFFZ,Female,No,No,No,67,Yes,Yes,DSL,Yes,No,Yes,Yes,Yes,Yes,Two year,Yes,Mailed check,85.25,5714.2,No,60-72,No,No,No,No,1,85.2865671641791
6813-GZQCG,Female,No,Yes,Yes,45,Yes,Yes,No,No internet service,No internet service,No internet service,No internet service,No internet service,No internet service,Two year,Yes,Credit card (automatic),24.65,1171.3,No,36-47,No,No,No,No,0,26.028888888888886
7395-IGJOS,Male,Yes,Yes,No,17,Yes,No,Fiber optic,No,No,No,No,No,Yes,Month-to-month,No,Bank transfer (automatic),81.5,1329.2,Yes,12-23,No,Yes,No,Yes,4,78.18823529411765
1373-ORVIZ,Female,No,Yes,Yes,11,Yes,Yes,DSL,No,No,No,Yes,No,Yes,Month-to-month,Yes,Electronic check,66.35,740.8,Yes,6-11,No,Yes,Yes,No,3,67.34545454545454
0221-NAUXK,Male,No,No,Yes,10,Yes,No,No,No internet service,No internet service,No internet service,No internet service,No internet service,No internet service,One year,Yes,Bank transfer (automatic),19.95,219.5,No,6-11,No,No,No,No,0,21.95
9462-MJUAW,Male,No,No,No,4,Yes,Yes,DSL,No,No,No,No,No,No,Month-to-month,No,Mailed check,50.4,206.6,Yes,0-5,No,Yes,No,No,4,51.65
9391-EOYLI,Male,Yes,Yes,No,12,Yes,No,Fiber optic,No,No,No,No,No,Yes,Month-to-month,Yes,Electronic check,80.45,950.2,Yes,12-23,No,Yes,Yes,Yes,4,79.18333333333334
9223-UCPVT,Female,No,No,No,1,Yes,No,Fiber optic,No,No,Yes,No,Yes,Yes,Month-to-month,No,Electronic check,94.4,94.4,Yes,0-5,Yes,Yes,Yes,Yes,3,94.4
8012-SOUDQ,Female,Yes,No,No,43,Yes,Yes,Fiber optic,No,Yes,No,No,Yes,No,Month-to-month,Yes,Electronic check,90.25,3838.75,No,36-47,No,Yes,Yes,Yes,3,89.27325581395348
2800-VEQXM,Female,No,No,No,3,Yes,No,Fiber optic,No,No,Yes,No,No,No,Month-to-month,Yes,Mailed check,74.75,238.1,No,0-5,Yes,Yes,No,Yes,3,79.36666666666666
5216-WASFJ,Female,Yes,Yes,No,31,Yes,Yes,Fiber optic,No,No,No,No,No,Yes,Month-to-month,Yes,Electronic check,84.85,2633.4,No,24-35,No,Yes,Yes,Yes,4,84.9483870967742
6253-GNHWH,Female,No,Yes,Yes,71,Yes,Yes,DSL,Yes,Yes,Yes,Yes,No,No,Two year,No,Mailed check,71.1,5224.95,No,60-72,No,No,No,No,0,73.59084507042253
2027-CWDNU,Male,No,Yes,Yes,18,Yes,No,Fiber optic,No,No,No,Yes,No,Yes,Month-to-month,Yes,Electronic check,85.6,1601.5,No,12-23,No,Yes,Yes,Yes,3,88.97222222222223
0670-KDOMA,Female,No,No,No,1,Yes,No,No,No internet service,No internet service,No internet service,No internet service,No internet service,No internet service,Month-to-month,Yes,Mailed check,20.25,20.25,No,0-5,Yes,Yes,No,No,0,20.25
3733-ZEECP,Male,No,Yes,Yes,22,Yes,No,DSL,No,No,No,Yes,No,No,Month-to-month,Yes,Electronic check,51.1,1232.9,No,12-23,No,Yes,Yes,No,3,56.040909090909096
4322-RCYMT,Male,No,Yes,Yes,68,Yes,Yes,DSL,No,Yes,Yes,Yes,No,Yes,One year,Yes,Bank transfer (automatic),75.8,5293.95,Yes,60-72,No,No,No,No,1,77.85220588235293
9207-ZPANB,Male,No,No,No,37,Yes,Yes,DSL,Yes,Yes,Yes,Yes,No,No,One year,No,Electronic check,67.45,2443.3,No,36-47,No,No,Yes,No,0,66.03513513513514
3629-WEAAM,Female,No,No,No,8,Yes,No,DSL,No,No,Yes,Yes,No,Yes,Month-to-month,No,Mailed check,64.1,504.05,No,6-11,No,Yes,No,No,2,63.00625
1355-KUSBG,Female,No,Yes,Yes,7,Yes,Yes,DSL,No,No,No,No,No,No,Month-to-month,No,Electronic check,48.8,349.8,No,6-11,No,Yes,Yes,No,4,49.971428571428575
3656-TKRVZ,Female,No,No,No,3,Yes,No,DSL,Yes,Yes,No,No,No,No,Month-to-month,No,Electronic check,55.35,165.2,Yes,0-5,Yes,Yes,Yes,No,2,55.06666666666666
1024-KPRBB,Female,No,No,No,38,Yes,No,Fiber optic,No,No,No,No,Yes,Yes,One year,Yes,Mailed check,89.1,3342.0,No,36-47,No,No,No,Yes,4,87.94736842105263
3283-WCWXT,Male,No,Yes,Yes,6,Yes,Yes,No,No internet service,No internet service,No internet service,No internet service,No internet service,No internet service,Two year,No,Mailed check,25.4,153.3,No,6-11,No,No,No,No,0,25.55
8775-CEBBJ,Female,No,No,No,9,Yes,No,DSL,No,No,No,No,No,No,Month-to-month,Yes,Bank transfer (automatic),44.2,403.35,Yes,6-11,No,Yes,No,No,4,44.81666666666667
7977-HXJKU,Male,No,No,Yes,21,Yes,No,No,No internet service,No internet service,No internet service,No internet service,No internet service,No internet service,Two year,No,Mailed check,19.6,397.0,No,12-23,No,No,No,No,0,18.904761904761905
9028-LIHRP,Male,No,Yes,Yes,71,Yes,No,Fiber optic,Yes,Yes,Yes,Yes,Yes,No,Two year,No,Credit card (automatic),100.2,7209.0,No,60-72,No,No,No,Yes,0,101.53521126760565
9127-QRZMH,Male,No,Yes,No,44,Yes,No,DSL,Yes,Yes,No,Yes,No,No,One year,Yes,Bank transfer (automatic),59.85,2603.95,No,36-47,No,No,No,No,1,59.18068181818182
4910-GMJOT,Female,No,No,No,1,Yes,Yes,Fiber optic,No,No,No,No,Yes,Yes,Month-to-month,Yes,Electronic check,94.6,94.6,Yes,0-5,Yes,Yes,Yes,Yes,4,94.6
6408-OTUBZ,Female,No,No,No,66,Yes,Yes,Fiber optic,Yes,Yes,Yes,Yes,Yes,No,One year,Yes,Bank transfer (automatic),104.55,6779.05,No,60-72,No,No,No,Yes,0,102.7128787878788
1410-RSCMR,Male,No,Yes,Yes,7,Yes,No,DSL,Yes,No,Yes,Yes,No,Yes,Month-to-month,Yes,Credit card (automatic),71.35,515.75,No,6-11,No,Yes,No,No,1,73.67857142857143
8746-OQQRW,Male,No,No,No,4,Yes,Yes,No,No internet service,No internet service,No internet service,No internet service,No internet service,No internet service,Month-to-month,No,Mailed check,25.25,101.9,No,0-5,No,Yes,No,No,0,25.475
0031-PVLZI,Female,No,Yes,Yes,4,Yes,No,No,No internet service,No internet service,No internet service,No internet service,No internet service,No internet service,Month-to-month,No,Mailed check,20.35,76.35,Yes,0-5,No,Yes,No,No,0,19.0875
9281-CEDRU,Female,No,Yes,No,68,Yes,No,DSL,No,Yes,No,Yes,Yes,No,Two year,No,Bank transfer (automatic),64.1,4326.25,No,60-72,No,No,No,No,2,63.62132352941177
1442-OKRJE,Male,No,Yes,Yes,66,Yes,No,Fiber optic,Yes,Yes,Yes,No,Yes,Yes,One year,Yes,Bank transfer (automatic),103.15,7031.3,No,60-72,No,No,No,Yes,1,106.53484848484848
8201-AAXCB,Male,No,Yes,Yes,25,Yes,Yes,DSL,No,No,No,No,Yes,No,Month-to-month,No,Electronic check,60.35,1404.65,No,24-35,No,Yes,Yes,No,4,56.18600000000001
5734-EJKXG,Female,No,No,No,61,Yes,Yes,Fiber optic,Yes,Yes,Yes,Yes,Yes,Yes,One year,Yes,Electronic check,118.6,7365.7,No,60-72,No,No,Yes,Yes,0,120.74918032786886
7267-FRMJW,Female,No,Yes,Yes,25,Yes,No,No,No internet service,No internet service,No internet service,No internet service,No internet service,No internet service,Two year,No,Mailed check,20.1,486.05,No,24-35,No,No,No,No,0,19.442
5919-TMRGD,Female,No,No,Yes,1,Yes,No,Fiber optic,No,No,No,No,Yes,No,Month-to-month,Yes,Electronic check,79.35,79.35,Yes,0-5,Yes,Yes,Yes,Yes,4,79.35
4291-HPAXL,Male,No,No,Yes,1,Yes,No,No,No internet service,No internet service,No internet service,No internet service,No internet service,No internet service,Month-to-month,No,Mailed check,19.85,19.85,No,0-5,Yes,Yes,No,No,0,19.85
3191-CSNMG,Female,No,Yes,Yes,3,Yes,No,Fiber optic,No,No,No,No,Yes,No,Month-to-month,Yes,Electronic check,80.7,239.45,No,0-5,Yes,Yes,Yes,Yes,4,79.81666666666666
7394-LWLYN,Female,No,No,No,2,Yes,No,Fiber optic,No,No,No,No,No,No,Month-to-month,Yes,Electronic check,70.15,123.8,No,0-5,Yes,Yes,Yes,Yes,4,61.9
8999-EXMNO,Female,No,Yes,Yes,19,Yes,No,No,No internet service,No internet service,No internet service,No internet service,No internet service,No internet service,Two year,No,Mailed check,20.15,387.7,No,12-23,No,No,No,No,0,20.405263157894737
8992-VONJD,Female,No,No,Yes,13,Yes,No,DSL,Yes,Yes,No,No,No,No,Month-to-month,Yes,Electronic check,56.0,764.55,No,12-23,No,Yes,Yes,No,2,58.81153846153846
2400-FEQME,Male,No,Yes,Yes,55,Yes,No,No,No internet service,No internet service,No internet service,No internet service,No internet service,No internet service,Two year,No,Mailed check,20.5,1177.95,No,48-59,No,No,No,No,0,21.417272727272728
4522-XRWWI,Male,No,Yes,No,42,Yes,Yes,DSL,Yes,No,No,Yes,Yes,Yes,One year,No,Credit card (automatic),80.45,3375.9,No,36-47,No,No,No,No,2,80.37857142857143
4826-TZEVA,Female,No,No,No,40,Yes,No,Fiber optic,No,Yes,No,No,No,No,Month-to-month,No,Credit card (automatic),74.8,2971.7,No,36-47,No,Yes,No,Yes,3,74.29249999999999
6128-DAFVY,Female,No,No,No,56,No,No phone service,DSL,No,No,No,No,Yes,Yes,Month-to-month,Yes,Credit card (automatic),44.85,2564.95,No,48-59,No,Yes,No,No,4,45.802678571428565
4289-DTDKW,Male,No,Yes,No,40,Yes,Yes,Fiber optic,No,Yes,No,No,Yes,Yes,Month-to-month,Yes,Electronic check,101.3,4113.1,Yes,36-47,No,Yes,Yes,Yes,3,102.8275
5681-LLOEI,Male,No,Yes,Yes,43,Yes,Yes,Fiber optic,Yes,No,Yes,Yes,No,No,One year,Yes,Credit card (automatic),91.25,4013.8,No,36-47,No,No,No,Yes,1,93.34418604651164
7625-XCQRH,Female,No,No,No,11,Yes,Yes,Fiber optic,No,No,No,No,No,No,Month-to-month,Yes,Electronic check,76.5,837.95,Yes,6-11,No,Yes,Yes,Yes,4,76.17727272727274
0420-BWTPW,Male,No,No,Yes,8,No,No phone service,DSL,No,No,No,No,No,No,Month-to-month,No,Mailed check,25.5,215.2,Yes,6-11,No,Yes,No,No,4,26.9
8180-AKMJV,Female,No,No,No,1,Yes,No,DSL,No,No,No,No,No,No,Month-to-month,Yes,Credit card (automatic),44.55,44.55,No,0-5,Yes,Yes,No,No,4,44.55
7459-RRWQZ,Female,No,No,No,15,Yes,Yes,DSL,Yes,No,No,No,No,Yes,Month-to-month,Yes,Bank transfer (automatic),64.65,994.55,Yes,12-23,No,Yes,No,No,3,66.30333333333333
0330-BGYZE,Male,No,Yes,No,60,Yes,Yes,Fiber optic,No,Yes,Yes,No,Yes,Yes,One year,No,Bank transfer (automatic),102.5,6157.6,No,60-72,No,No,No,Yes,2,102.62666666666668
7005-CYUIL,Female,Yes,Yes,No,71,Yes,No,Fiber optic,Yes,Yes,Yes,Yes,Yes,No,Two year,Yes,Electronic check,99.4,7168.25,No,60-72,No,No,Yes,Yes,0,100.9612676056338
5275-SQEIZ,Male,No,No,No,1,Yes,No,Fiber optic,No,No,No,No,No,Yes,Month-to-month,Yes,Mailed check,80.85,80.85,Yes,0-5,Yes,Yes,No,Yes,4,80.85
8043-PNYSD,Male,No,Yes,Yes,63,Yes,No,No,No internet service,No internet service,No internet service,No internet service,No internet service,No internet service,Two year,No,Mailed check,19.55,1245.6,No,60-72,No,No,No,No,0,19.77142857142857
8242-JSVBO,Male,No,No,No,7,Yes,No,DSL,No,No,No,No,No,No,Month-to-month,Yes,Bank transfer (automatic),44.65,322.5,No,6-11,No,Yes,No,No,4,46.07142857142857
3580-HYCSP,Male,No,Yes,Yes,72,Yes,Yes,Fiber optic,Yes,Yes,Yes,No,Yes,Yes,Two year,Yes,Bank transfer (automatic),110.3,7966.9,No,60-72,No,No,No,Yes,1,110.65138888888887
7777-UNYHB,Female,No,Yes,Yes,12,Yes,No,No,No internet service,No internet service,No internet service,No internet service,No internet service,No internet service,Month-to-month,Yes,Credit card (automatic),20.1,232.4,No,12-23,No,Yes,No,No,0,19.366666666666667
7665-VIGUD,Male,No,No,No,10,Yes,No,No,No internet service,No internet service,No internet service,No internet service,No internet service,No internet service,One year,No,Mailed check,20.35,176.3,No,6-11,No,No,No,No,0,17.630000000000003
9355-NPPFS,Female,Yes,No,No,26,Yes,No,Fiber optic,No,No,No,No,No,Yes,Month-to-month,Yes,Electronic check,78.8,2006.1,No,24-35,No,Yes,Yes,Yes,4,77.1576923076923
5186-EJEGL,Male,No,No,No,9,Yes,No,DSL,Yes,No,Yes,Yes,Yes,No,Month-to-month,Yes,Mailed check,69.5,653.25,No,6-11,No,Yes,No,No,1,72.58333333333333
0114-IGABW,Female,No,Yes,No,71,No,No phone service,DSL,No,Yes,Yes,Yes,Yes,Yes,Two year,No,Bank transfer (automatic),58.25,4145.9,No,60-72,No,No,No,No,1,58.39295774647887
2197-OMWGI,Female,Yes,Yes,Yes,68,No,No phone service,DSL,No,Yes,Yes,No,Yes,Yes,Two year,Yes,Electronic check,53.0,3656.25,No,60-72,No,No,Yes,No,2,53.76838235294117
4391-LNRXK,Male,No,No,No,22,Yes,No,Fiber optic,No,Yes,Yes,Yes,No,Yes,Month-to-month,Yes,Bank transfer (automatic),94.95,2142.8,No,12-23,No,Yes,No,Yes,1,97.4
1596-BBVTG,Male,No,No,No,35,Yes,Yes,Fiber optic,No,No,No,No,No,No,Month-to-month,No,Credit card (automatic),75.35,2636.05,Yes,24-35,No,Yes,No,Yes,4,75.3157142857143
4338-EYCER,Male,No,Yes,No,21,Yes,No,DSL,No,No,No,No,Yes,No,Month-to-month,No,Bank transfer (automatic),54.6,1125.2,No,12-23,No,Yes,No,No,4,53.58095238095238
2603-HVKCG,Male,No,No,No,31,Yes,No,Fiber optic,No,Yes,Yes,No,Yes,Yes,Month-to-month,Yes,Electronic check,101.4,3143.65,No,24-35,No,Yes,Yes,Yes,2,101.40806451612904
0748-RDGGM,Male,No,Yes,No,70,Yes,No,Fiber optic,Yes,Yes,Yes,Yes,Yes,Yes,One year,Yes,Bank transfer (automatic),109.5,7534.65,Yes,60-72,No,No,No,Yes,0,107.63785714285714
3097-PYWXL,Female,No,Yes,Yes,4,Yes,No,No,No internet service,No internet service,No internet service,No internet service,No internet service,No internet service,Month-to-month,Yes,Electronic check,19.95,82.9,No,0-5,No,Yes,Yes,No,0,20.725
3426-NIYYL,Male,No,No,No,15,Yes,Yes,DSL,No,No,No,No,No,No,Month-to-month,No,Electronic check,51.55,765.5,Yes,12-23,No,Yes,Yes,No,4,51.03333333333333
9103-TCIHJ,Female,No,No,No,15,Yes,Yes,DSL,Yes,No,No,No,No,No,Month-to-month,Yes,Mailed check,55.7,899.8,Yes,12-23,No,Yes,No,No,3,59.986666666666665
6101-IMRMM,Male,No,No,Yes,6,Yes,No,Fiber optic,No,No,Yes,No,Yes,Yes,Month-to-month,No,Mailed check,94.5,575.45,Yes,6-11,No,Yes,No,Yes,3,95.90833333333336
7100-FQPRV,Male,No,Yes,Yes,43,Yes,Yes,DSL,Yes,No,No,Yes,No,Yes,One year,Yes,Credit card (automatic),71.9,3173.35,No,36-47,No,No,No,No,2,73.79883720930232
6429-SHBCB,Male,No,No,No,19,Yes,Yes,DSL,No,No,No,No,Yes,Yes,Month-to-month,No,Mailed check,69.6,1394.55,No,12-23,No,Yes,No,No,4,73.39736842105263
5365-LLFYV,Female,No,No,No,2,Yes,No,DSL,No,No,No,No,No,No,Month-to-month,Yes,Mailed check,45.85,105.6,No,0-5,Yes,Yes,No,No,4,52.8
8837-VVWLQ,Female,No,No,No,8,Yes,No,Fiber optic,Yes,No,No,No,Yes,No,Month-to-month,No,Electronic check,84.95,668.4,Yes,6-11,No,Yes,Yes,Yes,3,83.55
9773-PEQBZ,Male,No,No,No,10,Yes,Yes,Fiber optic,No,Yes,No,No,No,No,Month-to-month,No,Electronic check,79.85,797.25,No,6-11,No,Yes,Yes,Yes,3,79.725
6469-QJKZW,Female,No,Yes,No,4,Yes,No,No,No internet service,No internet service,No internet service,No internet service,No internet service,No internet service,Month-to-month,No,Electronic check,20.15,91.4,No,0-5,No,Yes,Yes,No,0,22.85
3503-TYDAY,Female,No,Yes,No,43,Yes,Yes,Fiber optic,No,Yes,No,No,No,No,Month-to-month,No,Electronic check,80.45,3398.9,No,36-47,No,Yes,Yes,Yes,3,79.04418604651163
4697-LUPSU,Male,No,Yes,Yes,2,Yes,No,No,No internet service,No internet service,No internet service,No internet service,No internet service,No internet service,One year,No,Mailed check,20.2,34.75,No,0-5,Yes,No,No,No,0,17.375
0082-LDZUE,Male,No,No,No,1,Yes,No,DSL,No,No,No,No,No,No,Month-to-month,Yes,Mailed check,44.3,44.3,No,0-5,Yes,Yes,No,No,4,44.3
6888-SBYAI,Male,No,No,No,1,Yes,No,DSL,Yes,No,No,No,No,No,Month-to-month,Yes,Mailed check,50.7,50.7,No,0-5,Yes,Yes,No,No,3,50.7
0556-FJEGU,Male,No,No,No,58,Yes,No,DSL,No,Yes,Yes,Yes,Yes,No,Two year,No,Bank transfer (automatic),70.1,4048.95,No,48-59,No,No,No,No,1,69.80948275862069
3108-PCCGG,Male,Yes,Yes,No,72,Yes,Yes,DSL,Yes,Yes,Yes,No,Yes,Yes,Two year,No,Credit card (automatic),84.45,5899.85,No,60-72,No,No,No,No,1,81.94236111111111
7078-NVFAM,Female,No,Yes,Yes,32,No,No phone service,DSL,Yes,Yes,No,No,No,No,Month-to-month,Yes,Electronic check,35.15,1051.05,No,24-35,No,Yes,Yes,No,2,32.8453125
5245-VDBUR,Female,No,Yes,No,52,No,No phone service,DSL,Yes,No,Yes,No,No,No,One year,No,Mailed check,35.45,1958.95,No,48-59,No,No,No,No,2,37.67211538461539
1928-BXYIV,Male,No,No,No,1,Yes,Yes,DSL,Yes,Yes,No,No,No,No,Month-to-month,No,Electronic check,61.15,61.15,No,0-5,Yes,Yes,Yes,No,2,61.15
4526-RMTLL,Male,No,Yes,Yes,8,Yes,Yes,DSL,Yes,Yes,No,Yes,No,Yes,Two year,Yes,Credit card (automatic),76.15,645.8,No,6-11,No,No,No,No,1,80.725
6142-VSJQO,Female,No,Yes,Yes,1,Yes,No,DSL,No,No,No,No,No,No,Month-to-month,Yes,Bank transfer (automatic),44.35,44.35,Yes,0-5,Yes,Yes,No,No,4,44.35
5935-FCCNB,Female,Yes,No,No,17,Yes,Yes,Fiber optic,No,No,No,No,Yes,Yes,Month-to-month,Yes,Electronic check,94.2,1608.15,No,12-23,No,Yes,Yes,Yes,4,94.59705882352942
1231-YNDEK,Male,No,No,No,58,Yes,No,No,No internet service,No internet service,No internet service,No internet service,No internet service,No internet service,Two year,Yes,Bank transfer (automatic),19.15,1035.5,No,48-59,No,No,No,No,0,17.853448275862068
0875-CABNR,Female,Yes,No,No,10,Yes,No,Fiber optic,No,No,Yes,No,No,Yes,Month-to-month,Yes,Credit card (automatic),84.6,865.55,Yes,6-11,No,Yes,No,Yes,3,86.55499999999999
8285-ABVLB,Female,No,Yes,No,70,Yes,No,No,No internet service,No internet service,No internet service,No internet service,No internet service,No internet service,Two year,No,Credit card (automatic),19.85,1328.35,No,60-72,No,No,No,No,0,18.97642857142857
9347-AERRL,Male,No,Yes,No,23,Yes,No,No,No internet service,No internet service,No internet service,No internet service,No internet service,No internet service,One year,No,Credit card (automatic),19.3,486.2,No,12-23,No,No,No,No,0,21.139130434782608
6522-YRBXD,Male,Yes,Yes,No,35,Yes,Yes,Fiber optic,Yes,Yes,No,No,No,Yes,Month-to-month,Yes,Electronic check,94.55,3365.4,No,24-35,No,Yes,Yes,Yes,2,96.15428571428572
2475-MROZF,Male,No,No,No,30,Yes,Yes,Fiber optic,Yes,Yes,Yes,Yes,No,No,Month-to-month,Yes,Credit card (automatic),95.0,2852.4,No,24-35,No,Yes,No,Yes,0,95.08
5160-UXJED,Male,No,No,Yes,17,Yes,No,DSL,No,No,No,No,No,No,One year,No,Mailed check,44.6,681.4,No,12-23,No,No,No,No,4,40.08235294117647
8515-OCTJS,Female,No,No,No,25,Yes,Yes,No,No internet service,No internet service,No internet service,No internet service,No internet service,No internet service,Two year,No,Credit card (automatic),24.75,692.1,Yes,24-35,No,No,No,No,0,27.684
3428-XZMAZ,Male,No,No,No,1,Yes,No,Fiber optic,No,No,No,No,No,No,Month-to-month,Yes,Electronic check,69.35,69.35,Yes,0-5,Yes,Yes,Yes,Yes,4,69.35
8022-BECSI,Male,No,No,No,22,Yes,No,No,No internet service,No internet service,No internet service,No internet service,No internet service,No internet service,One year,No,Mailed check,19.6,422.5,No,12-23,No,No,No,No,0,19.204545454545453
5651-CRHKQ,Female,No,Yes,No,41,Yes,No,Fiber optic,No,Yes,Yes,Yes,No,No,One year,Yes,Bank transfer (automatic),86.2,3339.05,No,36-47,No,No,No,Yes,1,81.44024390243902
6917-YACBP,Female,Yes,No,No,59,Yes,Yes,Fiber optic,Yes,Yes,Yes,No,No,No,Month-to-month,Yes,Electronic check,89.75,5496.9,No,48-59,No,Yes,Yes,Yes,1,93.16779661016948
0295-QVKPB,Male,No,No,No,5,Yes,No,DSL,No,No,Yes,Yes,Yes,No,Month-to-month,Yes,Credit card (automatic),63.95,318.1,No,0-5,No,Yes,No,No,2,63.620000000000005
8869-LIHMK,Female,No,No,No,64,Yes,Yes,Fiber optic,Yes,Yes,Yes,Yes,Yes,Yes,Two year,Yes,Bank transfer (automatic),115.1,7334.05,No,60-72,No,No,No,Yes,0,114.59453125
3401-URHDA,Male,No,No,No,51,Yes,Yes,DSL,Yes,No,No,Yes,No,No,One year,No,Credit card (automatic),59.9,3043.6,No,48-59,No,No,No,No,2,59.67843137254902
7083-MIOPC,Female,No,No,No,72,Yes,No,No,No internet service,No internet service,No internet service,No internet service,No internet service,No internet service,Two year,No,Credit card (automatic),20.25,1566.9,No,60-72,No,No,No,No,0,21.762500000000003
2162-FRZAA,Male,No,Yes,Yes,63,No,No phone service,DSL,No,Yes,Yes,Yes,No,No,Two year,No,Bank transfer (automatic),39.35,2395.05,No,60-72,No,No,No,No,1,38.01666666666667
8318-LCNBW,Male,No,Yes,No,35,No,No phone service,DSL,Yes,No,Yes,No,Yes,Yes,One year,No,Credit card (automatic),53.15,1930.9,No,24-35,No,No,No,No,2,55.16857142857143
8861-HGGKB,Female,No,No,No,10,Yes,Yes,Fiber optic,No,No,No,No,No,Yes,Month-to-month,No,Electronic check,86.45,830.85,Yes,6-11,No,Yes,Yes,Yes,4,83.08500000000001
4091-TVOCN,Male,No,No,Yes,48,Yes,Yes,DSL,Yes,No,Yes,No,Yes,Yes,One year,Yes,Credit card (automatic),78.75,3682.45,No,48-59,No,No,No,No,2,76.71770833333333
8050-WYBND,Female,No,No,Yes,22,No,No phone service,DSL,No,No,Yes,No,Yes,Yes,One year,Yes,Credit card (automatic),49.45,1031.4,No,12-23,No,No,No,No,3,46.88181818181818
8152-VETUR,Female,No,Yes,No,72,Yes,Yes,Fiber optic,No,Yes,No,No,Yes,Yes,Two year,Yes,Credit card (automatic),97.7,6869.7,No,60-72,No,No,No,Yes,3,95.4125
4678-DVQEO,Female,No,No,No,1,Yes,No,DSL,No,No,No,Yes,No,No,Month-to-month,Yes,Electronic check,52.2,52.2,Yes,0-5,Yes,Yes,Yes,No,3,52.2
6652-YFFJO,Female,No,No,No,11,Yes,No,DSL,No,No,No,No,Yes,Yes,Month-to-month,Yes,Electronic check,64.9,716.1,No,6-11,No,Yes,Yes,No,4,65.10000000000001
6464-KEXXH,Male,No,No,No,8,No,No phone service,DSL,No,No,No,No,No,No,Month-to-month,Yes,Credit card (automatic),25.25,186.3,No,6-11,No,Yes,No,No,4,23.2875
6326-MTTXK,Male,No,No,No,8,Yes,Yes,Fiber optic,No,Yes,No,No,Yes,Yes,Month-to-month,No,Electronic check,100.85,819.55,Yes,6-11,No,Yes,Yes,Yes,3,102.44375
7602-MVRMB,Female,No,Yes,Yes,72,Yes,Yes,Fiber optic,Yes,No,Yes,Yes,Yes,Yes,Two year,Yes,Bank transfer (automatic),110.45,8058.85,No,60-72,No,No,No,Yes,1,111.92847222222224
5288-AHOUP,Male,Yes,No,No,11,Yes,No,Fiber optic,No,No,No,No,No,Yes,Month-to-month,Yes,Electronic check,78.5,874.2,No,6-11,No,Yes,Yes,Yes,4,79.47272727272728
6131-IUNXN,Female,No,Yes,Yes,19,Yes,No,No,No internet service,No internet service,No internet service,No internet service,No internet service,No internet service,Month-to-month,No,Mailed check,20.2,382.2,No,12-23,No,Yes,No,No,0,20.11578947368421
1053-MXTTK,Female,No,Yes,Yes,72,Yes,No,Fiber optic,Yes,Yes,Yes,Yes,Yes,Yes,Two year,Yes,Bank transfer (automatic),108.65,7726.35,No,60-72,No,No,No,Yes,0,107.31041666666668
6563-VNPMN,Female,Yes,No,No,45,Yes,No,Fiber optic,Yes,Yes,No,Yes,No,No,Month-to-month,Yes,Bank transfer (automatic),85.7,3778.1,No,36-47,No,Yes,No,Yes,1,83.95777777777778
7242-EDTYC,Male,No,No,Yes,44,Yes,No,No,No internet service,No internet service,No internet service,No internet service,No internet service,No internet service,Two year,No,Bank transfer (automatic),19.55,819.95,No,36-47,No,No,No,No,0,18.635227272727278
0129-KPTWJ,Male,No,Yes,No,72,Yes,No,Fiber optic,No,No,Yes,No,Yes,Yes,Month-to-month,Yes,Electronic check,94.65,6747.35,No,60-72,No,Yes,Yes,Yes,3,93.71319444444444
9348-ROUAI,Female,No,Yes,Yes,59,Yes,Yes,DSL,Yes,Yes,Yes,Yes,Yes,Yes,Two year,No,Credit card (automatic),90.3,5194.05,No,48-59,No,No,No,No,0,88.03474576271186
4445-KWOKW,Female,No,No,No,42,Yes,Yes,DSL,Yes,Yes,No,No,No,No,One year,Yes,Bank transfer (automatic),60.15,2421.6,No,36-47,No,No,No,No,2,57.65714285714286
8060-HIWJJ,Male,No,No,No,64,Yes,Yes,DSL,No,Yes,Yes,Yes,Yes,Yes,Two year,No,Credit card (automatic),86.55,5632.55,No,60-72,No,No,No,No,1,88.00859375
2626-VEEWG,Male,No,Yes,Yes,67,Yes,No,No,No internet service,No internet service,No internet service,No internet service,No internet service,No internet service,Two year,Yes,Credit card (automatic),19.4,1284.2,No,60-72,No,No,No,No,0,19.16716417910448
7310-EGVHZ,Male,No,No,No,1,Yes,No,No,No internet service,No internet service,No internet service,No internet service,No internet service,No internet service,Month-to-month,No,Bank transfer (automatic),20.2,20.2,No,0-5,Yes,Yes,No,No,0,20.2
8468-EHYJA,Female,No,Yes,No,57,Yes,Yes,Fiber optic,Yes,No,No,No,Yes,Yes,Month-to-month,Yes,Electronic check,99.65,5497.05,No,48-59,No,Yes,Yes,Yes,3,96.43947368421053
1830-GGFNM,Male,No,Yes,Yes,65,Yes,Yes,Fiber optic,Yes,Yes,Yes,Yes,No,No,Two year,No,Credit card (automatic),94.55,6078.75,No,60-72,No,No,No,Yes,0,93.51923076923076
1422-DGUBX,Male,No,Yes,No,32,Yes,Yes,Fiber optic,No,No,No,Yes,No,No,One year,Yes,Electronic check,79.25,2619.15,No,24-35,No,No,Yes,Yes,3,81.8484375
7644-OMVMY,Male,No,Yes,Yes,0,Yes,No,No,No internet service,No internet service,No internet service,No internet service,No internet service,No internet service,Two year,No,Mailed check,19.85,0.0,No,0-5,Yes,No,No,No,0,0.0
9837-BMCLM,Male,No,No,No,3,Yes,No,Fiber optic,No,No,No,No,Yes,No,Month-to-month,Yes,Electronic check,78.5,242.05,Yes,0-5,Yes,Yes,Yes,Yes,4,80.68333333333334
2753-JMMCV,Male,No,No,No,65,Yes,Yes,DSL,No,Yes,Yes,Yes,No,Yes,Two year,Yes,Credit card (automatic),74.2,4805.65,No,60-72,No,No,No,No,1,73.93307692307691
6900-PXRMS,Male,Yes,Yes,Yes,26,Yes,Yes,Fiber optic,No,Yes,Yes,No,Yes,Yes,Month-to-month,No,Electronic check,105.75,2710.25,Yes,24-35,No,Yes,Yes,Yes,2,104.2403846153846
7508-KBIMB,Male,No,Yes,Yes,24,Yes,No,DSL,Yes,No,Yes,No,No,No,One year,Yes,Credit card (automatic),56.25,1454.25,No,24-35,No,No,No,No,2,60.59375
5820-PTRYM,Female,Yes,Yes,No,56,Yes,Yes,DSL,Yes,Yes,Yes,Yes,No,No,One year,Yes,Credit card (automatic),68.45,4014.0,No,48-59,No,No,No,No,0,71.67857142857143
5593-SUAOO,Female,No,Yes,Yes,24,Yes,Yes,Fiber optic,No,Yes,Yes,No,No,No,One year,No,Bank transfer (automatic),83.15,2033.05,No,24-35,No,No,No,Yes,2,84.71041666666666
0667-NSRGI,Female,No,Yes,No,48,Yes,Yes,DSL,No,No,Yes,Yes,No,Yes,One year,Yes,Mailed check,69.55,3435.6,No,48-59,No,No,No,No,2,71.575
0968-GSIKN,Female,No,No,No,1,Yes,No,Fiber optic,No,No,No,No,No,No,Month-to-month,Yes,Mailed check,70.8,70.8,Yes,0-5,Yes,Yes,No,Yes,4,70.8
2520-SGTTA,Female,No,Yes,Yes,0,Yes,No,No,No internet service,No internet service,No internet service,No internet service,No internet service,No internet service,Two year,No,Mailed check,20.0,0.0,No,0-5,Yes,No,No,No,0,0.0
1428-IEDPR,Male,No,No,No,52,Yes,Yes,Fiber optic,Yes,No,Yes,Yes,Yes,Yes,Two year,Yes,Electronic check,109.3,5731.4,No,48-59,No,No,Yes,Yes,1,110.21923076923076
1568-BEKZM,Male,Yes,Yes,No,70,Yes,Yes,DSL,Yes,Yes,Yes,Yes,Yes,Yes,Two year,No,Credit card (automatic),90.05,6333.4,No,60-72,No,No,No,No,0,90.47714285714284
1320-GVNHT,Male,No,Yes,Yes,72,Yes,Yes,Fiber optic,Yes,Yes,Yes,No,Yes,Yes,Two year,Yes,Credit card (automatic),108.4,7767.25,No,60-72,No,No,No,Yes,1,107.87847222222224
2235-DWLJU,Female,Yes,No,No,6,No,No phone service,DSL,No,No,No,No,Yes,Yes,Month-to-month,Yes,Electronic check,44.4,263.05,No,6-11,No,Yes,Yes,No,4,43.84166666666667
8017-LXHFA,Female,Yes,No,No,23,Yes,No,Fiber optic,No,Yes,No,No,Yes,Yes,Month-to-month,Yes,Electronic check,94.75,2293.6,Yes,12-23,No,Yes,Yes,Yes,3,99.72173913043478
5076-YVXCM,Male,No,No,No,51,Yes,Yes,Fiber optic,No,No,No,No,No,Yes,Month-to-month,No,Bank transfer (automatic),83.4,4149.45,No,48-59,No,Yes,No,Yes,4,81.36176470588235
4750-UKWJK,Female,Yes,Yes,No,37,Yes,No,No,No internet service,No internet service,No internet service,No internet service,No internet service,No internet service,One year,No,Mailed check,19.6,727.8,No,36-47,No,No,No,No,0,19.67027027027027
1513-XNPPH,Female,No,No,No,12,Yes,No,Fiber optic,No,No,Yes,Yes,No,Yes,Month-to-month,Yes,Electronic check,89.4,1095.65,Yes,12-23,No,Yes,Yes,Yes,2,91.30416666666667
5918-VUKWP,Female,No,No,No,32,Yes,No,No,No internet service,No internet service,No internet service,No internet service,No internet service,No internet service,One year,No,Bank transfer (automatic),20.55,654.55,No,24-35,No,No,No,No,0,20.4546875
6861-OKBCE,Female,No,No,Yes,11,Yes,No,No,No internet service,No internet service,No internet service,No internet service,No internet service,No internet service,Month-to-month,No,Credit card (automatic),20.1,221.35,Yes,6-11,No,Yes,No,No,0,20.12272727272727
6221-AVQYL,Male,No,No,No,2,Yes,Yes,Fiber optic,No,No,No,No,No,No,Month-to-month,Yes,Credit card (automatic),73.25,131.05,Yes,0-5,Yes,Yes,No,Yes,4,65.525
1666-JXLKU,Female,No,No,No,37,Yes,Yes,Fiber optic,No,No,Yes,No,Yes,Yes,Month-to-month,Yes,Electronic check,100.05,3810.55,No,36-47,No,Yes,Yes,Yes,3,102.98783783783784
4760-XOHVN,Female,No,Yes,Yes,1,Yes,No,No,No internet service,No internet service,No internet service,No internet service,No internet service,No internet service,Month-to-month,No,Mailed check,19.45,19.45,Yes,0-5,Yes,Yes,No,No,0,19.45
7876-BEUTG,Female,No,No,No,15,Yes,Yes,DSL,No,No,No,No,No,No,Month-to-month,Yes,Mailed check,48.8,720.1,No,12-23,No,Yes,No,No,4,48.00666666666667
0093-XWZFY,Male,No,No,No,40,Yes,Yes,Fiber optic,No,Yes,Yes,No,Yes,Yes,Month-to-month,Yes,Credit card (automatic),104.5,4036.85,Yes,36-47,No,Yes,No,Yes,2,100.92125
9779-DPNEJ,Female,No,Yes,Yes,22,Yes,No,Fiber optic,No,No,No,No,No,Yes,Month-to-month,Yes,Electronic check,80.15,1790.65,No,12-23,No,Yes,Yes,Yes,4,81.39318181818182
5122-CYFXA,Female,No,No,No,3,Yes,No,DSL,No,Yes,No,Yes,Yes,Yes,Month-to-month,Yes,Electronic check,75.3,244.1,No,0-5,Yes,Yes,Yes,No,2,81.36666666666666
9620-ENEJV,Female,No,No,No,6,Yes,No,Fiber optic,No,No,No,No,No,No,Month-to-month,No,Credit card (automatic),70.55,433.95,No,6-11,No,Yes,No,Yes,4,72.325
4295-YURET,Female,Yes,Yes,Yes,56,Yes,No,DSL,Yes,No,No,Yes,Yes,Yes,Two year,Yes,Credit card (automatic),72.6,4084.35,No,48-59,No,No,No,No,2,72.93482142857142
0195-IESCP,Male,No,Yes,No,10,Yes,Yes,Fiber optic,No,No,No,No,No,Yes,Month-to-month,Yes,Electronic check,85.25,855.3,Yes,6-11,No,Yes,Yes,Yes,4,85.53
9668-PUGNU,Male,No,Yes,No,71,Yes,Yes,No,No internet service,No internet service,No internet service,No internet service,No internet service,No internet service,Two year,Yes,Electronic check,24.5,1816.2,No,60-72,No,No,Yes,No,0,25.580281690140847
9253-QXKBE,Male,Yes,Yes,No,29,Yes,Yes,Fiber optic,No,No,No,No,Yes,Yes,Month-to-month,Yes,Electronic check,94.45,2653.65,Yes,24-35,No,Yes,Yes,Yes,4,91.5051724137931
8614-VGMMV,Female,No,No,No,15,Yes,Yes,DSL,No,No,No,No,No,No,Month-to-month,Yes,Electronic check,49.1,679.55,Yes,12-23,No,Yes,Yes,No,4,45.30333333333333
0657-DOGUM,Female,No,Yes,No,48,Yes,Yes,DSL,Yes,No,No,Yes,No,No,One year,Yes,Bank transfer (automatic),60.6,2985.25,No,48-59,No,No,No,No,2,62.192708333333336
2799-ARNLO,Female,Yes,Yes,No,5,Yes,No,Fiber optic,No,No,No,No,No,No,Month-to-month,Yes,Electronic check,69.35,341.6,No,0-5,No,Yes,Yes,Yes,4,68.32000000000001
3148-BLQJT,Male,No,No,No,1,Yes,No,No,No internet service,No internet service,No internet service,No internet service,No internet service,No internet service,Month-to-month,No,Mailed check,20.1,20.1,Yes,0-5,Yes,Yes,No,No,0,20.1
7825-GKXMW,Female,No,No,No,1,Yes,No,DSL,No,No,No,No,No,No,Month-to-month,No,Electronic check,45.8,45.8,Yes,0-5,Yes,Yes,Yes,No,4,45.8
6060-DRTNL,Female,Yes,No,No,5,Yes,No,Fiber optic,No,No,Yes,No,Yes,No,Month-to-month,Yes,Mailed check,84.85,415.55,Yes,0-5,No,Yes,No,Yes,3,83.11
0396-HUJBP,Female,No,No,No,2,Yes,No,No,No internet service,No internet service,No internet service,No internet service,No internet service,No internet service,Month-to-month,No,Mailed check,19.3,44.4,No,0-5,Yes,Yes,No,No,0,22.2
8651-ENBZX,Female,Yes,No,No,60,Yes,Yes,Fiber optic,No,No,Yes,Yes,Yes,Yes,One year,Yes,Electronic check,106.0,6441.4,Yes,60-72,No,No,Yes,Yes,2,107.35666666666664
7446-YPODE,Male,Yes,No,No,11,Yes,Yes,DSL,Yes,Yes,No,No,No,No,Month-to-month,No,Bank transfer (automatic),60.25,662.95,No,6-11,No,Yes,No,No,2,60.26818181818182
8735-IJJEG,Male,No,Yes,No,14,Yes,No,DSL,No,No,Yes,No,No,No,Month-to-month,No,Credit card (automatic),50.2,668.85,No,12-23,No,Yes,No,No,3,47.775
3761-FLYZI,Female,Yes,Yes,No,65,Yes,Yes,Fiber optic,No,Yes,Yes,No,Yes,Yes,Month-to-month,Yes,Bank transfer (automatic),108.8,7082.45,No,60-72,No,Yes,No,Yes,2,108.96076923076924
7841-TZDMQ,Male,No,No,No,2,Yes,No,DSL,No,No,No,No,No,No,Month-to-month,Yes,Credit card (automatic),46.0,84.5,Yes,0-5,Yes,Yes,No,No,4,42.25
4250-ZBWLV,Male,No,No,No,68,Yes,Yes,Fiber optic,No,Yes,Yes,Yes,Yes,Yes,One year,No,Electronic check,108.45,7176.55,Yes,60-72,No,No,Yes,Yes,1,105.5375
8882-TLVRW,Male,No,Yes,Yes,69,No,No phone service,DSL,Yes,No,Yes,Yes,No,No,Two year,No,Mailed check,39.1,2779.5,No,60-72,No,No,No,No,1,40.28260869565217
7273-TEFQD,Male,Yes,No,No,3,No,No phone service,DSL,No,No,Yes,No,No,Yes,Month-to-month,Yes,Electronic check,41.15,132.2,Yes,0-5,Yes,Yes,Yes,No,3,44.06666666666666
1656-DRSMG,Female,No,No,No,63,Yes,Yes,Fiber optic,No,Yes,Yes,Yes,Yes,Yes,Month-to-month,Yes,Credit card (automatic),109.85,7002.95,No,60-72,No,Yes,No,Yes,1,111.15793650793653
5914-DVBWJ,Female,Yes,No,No,18,Yes,Yes,Fiber optic,No,Yes,No,Yes,No,No,Month-to-month,Yes,Electronic check,85.45,1505.85,Yes,12-23,No,Yes,Yes,Yes,2,83.65833333333333
2446-ZKVAF,Male,No,Yes,No,18,Yes,Yes,DSL,No,Yes,No,No,No,No,Month-to-month,No,Credit card (automatic),56.8,1074.65,No,12-23,No,Yes,No,No,3,59.70277777777778
5269-NRGDP,Male,No,Yes,Yes,42,Yes,No,DSL,No,No,Yes,Yes,Yes,Yes,One year,No,Electronic check,73.15,3088.25,No,36-47,No,No,Yes,No,2,73.5297619047619
1555-HAPSU,Female,No,Yes,Yes,71,Yes,Yes,No,No internet service,No internet service,No internet service,No internet service,No internet service,No internet service,Two year,No,Credit card (automatic),23.9,1663.5,No,60-72,No,No,No,No,0,23.42957746478873
1871-MOWRM,Male,No,Yes,No,12,Yes,No,Fiber optic,Yes,No,No,Yes,No,No,Month-to-month,No,Bank transfer (automatic),80.85,866.45,Yes,12-23,No,Yes,No,Yes,2,72.20416666666667
9426-SXNHE,Female,No,No,No,2,Yes,No,No,No internet service,No internet service,No internet service,No internet service,No internet service,No internet service,Month-to-month,No,Bank transfer (automatic),18.75,53.15,No,0-5,Yes,Yes,No,No,0,26.575
7721-JXEAW,Male,No,Yes,No,59,No,No phone service,DSL,No,Yes,No,No,No,Yes,Month-to-month,Yes,Bank transfer (automatic),41.05,2452.7,Yes,48-59,No,Yes,No,No,3,41.57118644067796
7318-EIVKO,Male,No,No,No,8,Yes,Yes,DSL,No,No,No,No,Yes,No,Month-to-month,Yes,Electronic check,59.25,436.6,No,6-11,No,Yes,Yes,No,4,54.575
5338-YHWYT,Male,No,No,Yes,37,Yes,No,DSL,Yes,Yes,No,Yes,No,No,Two year,No,Credit card (automatic),61.45,2302.35,No,36-47,No,No,No,No,1,62.22567567567568
1760-CAZHT,Male,No,No,Yes,25,Yes,No,No,No internet service,No internet service,No internet service,No internet service,No internet service,No internet service,Month-to-month,No,Mailed check,20.8,460.2,No,24-35,No,Yes,No,No,0,18.408
0281-CNTZX,Male,No,Yes,No,63,Yes,No,No,No internet service,No internet service,No internet service,No internet service,No internet service,No internet service,Two year,Yes,Bank transfer (automatic),19.95,1234.8,No,60-72,No,No,No,No,0,19.6
2732-ISEZX,Female,No,No,No,5,Yes,No,No,No internet service,No internet service,No internet service,No internet service,No internet service,No internet service,Month-to-month,Yes,Mailed check,20.5,104.3,No,0-5,No,Yes,No,No,0,20.86
0142-GVYSN,Male,No,No,No,26,Yes,No,No,No internet service,No internet service,No internet service,No internet service,No internet service,No internet service,Month-to-month,Yes,Electronic check,20.3,511.25,No,24-35,No,Yes,Yes,No,0,19.66346153846154
1025-FALIX,Female,No,No,No,26,Yes,No,Fiber optic,No,No,No,No,No,No,Month-to-month,Yes,Credit card (automatic),69.05,1815.65,No,24-35,No,Yes,No,Yes,4,69.83269230769231
3217-FZDMN,Female,Yes,No,No,8,Yes,No,Fiber optic,No,No,Yes,No,Yes,Yes,Month-to-month,Yes,Credit card (automatic),94.45,742.95,Yes,6-11,No,Yes,No,Yes,3,92.86875
9189-JWSHV,Female,Yes,Yes,No,24,Yes,Yes,Fiber optic,No,No,No,No,Yes,Yes,Month-to-month,Yes,Electronic check,93.55,2264.05,Yes,24-35,No,Yes,Yes,Yes,4,94.33541666666667
8067-NIOYM,Female,No,Yes,Yes,24,Yes,No,No,No internet service,No internet service,No internet service,No internet service,No internet service,No internet service,Two year,Yes,Credit card (automatic),21.1,490.65,No,24-35,No,No,No,No,0,20.44375
3948-XHGNA,Male,No,No,No,24,Yes,No,DSL,Yes,No,No,No,No,No,Month-to-month,Yes,Bank transfer (automatic),49.55,1210.4,Yes,24-35,No,Yes,No,No,3,50.43333333333334
7251-XFOIL,Female,No,No,No,61,Yes,Yes,Fiber optic,No,No,Yes,No,No,Yes,Month-to-month,No,Mailed check,89.2,5500.6,No,60-72,No,Yes,No,Yes,3,90.17377049180328
4307-KTUMW,Male,No,Yes,No,53,Yes,Yes,Fiber optic,Yes,No,Yes,No,No,Yes,Month-to-month,No,Electronic check,93.9,5029.2,Yes,48-59,No,Yes,Yes,Yes,2,94.89056603773584
7096-UCLNH,Male,No,No,No,1,Yes,No,No,No internet service,No internet service,No internet service,No internet service,No internet service,No internet service,Month-to-month,No,Mailed check,20.05,20.05,No,0-5,Yes,Yes,No,No,0,20.05
7740-BTPUX,Male,Yes,Yes,No,55,Yes,Yes,Fiber optic,No,Yes,Yes,Yes,Yes,Yes,Two year,Yes,Electronic check,113.6,6292.7,No,48-59,No,No,Yes,Yes,1,114.41272727272728
7241-AJHFS,Male,No,No,No,32,Yes,Yes,Fiber optic,Yes,No,No,Yes,No,No,Month-to-month,No,Bank transfer (automatic),87.65,2766.4,No,24-35,No,Yes,No,Yes,2,86.45
3454-JFUBC,Male,Yes,No,No,68,Yes,No,No,No internet service,No internet service,No internet service,No internet service,No internet service,No internet service,Two year,Yes,Credit card (automatic),20.0,1396.0,No,60-72,No,No,No,No,0,20.529411764705884
3488-PGMQJ,Male,Yes,No,No,8,Yes,No,Fiber optic,No,Yes,No,No,No,No,Month-to-month,Yes,Electronic check,74.5,606.55,Yes,6-11,No,Yes,Yes,Yes,3,75.81875
3512-IZIKN,Female,No,Yes,No,70,Yes,Yes,DSL,Yes,No,Yes,Yes,No,No,Two year,No,Credit card (automatic),65.3,4759.75,Yes,60-72,No,No,No,No,1,67.99642857142857
5125-CNDSP,Male,No,No,Yes,63,No,No phone service,DSL,Yes,Yes,No,Yes,No,No,One year,Yes,Bank transfer (automatic),40.6,2588.95,No,60-72,No,No,No,No,1,41.09444444444444
8647-SDTWQ,Male,No,Yes,Yes,57,Yes,Yes,Fiber optic,No,No,No,No,No,No,Month-to-month,Yes,Electronic check,74.3,4018.35,No,48-59,No,Yes,Yes,Yes,4,70.49736842105263
1682-VCOIO,Male,No,No,No,23,Yes,No,No,No internet service,No internet service,No internet service,No internet service,No internet service,No internet service,One year,No,Mailed check,20.45,481.1,No,12-23,No,No,No,No,0,20.917391304347827
5439-WIKXB,Male,Yes,Yes,No,41,Yes,No,Fiber optic,No,Yes,No,No,Yes,Yes,Month-to-month,Yes,Electronic check,94.55,3851.45,No,36-47,No,Yes,Yes,Yes,3,93.93780487804878
2634-HCZGT,Male,Yes,Yes,No,53,Yes,Yes,DSL,Yes,No,No,Yes,No,No,One year,Yes,Electronic check,60.05,3229.65,Yes,48-59,No,No,Yes,No,2,60.93679245283019
8717-VCTXJ,Male,No,No,No,42,Yes,No,No,No internet service,No internet service,No internet service,No internet service,No internet service,No internet service,One year,Yes,Mailed check,19.55,839.4,No,36-47,No,No,No,No,0,19.985714285714284
0691-IFBQW,Female,Yes,No,No,46,Yes,Yes,Fiber optic,Yes,Yes,Yes,No,Yes,Yes,One year,Yes,Electronic check,110.0,4874.8,Yes,36-47,No,No,Yes,Yes,1,105.97391304347826
6980-CDGFC,Female,No,Yes,No,67,Yes,No,No,No internet service,No internet service,No internet service,No internet service,No internet service,No internet service,One year,Yes,Bank transfer (automatic),20.85,1327.4,No,60-72,No,No,No,No,0,19.811940298507466
7169-YWAMK,Male,No,Yes,Yes,72,Yes,No,DSL,Yes,Yes,No,Yes,Yes,No,Two year,No,Bank transfer (automatic),68.4,4855.35,No,60-72,No,No,No,No,1,67.43541666666667
3146-JTQHR,Male,No,Yes,No,10,Yes,No,No,No internet service,No internet service,No internet service,No internet service,No internet service,No internet service,One year,No,Bank transfer (automatic),19.6,189.45,No,6-11,No,No,No,No,0,18.945
5995-SNNEW,Male,Yes,Yes,No,23,Yes,Yes,Fiber optic,No,Yes,Yes,No,Yes,Yes,Month-to-month,Yes,Electronic check,104.45,2184.85,No,12-23,No,Yes,Yes,Yes,2,94.99347826086957
9944-HKVVB,Female,No,No,No,3,Yes,No,Fiber optic,No,Yes,No,No,Yes,Yes,Month-to-month,Yes,Electronic check,95.1,307.4,Yes,0-5,Yes,Yes,Yes,Yes,3,102.46666666666664
7764-BDPEE,Male,No,No,Yes,3,Yes,No,No,No internet service,No internet service,No internet service,No internet service,No internet service,No internet service,Month-to-month,No,Mailed check,20.85,60.65,No,0-5,Yes,Yes,No,No,0,20.216666666666665
7503-EPSZW,Female,No,Yes,Yes,64,Yes,Yes,No,No internet service,No internet service,No internet service,No internet service,No internet service,No internet service,Two year,Yes,Mailed check,24.05,1559.15,No,60-72,No,No,No,No,0,24.36171875
0337-CNPZE,Female,No,No,No,41,Yes,Yes,Fiber optic,No,Yes,Yes,No,Yes,Yes,Month-to-month,Yes,Electronic check,106.3,4443.45,Yes,36-47,No,Yes,Yes,Yes,2,108.37682926829268
6490-FGZAT,Male,No,No,No,6,Yes,No,No,No internet service,No internet service,No internet service,No internet service,No internet service,No internet service,Month-to-month,No,Mailed check,20.65,109.3,No,6-11,No,Yes,No,No,0,18.216666666666665
1064-FBXNK,Male,No,Yes,Yes,1,Yes,No,No,No internet service,No internet service,No internet service,No internet service,No internet service,No internet service,One year,No,Credit card (automatic),19.85,19.85,No,0-5,Yes,No,No,No,0,19.85
3736-BLEPA,Male,No,No,No,28,Yes,No,Fiber optic,No,Yes,No,Yes,Yes,No,One year,Yes,Bank transfer (automatic),91.25,2483.65,No,24-35,No,No,No,Yes,2,88.70178571428572
5127-BZENZ,Female,No,Yes,Yes,56,Yes,Yes,DSL,Yes,No,No,No,Yes,No,One year,No,Bank transfer (automatic),65.2,3512.15,No,48-59,No,No,No,No,3,62.71696428571429
7036-ZZKBD,Male,No,Yes,No,31,Yes,No,DSL,No,No,Yes,Yes,No,Yes,Month-to-month,Yes,Credit card (automatic),66.4,2019.8,No,24-35,No,Yes,No,No,2,65.15483870967742
5012-YSPJJ,Male,No,Yes,Yes,31,Yes,No,DSL,No,No,Yes,Yes,No,No,Month-to-month,No,Mailed check,54.35,1647.0,No,24-35,No,Yes,No,No,2,53.12903225806452
8685-WHQPW,Female,Yes,No,No,22,Yes,Yes,Fiber optic,No,No,No,No,No,No,Month-to-month,Yes,Bank transfer (automatic),74.4,1692.6,Yes,12-23,No,Yes,No,Yes,4,76.93636363636364
4572-DVCGN,Female,No,No,No,10,Yes,No,Fiber optic,No,No,No,No,No,Yes,Month-to-month,Yes,Bank transfer (automatic),80.25,846.0,Yes,6-11,No,Yes,No,Yes,4,84.6
4614-NUVZD,Female,No,No,No,1,Yes,No,Fiber optic,No,No,No,No,No,Yes,Month-to-month,Yes,Electronic check,81.1,81.1,Yes,0-5,Yes,Yes,Yes,Yes,4,81.1
1262-OPMFY,Female,No,Yes,No,9,Yes,No,Fiber optic,No,No,Yes,No,No,No,Month-to-month,Yes,Bank transfer (automatic),75.75,655.9,Yes,6-11,No,Yes,No,Yes,3,72.87777777777778
6620-JDYNW,Female,No,No,No,18,Yes,Yes,DSL,Yes,No,Yes,No,No,No,Month-to-month,Yes,Mailed check,60.6,1156.35,No,12-23,No,Yes,No,No,2,64.24166666666666
5570-PTWEH,Female,No,Yes,No,3,Yes,Yes,Fiber optic,No,No,No,No,No,No,Month-to-month,Yes,Credit card (automatic),75.15,216.75,Yes,0-5,Yes,Yes,No,Yes,4,72.25
5605-IYGFG,Female,No,No,No,7,Yes,No,Fiber optic,No,No,No,No,No,No,Month-to-month,Yes,Bank transfer (automatic),69.85,515.45,No,6-11,No,Yes,No,Yes,4,73.63571428571429
4195-PNGZS,Male,No,Yes,Yes,69,Yes,Yes,No,No internet service,No internet service,No internet service,No internet service,No internet service,No internet service,Two year,No,Bank transfer (automatic),24.45,1718.2,No,60-72,No,No,No,No,0,24.90144927536232
2856-NNASM,Male,Yes,No,No,43,Yes,No,Fiber optic,No,No,No,No,Yes,Yes,Month-to-month,Yes,Mailed check,89.55,3856.75,Yes,36-47,No,Yes,No,Yes,4,89.69186046511628
0475-RIJEP,Male,No,No,No,43,Yes,Yes,Fiber optic,No,Yes,No,No,No,No,Month-to-month,Yes,Electronic check,77.85,3365.85,Yes,36-47,No,Yes,Yes,Yes,3,78.27558139534884
6794-HKIAJ,Male,No,No,No,62,Yes,Yes,Fiber optic,Yes,Yes,Yes,No,No,No,Month-to-month,No,Bank transfer (automatic),90.7,5586.45,No,60-72,No,Yes,No,Yes,1,90.1040322580645
6211-WWLTF,Male,No,Yes,No,63,Yes,No,Fiber optic,Yes,No,Yes,No,Yes,Yes,Two year,No,Credit card (automatic),99.7,6330.4,No,60-72,No,No,No,Yes,2,100.48253968253968
6688-UZPWD,Female,No,Yes,No,11,Yes,Yes,Fiber optic,No,Yes,No,No,Yes,Yes,Month-to-month,Yes,Electronic check,102.0,1145.35,Yes,6-11,No,Yes,Yes,Yes,3,104.12272727272726
7927-AUXBZ,Female,No,No,No,30,Yes,No,Fiber optic,No,No,No,Yes,Yes,No,Month-to-month,No,Electronic check,85.15,2555.9,Yes,24-35,No,Yes,Yes,Yes,3,85.19666666666667
4194-FJARJ,Female,No,Yes,Yes,54,Yes,Yes,DSL,Yes,No,No,Yes,No,No,Two year,No,Bank transfer (automatic),60.0,3273.95,No,48-59,No,No,No,No,2,60.6287037037037
5093-FEGLU,Female,No,Yes,No,47,Yes,No,No,No internet service,No internet service,No internet service,No internet service,No internet service,No internet service,Two year,No,Bank transfer (automatic),19.65,921.55,No,36-47,No,No,No,No,0,19.60744680851064
7314-OXENN,Male,No,No,No,2,Yes,Yes,Fiber optic,No,Yes,No,No,No,No,Month-to-month,Yes,Electronic check,82.0,184.65,Yes,0-5,Yes,Yes,Yes,Yes,3,92.325
6133-OZILE,Female,No,No,No,18,No,No phone service,DSL,No,No,Yes,Yes,No,No,Month-to-month,Yes,Electronic check,35.2,607.3,No,12-23,No,Yes,Yes,No,2,33.73888888888889
2809-ZMYOQ,Female,No,No,No,32,Yes,Yes,Fiber optic,No,No,Yes,No,Yes,Yes,Month-to-month,Yes,Electronic check,101.35,3334.9,No,24-35,No,Yes,Yes,Yes,3,104.215625
8143-ETQTI,Female,No,Yes,Yes,23,Yes,No,No,No internet service,No internet service,No internet service,No internet service,No internet service,No internet service,Two year,Yes,Mailed check,19.65,451.55,No,12-23,No,No,No,No,0,19.632608695652173
5171-EPLKN,Male,No,No,No,27,Yes,No,No,No internet service,No internet service,No internet service,No internet service,No internet service,No internet service,Two year,No,Credit card (automatic),19.85,470.0,No,24-35,No,No,No,No,0,17.40740740740741
2568-OIADY,Female,No,Yes,No,37,Yes,Yes,Fiber optic,No,No,Yes,No,Yes,Yes,Month-to-month,Yes,Electronic check,99.5,3762.0,Yes,36-47,No,Yes,Yes,Yes,3,101.67567567567568
9931-DCEZH,Male,No,No,Yes,28,Yes,No,DSL,No,Yes,No,Yes,No,No,One year,Yes,Credit card (automatic),54.4,1516.6,No,24-35,No,No,No,No,2,54.16428571428571
2672-HUYVI,Female,No,No,No,6,Yes,No,Fiber optic,No,No,No,No,Yes,Yes,Month-to-month,Yes,Electronic check,91.1,455.3,Yes,6-11,No,Yes,Yes,Yes,4,75.88333333333334
9919-YLNNG,Female,No,No,No,42,Yes,No,Fiber optic,No,Yes,Yes,Yes,Yes,Yes,Month-to-month,Yes,Bank transfer (automatic),103.8,4327.5,No,36-47,No,Yes,No,Yes,1,103.03571428571428
7537-RBWEA,Female,No,No,No,1,No,No phone service,DSL,No,No,No,No,No,No,Month-to-month,Yes,Mailed check,25.15,25.15,No,0-5,Yes,Yes,No,No,4,25.15
2277-AXSDC,Female,No,No,No,32,Yes,No,No,No internet service,No internet service,No internet service,No internet service,No internet service,No internet service,One year,No,Bank transfer (automatic),19.75,624.15,No,24-35,No,No,No,No,0,19.5046875
1022-RKXDR,Female,No,No,No,41,Yes,Yes,No,No internet service,No internet service,No internet service,No internet service,No internet service,No internet service,One year,Yes,Mailed check,24.85,962.25,No,36-47,No,No,No,No,0,23.46951219512195
8974-OVACP,Female,No,No,No,1,Yes,No,No,No internet service,No internet service,No internet service,No internet service,No internet service,No internet service,Month-to-month,No,Mailed check,20.15,20.15,No,0-5,Yes,Yes,No,No,0,20.15
0822-GAVAP,Female,No,No,No,2,No,No phone service,DSL,No,No,No,No,No,Yes,Month-to-month,Yes,Electronic check,34.7,62.25,Yes,0-5,Yes,Yes,Yes,No,4,31.125
2999-AANRQ,Female,No,No,No,21,Yes,No,DSL,Yes,Yes,No,Yes,Yes,No,Two year,No,Credit card (automatic),71.05,1524.85,No,12-23,No,No,No,No,1,72.61190476190475
5044-XDPYX,Female,No,Yes,No,51,Yes,Yes,No,No internet service,No internet service,No internet service,No internet service,No internet service,No internet service,Two year,No,Mailed check,25.5,1281.25,No,48-59,No,No,No,No,0,25.12254901960784
5397-NSKQG,Male,No,Yes,Yes,67,No,No phone service,DSL,Yes,No,No,No,Yes,Yes,Two year,No,Credit card (automatic),50.9,3281.65,No,60-72,No,No,No,No,3,48.97985074626866
3427-GGZZI,Female,No,Yes,No,19,Yes,Yes,Fiber optic,No,Yes,No,No,No,Yes,Month-to-month,Yes,Electronic check,89.1,1620.8,No,12-23,No,Yes,Yes,Yes,3,85.30526315789473
4795-WRNVT,Female,No,No,No,40,Yes,No,DSL,Yes,Yes,No,No,Yes,No,Month-to-month,No,Mailed check,65.1,2586.0,No,36-47,No,Yes,No,No,2,64.65
6092-QZVPP,Male,No,No,No,36,Yes,No,DSL,Yes,No,Yes,Yes,Yes,Yes,Month-to-month,Yes,Credit card (automatic),79.2,2854.95,No,36-47,No,Yes,No,No,1,79.30416666666666
6145-NNPNO,Female,No,No,No,1,Yes,No,DSL,No,No,No,No,No,No,Month-to-month,No,Bank transfer (automatic),44.15,44.15,No,0-5,Yes,Yes,No,No,4,44.15
3372-CDXFJ,Male,No,Yes,Yes,13,Yes,Yes,No,No internet service,No internet service,No internet service,No internet service,No internet service,No internet service,One year,No,Bank transfer (automatic),24.5,343.6,No,12-23,No,No,No,No,0,26.430769230769236
1958-RNRKS,Male,No,Yes,No,30,Yes,Yes,DSL,No,No,No,No,No,No,Month-to-month,No,Electronic check,49.9,1441.95,No,24-35,No,Yes,Yes,No,4,48.065000000000005
3969-JQABI,Female,No,Yes,No,58,Yes,No,DSL,Yes,Yes,No,No,Yes,No,Month-to-month,Yes,Credit card (automatic),65.25,3791.6,No,48-59,No,Yes,No,No,2,65.37241379310345
8873-GLDMH,Female,No,No,No,6,Yes,Yes,Fiber optic,No,No,No,No,No,No,Month-to-month,Yes,Mailed check,73.85,401.3,No,6-11,No,Yes,No,Yes,4,66.88333333333334
1285-OKIPP,Male,No,No,No,1,Yes,No,Fiber optic,No,No,No,No,No,Yes,Month-to-month,No,Electronic check,79.9,79.9,Yes,0-5,Yes,Yes,Yes,Yes,4,79.9
3956-CJUST,Female,Yes,No,No,23,Yes,No,Fiber optic,Yes,No,No,No,No,No,Month-to-month,Yes,Bank transfer (automatic),75.4,1643.55,No,12-23,No,Yes,No,Yes,3,71.45869565217392
1196-AMORA,Male,No,No,No,7,Yes,Yes,Fiber optic,No,No,No,No,No,No,Month-to-month,No,Electronic check,73.6,520.0,Yes,6-11,No,Yes,Yes,Yes,4,74.28571428571429
6876-ADESB,Male,No,No,Yes,1,Yes,No,DSL,No,No,Yes,No,No,No,Month-to-month,No,Electronic check,48.95,48.95,Yes,0-5,Yes,Yes,Yes,No,3,48.95
4316-XCSLJ,Male,No,No,Yes,17,Yes,No,DSL,Yes,No,No,No,No,No,Month-to-month,Yes,Mailed check,50.3,846.8,No,12-23,No,Yes,No,No,3,49.811764705882354
1907-YLNYW,Male,No,No,No,8,Yes,No,DSL,Yes,No,Yes,No,No,Yes,Month-to-month,Yes,Electronic check,66.7,579.0,No,6-11,No,Yes,Yes,No,2,72.375
3387-VATUS,Male,No,No,No,5,Yes,Yes,Fiber optic,No,No,No,No,Yes,Yes,Month-to-month,Yes,Bank transfer (automatic),94.85,462.8,Yes,0-5,No,Yes,No,Yes,4,92.56
8174-TBVCF,Female,No,Yes,No,70,Yes,Yes,DSL,Yes,Yes,Yes,Yes,Yes,Yes,Two year,Yes,Credit card (automatic),94.8,6859.05,No,60-72,No,No,No,No,0,97.98642857142858
8535-SFUTN,Male,No,No,No,61,Yes,Yes,Fiber optic,Yes,No,Yes,No,Yes,Yes,Month-to-month,Yes,Electronic check,106.45,6300.15,No,60-72,No,Yes,Yes,Yes,2,103.2811475409836
7909-FIOIY,Female,No,Yes,Yes,19,No,No phone service,DSL,No,No,No,No,No,No,Month-to-month,Yes,Mailed check,24.85,434.8,No,12-23,No,Yes,No,No,4,22.88421052631579
6333-YDVLT,Male,No,No,No,65,Yes,Yes,Fiber optic,Yes,No,Yes,Yes,Yes,Yes,One year,Yes,Credit card (automatic),110.0,7138.65,No,60-72,No,No,No,Yes,1,109.8253846153846
6103-QCKFX,Female,No,Yes,Yes,44,Yes,No,DSL,Yes,No,No,Yes,No,No,Month-to-month,No,Bank transfer (automatic),56.25,2419.55,No,36-47,No,Yes,No,No,2,54.98977272727273
8982-NHAVY,Male,No,No,No,27,Yes,Yes,Fiber optic,No,No,Yes,No,Yes,Yes,One year,Yes,Bank transfer (automatic),100.5,2673.45,No,24-35,No,No,No,Yes,3,99.01666666666668
4567-AKPIA,Female,No,Yes,Yes,41,Yes,Yes,Fiber optic,No,Yes,Yes,Yes,Yes,Yes,One year,Yes,Bank transfer (automatic),109.1,4454.25,No,36-47,No,No,No,Yes,1,108.64024390243902
6103-LIANB,Male,No,Yes,Yes,59,Yes,Yes,Fiber optic,No,No,Yes,No,Yes,Yes,Two year,Yes,Credit card (automatic),99.5,5861.75,No,48-59,No,No,No,Yes,3,99.35169491525424
2817-NTQDO,Male,No,No,No,13,No,No phone service,DSL,Yes,No,No,Yes,Yes,No,Month-to-month,Yes,Credit card (automatic),45.55,597.0,Yes,12-23,No,Yes,No,No,2,45.92307692307692
1934-SJVJK,Male,No,No,No,1,Yes,No,No,No internet service,No internet service,No internet service,No internet service,No internet service,No internet service,Month-to-month,No,Mailed check,20.15,20.15,Yes,0-5,Yes,Yes,No,No,0,20.15
6481-LXPWL,Male,No,Yes,Yes,56,No,No phone service,DSL,No,Yes,Yes,No,No,No,One year,Yes,Credit card (automatic),36.1,1971.5,No,48-59,No,No,No,No,2,35.205357142857146
9732-OUYRN,Female,No,Yes,No,49,Yes,No,No,No internet service,No internet service,No internet service,No internet service,No internet service,No internet service,One year,No,Credit card (automatic),19.0,918.7,No,48-59,No,No,No,No,0,18.748979591836736
5546-BYZSM,Female,No,No,No,41,Yes,No,No,No internet service,No internet service,No internet service,No internet service,No internet service,No internet service,Month-to-month,No,Electronic check,20.45,775.6,No,36-47,No,Yes,Yes,No,0,18.917073170731708
2862-JVEOY,Male,No,No,No,6,Yes,No,No,No internet service,No internet service,No internet service,No internet service,No internet service,No internet service,One year,No,Mailed check,19.15,124.4,No,6-11,No,No,No,No,0,20.73333333333333
6633-SYEUS,Female,No,No,No,23,Yes,No,Fiber optic,No,Yes,Yes,Yes,No,No,Month-to-month,No,Bank transfer (automatic),83.2,2032.3,No,12-23,No,Yes,No,Yes,1,88.36086956521739
2650-GYRYL,Male,No,Yes,Yes,33,Yes,No,No,No internet service,No internet service,No internet service,No internet service,No internet service,No internet service,One year,Yes,Bank transfer (automatic),19.45,600.25,No,24-35,No,No,No,No,0,18.189393939393938
5414-OFQCB,Male,No,No,No,57,Yes,Yes,Fiber optic,No,No,No,Yes,Yes,No,Two year,Yes,Credit card (automatic),90.45,5229.8,No,48-59,No,No,No,Yes,3,91.75087719298246
2592-SEIFQ,Male,No,No,No,3,No,No phone service,DSL,No,No,No,No,No,No,Month-to-month,No,Electronic check,24.75,66.95,Yes,0-5,Yes,Yes,Yes,No,4,22.316666666666663
6393-WRYZE,Female,No,Yes,No,34,Yes,Yes,Fiber optic,No,No,No,No,Yes,Yes,Month-to-month,Yes,Electronic check,97.65,3207.55,Yes,24-35,No,Yes,Yes,Yes,4,94.33970588235294
5043-TRZWM,Female,No,No,No,1,Yes,No,Fiber optic,No,No,Yes,No,No,No,Month-to-month,No,Electronic check,75.55,75.55,No,0-5,Yes,Yes,Yes,Yes,3,75.55
3682-YEUWS,Male,No,Yes,Yes,10,Yes,Yes,No,No internet service,No internet service,No internet service,No internet service,No internet service,No internet service,Month-to-month,Yes,Mailed check,24.4,253.9,No,6-11,No,Yes,No,No,0,25.39
0118-JPNOY,Female,Yes,No,No,26,Yes,No,Fiber optic,Yes,No,No,No,Yes,No,Month-to-month,Yes,Credit card (automatic),85.8,2193.65,No,24-35,No,Yes,No,Yes,3,84.37115384615385
4061-UKJWL,Male,No,No,No,3,Yes,No,DSL,No,No,No,No,No,No,Month-to-month,No,Mailed check,45.45,141.7,No,0-5,Yes,Yes,No,No,4,47.23333333333333
8404-FYDIB,Male,No,No,No,26,Yes,Yes,Fiber optic,Yes,Yes,No,No,No,No,Month-to-month,Yes,Credit card (automatic),86.65,2208.75,No,24-35,No,Yes,No,Yes,2,84.95192307692308
7502-BNYGS,Female,No,Yes,No,46,Yes,No,DSL,No,Yes,No,No,Yes,Yes,Month-to-month,Yes,Credit card (automatic),69.1,3168.0,No,36-47,No,Yes,No,No,3,68.8695652173913
3378-AJRAO,Male,No,Yes,Yes,44,Yes,Yes,No,No internet service,No internet service,No internet service,No internet service,No internet service,No internet service,One year,No,Electronic check,24.85,1013.6,No,36-47,No,No,Yes,No,0,23.036363636363635
5590-YRFJT,Female,No,Yes,No,20,No,No phone service,DSL,No,No,No,No,No,No,Month-to-month,Yes,Electronic check,24.45,482.8,Yes,12-23,No,Yes,Yes,No,4,24.14
7758-UJWYS,Male,No,Yes,Yes,34,No,No phone service,DSL,No,No,No,Yes,Yes,No,Two year,Yes,Electronic check,40.55,1325.85,No,24-35,No,No,Yes,No,3,38.99558823529412
1414-YADCW,Male,No,Yes,No,70,Yes,No,Fiber optic,Yes,Yes,No,Yes,No,No,Two year,No,Bank transfer (automatic),84.6,5706.2,No,60-72,No,No,No,Yes,1,81.51714285714286
1041-RXHRA,Female,No,No,No,41,Yes,No,Fiber optic,No,No,No,No,No,No,Month-to-month,No,Bank transfer (automatic),70.25,2868.05,Yes,36-47,No,Yes,No,Yes,4,69.95243902439024
7161-DFHUF,Female,No,Yes,No,71,Yes,Yes,No,No internet service,No internet service,No internet service,No internet service,No internet service,No internet service,Two year,No,Mailed check,23.85,1672.1,No,60-72,No,No,No,No,0,23.55070422535211
3154-CFSZG,Male,No,Yes,Yes,47,Yes,No,Fiber optic,Yes,No,Yes,No,No,Yes,Month-to-month,No,Electronic check,90.05,4137.2,No,36-47,No,Yes,Yes,Yes,2,88.02553191489362
5261-QSHQM,Female,No,No,No,4,No,No phone service,DSL,No,No,No,No,No,No,Month-to-month,Yes,Electronic check,24.45,86.6,Yes,0-5,No,Yes,Yes,No,4,21.65
2027-DNKIV,Male,No,Yes,Yes,37,Yes,No,DSL,Yes,No,Yes,Yes,No,No,One year,Yes,Mailed check,58.75,2203.1,No,36-47,No,No,No,No,1,59.54324324324324
2683-BPJSO,Male,No,Yes,No,29,Yes,Yes,Fiber optic,Yes,Yes,No,No,No,No,Month-to-month,Yes,Electronic check,84.45,2467.1,Yes,24-35,No,Yes,Yes,Yes,2,85.07241379310345
3255-GRXMG,Male,No,No,Yes,18,Yes,No,DSL,No,No,No,No,No,No,Month-to-month,Yes,Credit card (automatic),45.65,747.2,No,12-23,No,Yes,No,No,4,41.51111111111111
4424-TKOPW,Male,Yes,No,No,2,Yes,Yes,Fiber optic,No,No,No,No,Yes,Yes,Month-to-month,Yes,Electronic check,93.85,196.75,Yes,0-5,Yes,Yes,Yes,Yes,4,98.375
2115-BFTIW,Male,No,No,No,25,Yes,No,Fiber optic,No,No,No,No,No,No,Month-to-month,No,Mailed check,70.95,1767.35,Yes,24-35,No,Yes,No,Yes,4,70.694
3410-YOQBQ,Female,No,No,No,31,Yes,No,DSL,No,Yes,Yes,Yes,Yes,Yes,Two year,No,Mailed check,79.2,2497.2,No,24-35,No,No,No,No,1,80.55483870967741
0098-BOWSO,Male,No,No,No,27,Yes,No,No,No internet service,No internet service,No internet service,No internet service,No internet service,No internet service,Month-to-month,Yes,Electronic check,19.4,529.8,No,24-35,No,Yes,Yes,No,0,19.62222222222222
4054-CUMIA,Female,No,Yes,Yes,18,Yes,No,No,No internet service,No internet service,No internet service,No internet service,No internet service,No internet service,Month-to-month,Yes,Mailed check,20.25,401.95,No,12-23,No,Yes,No,No,0,22.33055555555556
2111-DWYHN,Male,No,No,No,1,Yes,No,No,No internet service,No internet service,No internet service,No internet service,No internet service,No internet service,Month-to-month,No,Mailed check,21.1,21.1,No,0-5,Yes,Yes,No,No,0,21.1
8261-GWDBQ,Female,Yes,Yes,No,60,Yes,Yes,Fiber optic,Yes,Yes,Yes,Yes,Yes,Yes,Two year,Yes,Bank transfer (automatic),116.05,6925.9,No,60-72,No,No,No,Yes,0,115.43166666666666
1657-DYMBM,Male,No,Yes,No,53,Yes,No,No,No internet service,No internet service,No internet service,No internet service,No internet service,No internet service,Two year,No,Credit card (automatic),19.9,1110.05,No,48-59,No,No,No,No,0,20.944339622641508
1282-IHQAC,Male,Yes,No,No,70,No,No phone service,DSL,No,Yes,Yes,No,Yes,No,One year,Yes,Credit card (automatic),44.05,3011.65,No,60-72,No,No,No,No,2,43.02357142857143
3720-DBRWL,Male,No,Yes,No,51,Yes,No,DSL,Yes,Yes,Yes,Yes,Yes,Yes,Two year,Yes,Credit card (automatic),83.85,4307.1,No,48-59,No,No,No,No,0,84.45294117647059
8631-WUXGY,Female,No,No,Yes,46,Yes,No,Fiber optic,No,Yes,Yes,No,Yes,Yes,Month-to-month,Yes,Electronic check,99.8,4391.25,No,36-47,No,Yes,Yes,Yes,2,95.46195652173913
1612-EOHDH,Female,No,No,No,1,Yes,No,DSL,No,No,No,No,No,No,Month-to-month,No,Electronic check,45.15,45.15,Yes,0-5,Yes,Yes,Yes,No,4,45.15
0406-BPDVR,Female,Yes,Yes,No,54,Yes,Yes,Fiber optic,No,Yes,No,No,Yes,Yes,One year,Yes,Credit card (automatic),101.5,5373.1,Yes,48-59,No,No,No,Yes,3,99.50185185185184
7703-ZEKEF,Male,No,No,No,23,Yes,Yes,Fiber optic,No,No,Yes,No,No,No,Month-to-month,Yes,Electronic check,81.0,1917.1,Yes,12-23,No,Yes,Yes,Yes,3,83.35217391304347
4323-OHFOW,Female,Yes,Yes,No,70,Yes,Yes,Fiber optic,No,Yes,No,Yes,Yes,Yes,One year,Yes,Bank transfer (automatic),105.55,7195.35,No,60-72,No,No,No,Yes,2,102.79071428571427
4385-ZKVNW,Male,No,Yes,Yes,44,Yes,No,DSL,No,Yes,No,Yes,No,No,Month-to-month,Yes,Bank transfer (automatic),54.9,2549.1,No,36-47,No,Yes,No,No,2,57.934090909090905
9987-LUTYD,Female,No,No,No,13,Yes,No,DSL,Yes,No,No,Yes,No,No,One year,No,Mailed check,55.15,742.9,No,12-23,No,No,No,No,2,57.14615384615384
4385-GZQXV,Female,Yes,No,No,16,Yes,No,Fiber optic,No,No,No,Yes,Yes,Yes,Month-to-month,Yes,Electronic check,94.45,1511.2,Yes,12-23,No,Yes,Yes,Yes,3,94.45
3049-NDXFL,Female,No,No,No,1,Yes,Yes,Fiber optic,No,No,No,No,No,Yes,Month-to-month,No,Mailed check,85.8,85.8,Yes,0-5,Yes,Yes,No,Yes,4,85.8
5177-RVZNU,Female,No,No,Yes,37,Yes,No,No,No internet service,No internet service,No internet service,No internet service,No internet service,No internet service,One year,No,Bank transfer (automatic),20.3,755.4,No,36-47,No,No,No,No,0,20.416216216216217
4694-PHWFW,Female,No,No,Yes,8,Yes,No,No,No internet service,No internet service,No internet service,No internet service,No internet service,No internet service,Month-to-month,No,Mailed check,19.95,170.9,No,6-11,No,Yes,No,No,0,21.3625
0877-SDMBN,Female,No,No,No,54,Yes,Yes,Fiber optic,Yes,No,Yes,No,Yes,Yes,One year,Yes,Bank transfer (automatic),103.95,5639.05,Yes,48-59,No,No,No,Yes,2,104.42685185185184
4121-AGSIN,Female,No,Yes,Yes,58,Yes,Yes,No,No internet service,No internet service,No internet service,No internet service,No internet service,No internet service,One year,Yes,Credit card (automatic),24.5,1497.9,No,48-59,No,No,No,No,0,25.82586206896552
2690-DVRVK,Male,No,Yes,Yes,5,Yes,No,No,No internet service,No internet service,No internet service,No internet service,No internet service,No internet service,One year,No,Electronic check,20.55,99.45,No,0-5,No,No,Yes,No,0,19.89
9053-JZFKV,Male,No,No,No,67,Yes,Yes,Fiber optic,Yes,Yes,Yes,Yes,Yes,Yes,Two year,No,Credit card (automatic),116.2,7752.3,Yes,60-72,No,No,No,Yes,0,115.70597014925372
1910-FMXJM,Female,No,Yes,No,36,Yes,No,Fiber optic,No,No,No,No,No,Yes,Month-to-month,No,Electronic check,80.4,2937.65,No,36-47,No,Yes,Yes,Yes,4,81.60138888888889
7683-CBDKJ,Male,No,Yes,Yes,14,Yes,No,DSL,Yes,Yes,No,No,Yes,No,Month-to-month,Yes,Electronic check,65.45,937.6,Yes,12-23,No,Yes,Yes,No,2,66.97142857142858
1927-QEWMY,Female,No,Yes,No,72,Yes,No,No,No internet service,No internet service,No internet service,No internet service,No internet service,No internet service,Two year,No,Credit card (automatic),20.5,1502.25,No,60-72,No,No,No,No,0,20.86458333333333
3678-MNGZX,Male,No,Yes,Yes,68,Yes,No,No,No internet service,No internet service,No internet service,No internet service,No internet service,No internet service,Two year,No,Bank transfer (automatic),19.95,1377.7,No,60-72,No,No,No,No,0,20.26029411764706
3712-PKXZA,Male,No,Yes,No,61,Yes,No,No,No internet service,No internet service,No internet service,No internet service,No internet service,No internet service,One year,Yes,Credit card (automatic),20.55,1252.0,No,60-72,No,No,No,No,0,20.524590163934427
4510-PYUSH,Female,Yes,No,No,38,Yes,No,DSL,Yes,Yes,No,No,No,No,Month-to-month,Yes,Credit card (automatic),57.15,2250.65,Yes,36-47,No,Yes,No,No,2,59.227631578947374
2933-FILNV,Female,No,Yes,Yes,2,No,No phone service,DSL,No,No,No,No,No,No,Month-to-month,Yes,Mailed check,24.4,36.55,Yes,0-5,Yes,Yes,No,No,4,18.275
7245-JMTTQ,Female,No,No,No,51,Yes,Yes,Fiber optic,No,Yes,Yes,Yes,Yes,Yes,One year,Yes,Electronic check,111.5,5703.25,No,48-59,No,No,Yes,Yes,1,111.82843137254902
4625-EWPTF,Male,No,No,No,8,No,No phone service,DSL,Yes,No,No,No,No,No,Month-to-month,Yes,Electronic check,30.45,226.45,Yes,6-11,No,Yes,Yes,No,3,28.30625
3211-ILJTT,Male,No,Yes,No,17,Yes,No,Fiber optic,No,No,No,No,No,No,Month-to-month,Yes,Bank transfer (automatic),70.4,1214.05,Yes,12-23,No,Yes,No,Yes,4,71.41470588235293
5480-TBGPH,Female,No,Yes,No,24,Yes,No,Fiber optic,No,Yes,Yes,No,Yes,Yes,Month-to-month,Yes,Credit card (automatic),99.3,2431.35,Yes,24-35,No,Yes,No,Yes,2,101.30625
2511-ALLCS,Female,No,Yes,Yes,35,Yes,Yes,No,No internet service,No internet service,No internet service,No internet service,No internet service,No internet service,Two year,No,Bank transfer (automatic),24.3,821.6,No,24-35,No,No,No,No,0,23.474285714285717
3709-OIJEA,Male,No,No,No,26,Yes,No,Fiber optic,No,Yes,Yes,Yes,No,No,One year,Yes,Electronic check,85.2,2184.6,No,24-35,No,No,Yes,Yes,1,84.02307692307691
3393-FMZPV,Female,No,No,No,25,Yes,Yes,Fiber optic,No,Yes,No,No,Yes,Yes,Month-to-month,Yes,Electronic check,100.25,2387.75,Yes,24-35,No,Yes,Yes,Yes,3,95.51
8380-MQINP,Female,No,Yes,Yes,55,Yes,No,No,No internet service,No internet service,No internet service,No internet service,No internet service,No internet service,Two year,No,Mailed check,20.3,1079.05,No,48-59,No,No,No,No,0,19.619090909090907
4550-EVXNY,Female,No,No,Yes,1,Yes,No,Fiber optic,No,No,No,No,No,No,Month-to-month,Yes,Electronic check,69.65,69.65,Yes,0-5,Yes,Yes,Yes,Yes,4,69.65
4612-SSVHJ,Female,Yes,No,No,20,Yes,No,Fiber optic,No,No,No,No,No,Yes,Month-to-month,Yes,Electronic check,81.45,1671.6,No,12-23,No,Yes,Yes,Yes,4,83.58
9591-YVTEB,Male,Yes,No,No,55,No,No phone service,DSL,Yes,Yes,No,No,Yes,No,Month-to-month,Yes,Electronic check,44.85,2479.05,No,48-59,No,Yes,Yes,No,2,45.07363636363637
9239-ZBZZV,Female,No,No,No,6,No,No phone service,DSL,No,No,Yes,No,Yes,Yes,Month-to-month,Yes,Electronic check,47.95,305.1,Yes,6-11,No,Yes,Yes,No,3,50.85
3692-JHONH,Female,Yes,Yes,No,52,Yes,Yes,Fiber optic,No,Yes,Yes,No,Yes,Yes,One year,Yes,Electronic check,106.5,5621.85,No,48-59,No,No,Yes,Yes,2,108.1125
5406-KGRMX,Female,No,No,No,71,Yes,Yes,No,No internet service,No internet service,No internet service,No internet service,No internet service,No internet service,Two year,No,Electronic check,24.55,1719.15,No,60-72,No,No,Yes,No,0,24.213380281690142
0151-ONTOV,Female,No,No,No,1,Yes,No,Fiber optic,No,No,No,No,No,No,Month-to-month,No,Mailed check,70.9,70.9,Yes,0-5,Yes,Yes,No,Yes,4,70.9
8884-MRNSU,Male,No,Yes,Yes,17,Yes,No,No,No internet service,No internet service,No internet service,No internet service,No internet service,No internet service,One year,No,Bank transfer (automatic),19.9,329.75,No,12-23,No,No,No,No,0,19.397058823529413
5982-FPVQN,Female,No,Yes,Yes,37,Yes,Yes,Fiber optic,No,Yes,Yes,No,No,Yes,Month-to-month,Yes,Electronic check,95.15,3532.85,No,36-47,No,Yes,Yes,Yes,2,95.48243243243245
2916-BQZLN,Male,No,No,No,19,Yes,Yes,Fiber optic,Yes,No,Yes,No,No,No,Month-to-month,Yes,Electronic check,84.75,1651.95,No,12-23,No,Yes,Yes,Yes,2,86.94473684210527
6502-HCJTI,Male,Yes,Yes,No,7,Yes,Yes,Fiber optic,Yes,Yes,No,No,No,Yes,Month-to-month,Yes,Credit card (automatic),94.7,673.1,Yes,6-11,No,Yes,No,Yes,2,96.15714285714286
0455-ENTCR,Male,No,Yes,No,66,Yes,Yes,DSL,Yes,Yes,No,Yes,Yes,Yes,Two year,No,Electronic check,85.25,5538.35,No,60-72,No,No,Yes,No,1,83.91439393939395
9819-FBNSV,Male,Yes,Yes,No,37,Yes,No,Fiber optic,No,No,No,No,No,No,Month-to-month,Yes,Bank transfer (automatic),72.25,2575.45,No,36-47,No,Yes,No,Yes,4,69.60675675675675
2581-VKIRT,Female,No,Yes,Yes,59,Yes,Yes,DSL,Yes,Yes,No,Yes,No,No,One year,No,Mailed check,65.5,3801.3,No,48-59,No,No,No,No,1,64.42881355932204
7216-EWTRS,Female,Yes,Yes,No,1,Yes,Yes,Fiber optic,No,No,Yes,No,Yes,Yes,Month-to-month,Yes,Electronic check,100.8,100.8,Yes,0-5,Yes,Yes,Yes,Yes,3,100.8
1697-NVVGY,Male,Yes,Yes,No,19,Yes,No,DSL,Yes,No,Yes,No,Yes,No,Month-to-month,No,Bank transfer (automatic),66.4,1286.05,No,12-23,No,Yes,No,No,2,67.68684210526315
2188-SXWVT,Female,No,No,No,34,Yes,No,DSL,Yes,Yes,No,No,No,No,One year,No,Mailed check,55.0,1885.15,No,24-35,No,No,No,No,2,55.44558823529412
6896-SRVYQ,Male,Yes,No,No,44,Yes,No,Fiber optic,No,No,Yes,No,No,No,Month-to-month,No,Electronic check,73.85,3122.4,No,36-47,No,Yes,Yes,Yes,3,70.96363636363637
8399-YNDCH,Male,Yes,No,No,21,Yes,No,DSL,No,No,Yes,No,Yes,No,Month-to-month,Yes,Bank transfer (automatic),60.05,1236.15,Yes,12-23,No,Yes,No,No,3,58.86428571428572
3177-LASXD,Female,No,No,No,1,Yes,No,Fiber optic,No,No,No,No,No,No,Month-to-month,No,Electronic check,71.35,71.35,Yes,0-5,Yes,Yes,Yes,Yes,4,71.35
0301-KOBTQ,Male,No,No,No,32,Yes,No,No,No internet service,No internet service,No internet service,No internet service,No internet service,No internet service,Two year,Yes,Bank transfer (automatic),20.05,614.45,No,24-35,No,No,No,No,0,19.2015625
5468-BPMMO,Male,No,Yes,No,46,Yes,No,No,No internet service,No internet service,No internet service,No internet service,No internet service,No internet service,Month-to-month,No,Electronic check,19.6,851.2,No,36-47,No,Yes,Yes,No,0,18.50434782608696
7601-GNDYK,Male,No,Yes,Yes,35,Yes,No,No,No internet service,No internet service,No internet service,No internet service,No internet service,No internet service,Two year,No,Mailed check,19.6,686.95,No,24-35,No,No,No,No,0,19.627142857142857
7537-CBQUZ,Male,Yes,No,No,63,Yes,Yes,Fiber optic,Yes,Yes,Yes,No,Yes,Yes,Month-to-month,Yes,Bank transfer (automatic),109.4,7031.45,No,60-72,No,Yes,No,Yes,1,111.61031746031746
2612-PHGOX,Male,No,Yes,No,64,Yes,Yes,DSL,No,Yes,Yes,Yes,Yes,No,Two year,Yes,Bank transfer (automatic),76.1,4818.8,No,60-72,No,No,No,No,1,75.29375
3694-DELSO,Male,No,Yes,Yes,4,No,No phone service,DSL,Yes,No,No,No,Yes,No,Month-to-month,No,Credit card (automatic),38.55,156.1,No,0-5,No,Yes,No,No,3,39.025
3569-JFODW,Female,No,Yes,Yes,72,Yes,Yes,DSL,Yes,Yes,Yes,Yes,Yes,Yes,Two year,No,Credit card (automatic),90.95,6652.45,No,60-72,No,No,No,No,0,92.39513888888888
4452-ROHMO,Female,No,No,No,15,Yes,No,No,No internet service,No internet service,No internet service,No internet service,No internet service,No internet service,Two year,No,Mailed check,19.6,331.6,No,12-23,No,No,No,No,0,22.10666666666667
8741-LQOBK,Female,No,Yes,Yes,46,No,No phone service,DSL,Yes,Yes,No,No,No,No,Month-to-month,No,Bank transfer (automatic),35.05,1620.25,No,36-47,No,Yes,No,No,2,35.22282608695652
0378-TOVMS,Female,No,No,No,3,Yes,No,Fiber optic,No,No,No,Yes,No,Yes,Month-to-month,No,Electronic check,85.8,272.2,Yes,0-5,Yes,Yes,Yes,Yes,3,90.73333333333332
5196-WPYOW,Male,No,Yes,Yes,67,Yes,No,DSL,Yes,Yes,No,Yes,No,No,One year,No,Mailed check,60.05,3994.05,No,60-72,No,No,No,No,1,59.61268656716418
2908-ZTPNF,Female,No,No,No,36,No,No phone service,DSL,No,Yes,No,Yes,No,No,Month-to-month,Yes,Bank transfer (automatic),34.85,1267.2,No,36-47,No,Yes,No,No,2,35.2
2911-UREFD,Female,No,Yes,No,39,No,No phone service,DSL,Yes,No,Yes,No,Yes,Yes,Month-to-month,No,Electronic check,55.9,2184.35,Yes,36-47,No,Yes,Yes,No,2,56.00897435897436
4695-WJZUE,Female,Yes,No,No,2,Yes,Yes,Fiber optic,No,No,Yes,No,No,Yes,Month-to-month,Yes,Electronic check,88.55,179.25,Yes,0-5,Yes,Yes,Yes,Yes,3,89.625
3653-NCRDJ,Male,No,Yes,Yes,43,Yes,No,No,No internet service,No internet service,No internet service,No internet service,No internet service,No internet service,One year,Yes,Mailed check,19.2,776.25,No,36-47,No,No,No,No,0,18.052325581395348
1976-CFOCS,Female,Yes,Yes,No,1,Yes,No,DSL,No,No,No,No,No,No,Month-to-month,No,Electronic check,46.0,46.0,Yes,0-5,Yes,Yes,Yes,No,4,46.0
0993-OSGPT,Female,Yes,Yes,No,68,Yes,No,DSL,No,Yes,Yes,Yes,No,No,One year,Yes,Bank transfer (automatic),60.65,3975.9,No,60-72,No,No,No,No,1,58.46911764705882
9617-INGJY,Male,No,No,No,1,Yes,No,Fiber optic,No,No,No,No,No,No,Month-to-month,Yes,Mailed check,70.6,70.6,No,0-5,Yes,Yes,No,Yes,4,70.6
3005-TYFRD,Female,No,Yes,No,55,Yes,Yes,Fiber optic,No,Yes,Yes,No,Yes,Yes,Month-to-month,Yes,Credit card (automatic),103.65,5676.65,No,48-59,No,Yes,No,Yes,2,103.21181818181816
4548-SDBKE,Female,No,No,No,5,Yes,Yes,Fiber optic,No,No,No,No,Yes,No,Month-to-month,Yes,Electronic check,85.2,474.8,Yes,0-5,No,Yes,Yes,Yes,4,94.96
6603-QWSPR,Female,No,No,No,46,Yes,No,Fiber optic,No,Yes,Yes,Yes,Yes,Yes,Two year,Yes,Bank transfer (automatic),104.4,4904.2,No,36-47,No,No,No,Yes,1,106.61304347826086
1722-LDZJS,Male,No,Yes,Yes,53,Yes,No,No,No internet service,No internet service,No internet service,No internet service,No internet service,No internet service,One year,No,Credit card (automatic),20.2,1068.15,No,48-59,No,No,No,No,0,20.15377358490566
6921-OZMFH,Male,No,Yes,Yes,5,Yes,Yes,DSL,No,No,No,Yes,No,No,Month-to-month,Yes,Mailed check,55.7,259.4,No,0-5,No,Yes,No,No,3,51.88
1478-VPOAD,Female,No,No,No,1,Yes,No,DSL,No,No,No,No,No,No,Month-to-month,No,Electronic check,43.8,43.8,No,0-5,Yes,Yes,Yes,No,4,43.8
9895-VFOXH,Female,No,No,No,1,No,No phone service,DSL,No,No,No,No,No,No,Month-to-month,No,Mailed check,24.4,24.4,No,0-5,Yes,Yes,No,No,4,24.4
0080-EMYVY,Female,No,No,No,14,Yes,No,DSL,No,Yes,No,No,No,No,One year,No,Credit card (automatic),51.45,727.85,No,12-23,No,No,No,No,3,51.989285714285714
2761-XECQW,Male,Yes,Yes,No,8,No,No phone service,DSL,No,Yes,Yes,No,No,Yes,Month-to-month,Yes,Mailed check,43.35,371.4,No,6-11,No,Yes,No,No,2,46.425
3633-CDBUW,Male,No,No,Yes,17,Yes,No,DSL,No,Yes,Yes,Yes,Yes,Yes,One year,No,Electronic check,80.85,1445.95,No,12-23,No,No,Yes,No,1,85.05588235294118
0939-EREMR,Female,No,No,Yes,13,Yes,No,DSL,No,No,Yes,Yes,No,No,Month-to-month,No,Mailed check,53.45,718.1,No,12-23,No,Yes,No,No,2,55.23846153846154
3970-XGJDU,Female,No,No,No,62,Yes,No,No,No internet service,No internet service,No internet service,No internet service,No internet service,No internet service,Two year,Yes,Credit card (automatic),19.2,1123.65,No,60-72,No,No,No,No,0,18.123387096774195
2108-GLPQB,Male,No,Yes,No,25,Yes,Yes,DSL,No,No,Yes,No,No,No,Month-to-month,No,Credit card (automatic),55.55,1405.3,No,24-35,No,Yes,No,No,3,56.212
4140-MUHUG,Female,Yes,No,No,3,Yes,No,Fiber optic,No,No,Yes,No,Yes,No,Month-to-month,Yes,Electronic check,86.85,220.95,Yes,0-5,Yes,Yes,Yes,Yes,3,73.64999999999999
3798-EPWRR,Female,Yes,No,No,2,Yes,No,DSL,No,No,No,No,No,No,Month-to-month,No,Electronic check,43.95,85.1,No,0-5,Yes,Yes,Yes,No,4,42.55
7820-ZYGNY,Male,No,No,No,63,Yes,Yes,Fiber optic,No,Yes,No,No,No,Yes,One year,No,Credit card (automatic),90.45,5825.5,No,60-72,No,No,No,Yes,3,92.46825396825396
3420-ZDBMA,Male,Yes,No,No,5,Yes,No,Fiber optic,No,No,No,No,No,No,Month-to-month,Yes,Mailed check,71.45,371.6,No,0-5,No,Yes,No,Yes,4,74.32000000000001
7336-RLLRH,Male,No,Yes,No,27,Yes,Yes,DSL,Yes,No,No,Yes,Yes,Yes,One year,No,Mailed check,80.85,2204.35,No,24-35,No,No,No,No,2,81.64259259259259
0384-LPITE,Male,No,No,No,40,No,No phone service,DSL,Yes,Yes,Yes,No,Yes,Yes,One year,No,Credit card (automatic),62.05,2511.55,No,36-47,No,No,No,No,1,62.78875000000001
5312-IRCFR,Female,No,Yes,Yes,64,Yes,Yes,Fiber optic,No,Yes,Yes,No,No,Yes,One year,Yes,Electronic check,92.85,5980.75,No,60-72,No,No,Yes,Yes,2,93.44921875
0426-TIRNE,Female,No,No,No,1,Yes,No,No,No internet service,No internet service,No internet service,No internet service,No internet service,No internet service,Month-to-month,No,Mailed check,20.9,20.9,Yes,0-5,Yes,Yes,No,No,0,20.9
0603-OLQDC,Male,No,No,Yes,12,Yes,No,DSL,Yes,No,No,No,Yes,Yes,Month-to-month,Yes,Mailed check,69.85,837.5,No,12-23,No,Yes,No,No,3,69.79166666666667
6595-YGXIT,Male,Yes,No,No,25,Yes,Yes,Fiber optic,No,Yes,No,No,Yes,No,Month-to-month,Yes,Electronic check,88.95,2291.2,Yes,24-35,No,Yes,Yes,Yes,3,91.648
5249-QYHEX,Female,No,Yes,Yes,40,Yes,Yes,No,No internet service,No internet service,No internet service,No internet service,No internet service,No internet service,Two year,Yes,Mailed check,24.8,1024.7,No,36-47,No,No,No,No,0,25.6175
7206-GZCDC,Female,Yes,No,No,1,Yes,No,Fiber optic,No,No,No,No,No,No,Month-to-month,Yes,Electronic check,69.25,69.25,Yes,0-5,Yes,Yes,Yes,Yes,4,69.25
9389-ACWBI,Female,No,Yes,Yes,5,Yes,No,Fiber optic,No,No,No,No,No,No,Month-to-month,No,Credit card (automatic),69.95,320.4,No,0-5,No,Yes,No,Yes,4,64.08
2897-DOVND,Male,No,No,No,2,Yes,No,Fiber optic,No,No,No,No,No,No,Month-to-month,Yes,Electronic check,69.8,146.65,No,0-5,Yes,Yes,Yes,Yes,4,73.325
5135-RDDQL,Female,No,Yes,Yes,63,Yes,No,DSL,Yes,No,No,No,No,No,Two year,Yes,Bank transfer (automatic),50.65,3221.25,No,60-72,No,No,No,No,3,51.13095238095238
9242-TKFSV,Male,No,Yes,Yes,72,No,No phone service,DSL,Yes,Yes,Yes,Yes,Yes,Yes,Two year,Yes,Credit card (automatic),65.1,4754.3,No,60-72,No,No,No,No,0,66.03194444444445
6993-YCOBK,Male,No,Yes,Yes,60,Yes,Yes,Fiber optic,Yes,No,Yes,Yes,Yes,Yes,Two year,Yes,Electronic check,110.6,6586.85,No,60-72,No,No,Yes,Yes,1,109.78083333333332
4712-UYOOI,Female,No,Yes,Yes,20,Yes,No,No,No internet service,No internet service,No internet service,No internet service,No internet service,No internet service,Month-to-month,No,Electronic check,20.0,417.65,No,12-23,No,Yes,Yes,No,0,20.8825
7142-HVGBG,Male,Yes,Yes,No,43,Yes,Yes,Fiber optic,No,Yes,Yes,No,Yes,Yes,Month-to-month,Yes,Electronic check,103.0,4414.3,Yes,36-47,No,Yes,Yes,Yes,2,102.65813953488372
0268-QKIWO,Female,No,No,No,3,Yes,No,No,No internet service,No internet service,No internet service,No internet service,No internet service,No internet service,Month-to-month,No,Electronic check,19.75,58.85,Yes,0-5,Yes,Yes,Yes,No,0,19.616666666666667
9800-OUIGR,Male,No,Yes,Yes,66,Yes,No,No,No internet service,No internet service,No internet service,No internet service,No internet service,No internet service,Two year,No,Credit card (automatic),20.0,1374.2,No,60-72,No,No,No,No,0,20.82121212121212
5624-BQSSA,Female,No,No,No,1,Yes,No,No,No internet service,No internet service,No internet service,No internet service,No internet service,No internet service,Month-to-month,No,Mailed check,20.95,20.95,Yes,0-5,Yes,Yes,No,No,0,20.95
3726-TBHQT,Male,No,Yes,Yes,71,Yes,Yes,Fiber optic,Yes,Yes,Yes,Yes,Yes,Yes,Two year,Yes,Bank transfer (automatic),114.0,8175.9,No,60-72,No,No,No,Yes,0,115.15352112676057
7519-JTWQH,Female,No,No,No,69,Yes,Yes,Fiber optic,No,Yes,Yes,Yes,Yes,Yes,Two year,Yes,Bank transfer (automatic),110.5,7455.45,No,60-72,No,No,No,Yes,1,108.05
7696-AMHOD,Female,No,Yes,Yes,49,Yes,No,DSL,No,Yes,Yes,No,Yes,Yes,One year,No,Credit card (automatic),78.0,3824.2,No,48-59,No,No,No,No,2,78.04489795918367
8292-FRFZQ,Female,No,No,No,39,No,No phone service,DSL,Yes,Yes,No,Yes,No,No,One year,No,Bank transfer (automatic),41.15,1700.9,No,36-47,No,No,No,No,1,43.61282051282051
3727-OVPRY,Male,No,Yes,Yes,66,Yes,Yes,No,No internet service,No internet service,No internet service,No internet service,No internet service,No internet service,One year,Yes,Credit card (automatic),25.7,1714.55,No,60-72,No,No,No,No,0,25.9780303030303
7760-OYPDY,Female,No,No,No,2,Yes,No,Fiber optic,No,No,No,No,Yes,No,Month-to-month,Yes,Electronic check,80.65,144.15,Yes,0-5,Yes,Yes,Yes,Yes,4,72.075
0221-WMXNQ,Male,Yes,No,No,4,Yes,No,Fiber optic,Yes,No,No,No,No,No,Month-to-month,No,Electronic check,75.35,273.4,No,0-5,No,Yes,Yes,Yes,3,68.35
9786-IJYDL,Female,No,No,No,35,Yes,Yes,Fiber optic,Yes,Yes,Yes,Yes,Yes,Yes,Two year,Yes,Mailed check,113.2,3914.05,No,24-35,No,No,No,Yes,0,111.83
2433-KMEAS,Male,No,No,No,22,Yes,Yes,DSL,Yes,No,No,No,No,No,Month-to-month,Yes,Electronic check,54.45,1127.35,Yes,12-23,No,Yes,Yes,No,3,51.24318181818182
7710-JSYOA,Female,No,Yes,Yes,69,Yes,Yes,Fiber optic,No,Yes,No,Yes,No,Yes,Two year,Yes,Bank transfer (automatic),93.3,6398.05,No,60-72,No,No,No,Yes,2,92.72536231884058
9526-BIHHD,Male,No,No,No,1,No,No phone service,DSL,Yes,No,No,No,No,No,Month-to-month,No,Mailed check,29.7,29.7,Yes,0-5,Yes,Yes,No,No,3,29.7
8008-HAWED,Male,No,No,No,14,No,No phone service,DSL,No,No,Yes,No,Yes,Yes,Month-to-month,Yes,Electronic check,50.75,712.75,Yes,12-23,No,Yes,Yes,No,3,50.910714285714285
0716-BQNDX,Male,Yes,No,No,57,Yes,Yes,Fiber optic,Yes,No,No,Yes,No,Yes,Two year,No,Electronic check,93.75,5625.55,No,48-59,No,No,Yes,Yes,2,98.6938596491228
6538-POCHL,Male,No,No,No,33,Yes,No,Fiber optic,No,Yes,Yes,No,No,No,Month-to-month,Yes,Credit card (automatic),79.0,2576.8,No,24-35,No,Yes,No,Yes,2,78.0848484848485
1121-QSIVB,Female,No,No,Yes,44,Yes,Yes,DSL,No,Yes,No,No,Yes,Yes,One year,Yes,Mailed check,77.55,3471.1,No,36-47,No,No,No,No,3,78.88863636363637
0419-YAAPX,Male,No,Yes,No,49,Yes,No,Fiber optic,No,Yes,No,No,Yes,No,Month-to-month,Yes,Credit card (automatic),85.3,4297.95,No,48-59,No,Yes,No,Yes,3,87.71326530612245
7176-WIONM,Female,No,Yes,No,12,No,No phone service,DSL,No,No,Yes,No,Yes,Yes,Month-to-month,Yes,Bank transfer (automatic),49.85,617.15,No,12-23,No,Yes,No,No,3,51.42916666666667
7789-HKSBS,Female,Yes,Yes,No,42,Yes,Yes,Fiber optic,Yes,No,Yes,No,Yes,Yes,One year,Yes,Bank transfer (automatic),105.2,4599.15,No,36-47,No,No,No,Yes,2,109.50357142857142
9611-CTWIH,Female,No,No,No,3,Yes,No,Fiber optic,No,No,No,No,Yes,Yes,Month-to-month,Yes,Electronic check,89.45,240.45,Yes,0-5,Yes,Yes,Yes,Yes,4,80.14999999999999
2357-COQEK,Female,Yes,No,No,28,Yes,Yes,Fiber optic,No,No,Yes,Yes,Yes,Yes,Month-to-month,Yes,Electronic check,103.3,2890.65,Yes,24-35,No,Yes,Yes,Yes,2,103.2375
4293-ETKAP,Female,No,Yes,Yes,65,Yes,Yes,DSL,No,Yes,No,Yes,Yes,Yes,Two year,Yes,Bank transfer (automatic),79.4,5071.9,No,60-72,No,No,No,No,2,78.02923076923076
4355-CVPVS,Female,No,Yes,Yes,56,Yes,No,Fiber optic,No,No,No,No,Yes,Yes,One year,No,Bank transfer (automatic),88.9,4968.0,No,48-59,No,No,No,Yes,4,88.71428571428571
3158-MOERK,Female,No,No,No,2,Yes,Yes,Fiber optic,No,No,No,No,Yes,Yes,Month-to-month,Yes,Electronic check,96.0,174.8,Yes,0-5,Yes,Yes,Yes,Yes,4,87.4
7025-IWFHT,Male,No,No,No,41,Yes,No,Fiber optic,No,Yes,No,Yes,Yes,No,One year,Yes,Electronic check,89.55,3729.75,No,36-47,No,No,Yes,Yes,2,90.96951219512196
1266-NZYUI,Female,No,Yes,Yes,72,Yes,Yes,DSL,Yes,No,Yes,Yes,No,No,Two year,No,Bank transfer (automatic),66.85,4758.8,No,60-72,No,No,No,No,1,66.09444444444445
0673-IGUQO,Male,No,No,No,1,Yes,No,No,No internet service,No internet service,No internet service,No internet service,No internet service,No internet service,Month-to-month,No,Mailed check,20.45,20.45,No,0-5,Yes,Yes,No,No,0,20.45
0219-QAERP,Male,No,Yes,No,30,Yes,No,No,No internet service,No internet service,No internet service,No internet service,No internet service,No internet service,One year,No,Credit card (automatic),19.8,576.65,No,24-35,No,No,No,No,0,19.221666666666668
0788-DXBFY,Male,No,Yes,Yes,58,Yes,No,No,No internet service,No internet service,No internet service,No internet service,No internet service,No internet service,One year,Yes,Electronic check,19.55,1108.8,No,48-59,No,No,Yes,No,0,19.117241379310343
6156-UZDLF,Female,No,No,No,26,Yes,No,Fiber optic,Yes,No,Yes,Yes,No,No,One year,Yes,Credit card (automatic),87.15,2274.1,No,24-35,No,No,No,Yes,1,87.46538461538461
6637-KYRCV,Female,No,Yes,Yes,5,No,No phone service,DSL,No,Yes,No,No,No,No,Month-to-month,Yes,Electronic check,30.5,167.2,No,0-5,No,Yes,Yes,No,3,33.44
0827-ITJPH,Male,No,No,No,36,Yes,No,No,No internet service,No internet service,No internet service,No internet service,No internet service,No internet service,Two year,Yes,Credit card (automatic),18.55,689.0,No,36-47,No,No,No,No,0,19.13888888888889
5027-XWQHA,Male,No,No,No,6,Yes,No,DSL,No,No,No,No,No,No,Month-to-month,No,Electronic check,44.75,270.95,Yes,6-11,No,Yes,Yes,No,4,45.15833333333333
1686-STUHN,Male,No,No,No,42,Yes,No,No,No internet service,No internet service,No internet service,No internet service,No internet service,No internet service,One year,No,Bank transfer (automatic),19.8,849.9,No,36-47,No,No,No,No,0,20.235714285714284
2968-SSGAA,Female,No,No,No,10,Yes,Yes,Fiber optic,No,No,Yes,No,Yes,Yes,Month-to-month,Yes,Electronic check,100.6,1060.2,Yes,6-11,No,Yes,Yes,Yes,3,106.02
4833-QTJNO,Male,Yes,Yes,No,67,Yes,Yes,Fiber optic,Yes,Yes,No,No,No,No,Month-to-month,No,Bank transfer (automatic),83.85,5588.8,No,60-72,No,Yes,No,Yes,2,83.41492537313434
8679-JOEVF,Female,Yes,No,No,16,Yes,No,DSL,No,No,No,Yes,Yes,No,Month-to-month,No,Electronic check,59.4,1023.9,Yes,12-23,No,Yes,Yes,No,3,63.99375
8722-PRFDV,Female,No,Yes,Yes,71,Yes,No,DSL,Yes,No,Yes,No,Yes,Yes,Two year,No,Credit card (automatic),77.55,5574.35,No,60-72,No,No,No,No,2,78.51197183098591
5299-SJCZT,Male,No,No,No,3,Yes,Yes,Fiber optic,No,No,Yes,No,Yes,Yes,Month-to-month,Yes,Bank transfer (automatic),101.55,298.35,Yes,0-5,Yes,Yes,No,Yes,3,99.45
2828-SLQPF,Male,No,No,No,19,Yes,No,DSL,No,No,No,No,No,No,Month-to-month,Yes,Bank transfer (automatic),45.0,865.85,No,12-23,No,Yes,No,No,4,45.57105263157895
3474-BAFSJ,Male,No,Yes,No,57,No,No phone service,DSL,No,Yes,Yes,Yes,Yes,Yes,Two year,Yes,Bank transfer (automatic),57.5,3265.95,No,48-59,No,No,No,No,1,57.29736842105263
9391-TTOYH,Female,No,No,No,23,Yes,No,No,No internet service,No internet service,No internet service,No internet service,No internet service,No internet service,Month-to-month,Yes,Mailed check,19.5,470.2,No,12-23,No,Yes,No,No,0,20.443478260869565
9154-QDGTH,Male,No,Yes,Yes,43,Yes,Yes,Fiber optic,No,No,Yes,Yes,Yes,Yes,One year,Yes,Credit card (automatic),104.3,4451.85,No,36-47,No,No,No,Yes,2,103.53139534883722
9633-XQABV,Female,No,No,No,3,Yes,No,Fiber optic,No,No,No,No,No,No,Month-to-month,Yes,Electronic check,70.25,229.7,No,0-5,Yes,Yes,Yes,Yes,4,76.56666666666666
1028-FFNJK,Male,Yes,Yes,No,30,Yes,Yes,Fiber optic,No,No,No,Yes,Yes,Yes,Month-to-month,Yes,Electronic check,101.5,2917.65,No,24-35,No,Yes,Yes,Yes,3,97.255
3120-FAZKD,Male,No,Yes,Yes,54,Yes,Yes,No,No internet service,No internet service,No internet service,No internet service,No internet service,No internet service,Two year,Yes,Bank transfer (automatic),24.05,1230.9,No,48-59,No,No,No,No,0,22.794444444444448
3976-HXHCE,Male,No,No,No,72,Yes,No,No,No internet service,No internet service,No internet service,No internet service,No internet service,No internet service,Two year,No,Bank transfer (automatic),19.3,1414.8,No,60-72,No,No,No,No,0,19.65
1215-FIGMP,Male,No,No,No,60,Yes,Yes,Fiber optic,No,Yes,No,No,Yes,No,Month-to-month,Yes,Bank transfer (automatic),89.9,5450.7,No,60-72,No,Yes,No,Yes,3,90.845
6479-OAUSD,Male,No,No,No,25,Yes,No,No,No internet service,No internet service,No internet service,No internet service,No internet service,No internet service,One year,No,Credit card (automatic),19.9,510.8,No,24-35,No,No,No,No,0,20.432
8295-FHIVV,Male,No,No,No,7,Yes,No,No,No internet service,No internet service,No internet service,No internet service,No internet service,No internet service,Month-to-month,Yes,Mailed check,19.4,168.65,No,6-11,No,Yes,No,No,0,24.092857142857145
2692-BUCFV,Male,Yes,No,No,29,Yes,No,Fiber optic,No,Yes,Yes,No,Yes,Yes,Month-to-month,Yes,Bank transfer (automatic),101.45,2948.6,No,24-35,No,Yes,No,Yes,2,101.67586206896551
4182-BGSIQ,Female,No,Yes,Yes,10,Yes,No,No,No internet service,No internet service,No internet service,No internet service,No internet service,No internet service,Month-to-month,Yes,Bank transfer (automatic),19.8,196.75,No,6-11,No,Yes,No,No,0,19.675
1636-NTNCO,Male,Yes,No,No,4,No,No phone service,DSL,No,Yes,No,No,Yes,Yes,Month-to-month,Yes,Credit card (automatic),50.95,207.35,No,0-5,No,Yes,No,No,3,51.8375
9099-FTUHS,Female,No,No,No,23,Yes,Yes,DSL,Yes,No,No,No,No,No,Month-to-month,No,Electronic check,54.4,1249.25,No,12-23,No,Yes,Yes,No,3,54.31521739130435
9763-PDTKK,Female,No,No,No,4,Yes,No,Fiber optic,Yes,No,Yes,Yes,No,Yes,Month-to-month,Yes,Bank transfer (automatic),94.4,387.2,Yes,0-5,No,Yes,No,Yes,1,96.8
3440-JPSCL,Female,No,No,No,6,Yes,No,Fiber optic,No,No,Yes,Yes,Yes,Yes,Month-to-month,Yes,Mailed check,99.95,547.65,Yes,6-11,No,Yes,No,Yes,2,91.275
4194-WHFCB,Female,No,Yes,Yes,59,Yes,Yes,Fiber optic,No,Yes,No,Yes,No,Yes,Month-to-month,Yes,Bank transfer (automatic),96.65,5580.8,No,48-59,No,Yes,No,Yes,2,94.58983050847458
9795-NREXC,Female,No,Yes,No,64,Yes,Yes,DSL,Yes,No,Yes,Yes,Yes,Yes,Two year,Yes,Credit card (automatic),85.0,5484.4,No,60-72,No,No,No,No,1,85.69375
7025-WCBNE,Male,Yes,No,No,47,Yes,Yes,DSL,No,Yes,No,Yes,No,No,Two year,No,Bank transfer (automatic),59.6,2754.0,No,36-47,No,No,No,No,2,58.59574468085106
1135-HIORI,Female,No,Yes,Yes,64,Yes,Yes,Fiber optic,No,Yes,Yes,Yes,Yes,Yes,One year,Yes,Electronic check,111.45,7266.95,No,60-72,No,No,Yes,Yes,1,113.54609375
6005-OBZPH,Female,Yes,No,No,26,Yes,Yes,Fiber optic,No,Yes,No,No,Yes,No,Month-to-month,Yes,Electronic check,89.15,2277.65,Yes,24-35,No,Yes,Yes,Yes,3,87.60192307692309
7817-OMJNA,Male,No,No,No,14,Yes,No,No,No internet service,No internet service,No internet service,No internet service,No internet service,No internet service,One year,No,Bank transfer (automatic),20.4,275.7,No,12-23,No,No,No,No,0,19.692857142857143
2890-WFBHU,Female,No,No,No,59,Yes,Yes,DSL,Yes,Yes,Yes,Yes,No,Yes,One year,No,Credit card (automatic),79.85,4786.1,No,48-59,No,No,No,No,0,81.12033898305086
5313-FPXWG,Male,No,No,No,51,Yes,Yes,No,No internet service,No internet service,No internet service,No internet service,No internet service,No internet service,One year,Yes,Bank transfer (automatic),24.6,1266.4,No,48-59,No,No,No,No,0,24.83137254901961
0375-HVGXO,Female,No,No,No,1,No,No phone service,DSL,No,No,No,No,Yes,No,Month-to-month,Yes,Electronic check,34.7,34.7,Yes,0-5,Yes,Yes,Yes,No,4,34.7
1508-DFXCU,Male,No,No,No,12,Yes,No,Fiber optic,No,No,No,No,Yes,No,Month-to-month,Yes,Electronic check,81.45,912.0,No,12-23,No,Yes,Yes,Yes,4,76.0
0818-OCPZO,Male,Yes,No,No,27,Yes,Yes,Fiber optic,No,Yes,No,No,No,No,Month-to-month,Yes,Electronic check,81.45,2122.05,Yes,24-35,No,Yes,Yes,Yes,3,78.59444444444445
6479-SZPLM,Male,No,Yes,Yes,36,Yes,No,No,No internet service,No internet service,No internet service,No internet service,No internet service,No internet service,Two year,No,Credit card (automatic),19.45,754.5,No,36-47,No,No,No,No,0,20.95833333333333
9139-TWBAS,Female,No,Yes,No,26,No,No phone service,DSL,Yes,Yes,Yes,No,Yes,No,One year,No,Bank transfer (automatic),47.85,1190.5,No,24-35,No,No,No,No,1,45.78846153846154
5429-LWCMV,Female,No,No,No,12,Yes,Yes,Fiber optic,No,Yes,No,No,No,Yes,Month-to-month,Yes,Electronic check,89.15,1057.55,No,12-23,No,Yes,Yes,Yes,3,88.12916666666666
4676-WLUHT,Male,No,No,No,54,No,No phone service,DSL,Yes,Yes,No,No,No,Yes,Two year,No,Bank transfer (automatic),46.2,2431.95,No,48-59,No,No,No,No,2,45.036111111111104
4827-USJHP,Male,No,No,No,20,Yes,No,DSL,No,Yes,No,No,No,No,Month-to-month,Yes,Mailed check,51.8,1023.85,No,12-23,No,Yes,No,No,3,51.1925
0188-GWFLE,Male,No,No,No,2,Yes,No,No,No internet service,No internet service,No internet service,No internet service,No internet service,No internet service,Month-to-month,No,Mailed check,20.05,33.7,No,0-5,Yes,Yes,No,No,0,16.85
1074-WVEVG,Female,No,Yes,No,59,Yes,No,No,No internet service,No internet service,No internet service,No internet service,No internet service,No internet service,One year,No,Mailed check,20.35,1267.0,No,48-59,No,No,No,No,0,21.47457627118644
2192-CKRLV,Female,No,Yes,No,72,No,No phone service,DSL,Yes,Yes,Yes,No,No,Yes,Two year,Yes,Electronic check,49.2,3580.95,No,60-72,No,No,Yes,No,1,49.735416666666666
9560-ARGQJ,Female,No,No,Yes,16,Yes,No,Fiber optic,No,No,No,No,Yes,No,Month-to-month,Yes,Electronic check,81.0,1312.15,Yes,12-23,No,Yes,Yes,Yes,4,82.009375
8894-JVDCV,Female,No,No,No,62,Yes,Yes,Fiber optic,Yes,Yes,Yes,Yes,Yes,Yes,One year,Yes,Credit card (automatic),115.05,7133.45,No,60-72,No,No,No,Yes,0,115.05564516129031
1089-HDMKP,Male,Yes,No,Yes,11,Yes,No,DSL,No,Yes,No,Yes,No,No,Month-to-month,Yes,Electronic check,54.55,601.25,No,6-11,No,Yes,Yes,No,2,54.65909090909091
2709-UQGNP,Male,No,No,No,10,Yes,No,DSL,Yes,No,No,No,No,No,Month-to-month,Yes,Mailed check,51.65,524.5,No,6-11,No,Yes,No,No,3,52.45
6319-IEJWJ,Male,No,Yes,Yes,20,Yes,No,Fiber optic,No,No,No,No,Yes,Yes,Month-to-month,Yes,Electronic check,90.2,1776.55,Yes,12-23,No,Yes,Yes,Yes,4,88.8275
9659-QEQSY,Female,No,No,No,45,Yes,Yes,Fiber optic,Yes,Yes,Yes,Yes,Yes,Yes,Month-to-month,Yes,Electronic check,115.65,5125.5,No,36-47,No,Yes,Yes,Yes,0,113.9
2657-VPXTA,Female,No,Yes,Yes,10,Yes,No,Fiber optic,No,No,No,No,Yes,Yes,Month-to-month,Yes,Electronic check,88.85,929.45,No,6-11,No,Yes,Yes,Yes,4,92.945
7471-WNSUF,Male,No,Yes,No,60,Yes,Yes,No,No internet service,No internet service,No internet service,No internet service,No internet service,No internet service,One year,No,Bank transfer (automatic),24.15,1505.9,No,60-72,No,No,No,No,0,25.098333333333336
4472-VESGY,Female,No,Yes,Yes,52,Yes,Yes,Fiber optic,Yes,Yes,Yes,No,No,Yes,Month-to-month,No,Bank transfer (automatic),98.15,4993.4,No,48-59,No,Yes,No,Yes,1,96.02692307692308
5028-GZLDO,Male,No,No,No,2,Yes,No,Fiber optic,No,No,No,No,No,No,Month-to-month,No,Credit card (automatic),70.7,140.7,Yes,0-5,Yes,Yes,No,Yes,4,70.35
8565-HBFNN,Male,No,Yes,No,69,Yes,Yes,Fiber optic,Yes,Yes,Yes,Yes,No,Yes,One year,Yes,Credit card (automatic),107.2,7317.1,No,60-72,No,No,No,Yes,0,106.0449275362319
0880-FVFWF,Male,No,No,No,56,Yes,Yes,Fiber optic,Yes,Yes,No,No,No,No,Month-to-month,Yes,Electronic check,86.4,4922.4,No,48-59,No,Yes,Yes,Yes,2,87.89999999999999
2990-IAJSV,Male,No,No,No,72,Yes,Yes,DSL,Yes,Yes,Yes,Yes,Yes,Yes,Two year,No,Bank transfer (automatic),92.0,6632.75,No,60-72,No,No,No,No,0,92.12152777777776
8450-UYIBU,Female,Yes,No,No,35,No,No phone service,DSL,No,No,Yes,No,Yes,No,Month-to-month,Yes,Electronic check,39.85,1434.6,No,24-35,No,Yes,Yes,No,3,40.98857142857143
0756-MPZRL,Male,No,No,No,46,No,No phone service,DSL,No,No,Yes,Yes,No,No,One year,No,Credit card (automatic),33.7,1537.85,No,36-47,No,No,No,No,2,33.43152173913043
5302-BDJNT,Male,No,No,No,35,Yes,Yes,Fiber optic,No,No,Yes,Yes,Yes,No,Month-to-month,No,Electronic check,95.5,3418.2,No,24-35,No,Yes,Yes,Yes,2,97.66285714285712
9306-CPCBC,Female,No,No,No,3,Yes,Yes,Fiber optic,No,No,No,No,No,No,Month-to-month,Yes,Electronic check,74.25,210.3,Yes,0-5,Yes,Yes,Yes,Yes,4,70.10000000000001
8544-JNBOX,Male,No,No,No,72,Yes,No,No,No internet service,No internet service,No internet service,No internet service,No internet service,No internet service,Two year,Yes,Mailed check,20.8,1521.2,No,60-72,No,No,No,No,0,21.12777777777778
1389-WNUIB,Female,No,Yes,Yes,20,Yes,Yes,DSL,Yes,No,No,No,Yes,Yes,One year,No,Bank transfer (automatic),76.0,1588.75,No,12-23,No,No,No,No,3,79.4375
4822-RVYBB,Male,Yes,No,No,8,Yes,Yes,Fiber optic,No,No,Yes,No,Yes,Yes,Month-to-month,Yes,Electronic check,100.6,819.4,Yes,6-11,No,Yes,Yes,Yes,3,102.425
9297-EONCV,Female,No,No,No,72,Yes,Yes,DSL,Yes,Yes,Yes,Yes,Yes,Yes,Two year,Yes,Bank transfer (automatic),91.35,6697.2,No,60-72,No,No,No,No,0,93.01666666666668
7064-FRRSW,Male,Yes,No,No,48,Yes,Yes,Fiber optic,No,Yes,No,No,Yes,Yes,One year,Yes,Electronic check,99.0,4744.35,No,48-59,No,No,Yes,Yes,3,98.840625
4837-QUSFT,Female,No,Yes,No,65,Yes,Yes,Fiber optic,Yes,Yes,No,Yes,Yes,No,One year,Yes,Bank transfer (automatic),100.15,6643.5,No,60-72,No,No,No,Yes,1,102.20769230769233
0128-MKWSG,Female,No,No,Yes,26,No,No phone service,DSL,Yes,No,No,Yes,No,Yes,Month-to-month,No,Mailed check,45.8,1147.0,No,24-35,No,Yes,No,No,2,44.11538461538461
3460-TJBWI,Male,No,Yes,Yes,24,Yes,Yes,No,No internet service,No internet service,No internet service,No internet service,No internet service,No internet service,Two year,No,Mailed check,24.2,609.05,No,24-35,No,No,No,No,0,25.37708333333333
0674-GCDXG,Male,No,No,No,63,Yes,Yes,DSL,Yes,No,Yes,Yes,No,Yes,Two year,Yes,Bank transfer (automatic),71.9,4479.2,No,60-72,No,No,No,No,1,71.0984126984127
4803-AXVYP,Female,Yes,No,No,38,Yes,Yes,Fiber optic,No,No,No,Yes,Yes,Yes,Month-to-month,Yes,Electronic check,99.55,3734.25,Yes,36-47,No,Yes,Yes,Yes,3,98.26973684210526
7610-TVOPG,Male,No,No,No,15,Yes,Yes,No,No internet service,No internet service,No internet service,No internet service,No internet service,No internet service,Month-to-month,Yes,Electronic check,26.35,378.6,No,12-23,No,Yes,Yes,No,0,25.24
3873-NFTGI,Male,No,No,No,14,Yes,Yes,DSL,No,Yes,No,No,No,No,Month-to-month,Yes,Credit card (automatic),55.5,767.55,No,12-23,No,Yes,No,No,3,54.825
9885-CSMWE,Female,Yes,No,No,1,Yes,No,Fiber optic,No,No,No,No,Yes,No,Month-to-month,No,Electronic check,78.45,78.45,Yes,0-5,Yes,Yes,Yes,Yes,4,78.45
8144-DGHXP,Female,No,No,No,54,Yes,No,DSL,Yes,No,Yes,Yes,Yes,Yes,Two year,No,Electronic check,80.6,4299.95,No,48-59,No,No,Yes,No,1,79.6287037037037
7274-RTAPZ,Male,No,No,No,1,Yes,No,Fiber optic,No,No,No,No,Yes,Yes,Month-to-month,Yes,Electronic check,90.55,90.55,Yes,0-5,Yes,Yes,Yes,Yes,4,90.55
3891-NLXJB,Male,No,No,No,37,No,No phone service,DSL,Yes,Yes,No,Yes,No,No,Two year,Yes,Mailed check,40.55,1390.85,No,36-47,No,No,No,No,1,37.59054054054054
4318-RAJVY,Female,No,No,No,10,Yes,No,No,No internet service,No internet service,No internet service,No internet service,No internet service,No internet service,One year,Yes,Mailed check,19.8,198.25,No,6-11,No,No,No,No,0,19.825
3665-JATSN,Female,No,No,No,19,No,No phone service,DSL,No,Yes,No,No,No,Yes,Month-to-month,Yes,Electronic check,39.7,710.05,No,12-23,No,Yes,Yes,No,3,37.37105263157895
7103-ZGVNT,Female,No,Yes,Yes,69,Yes,Yes,DSL,Yes,Yes,No,Yes,Yes,No,One year,No,Credit card (automatic),73.7,4885.85,No,60-72,No,No,No,No,1,70.80942028985508
0322-CHQRU,Male,No,No,No,2,Yes,No,DSL,No,No,No,No,No,No,Month-to-month,No,Electronic check,45.35,89.5,Yes,0-5,Yes,Yes,Yes,No,4,44.75
6749-UTDVX,Male,No,No,No,72,Yes,Yes,Fiber optic,No,Yes,Yes,No,Yes,Yes,Two year,Yes,Electronic check,103.65,7634.8,No,60-72,No,No,Yes,Yes,2,106.03888888888888
2100-BDNSN,Female,No,Yes,No,5,Yes,Yes,DSL,No,No,Yes,Yes,Yes,No,Month-to-month,No,Bank transfer (automatic),67.95,350.3,Yes,0-5,No,Yes,No,No,2,70.06
9495-REDIY,Male,No,No,Yes,25,No,No phone service,DSL,Yes,No,No,No,Yes,No,One year,Yes,Credit card (automatic),40.65,970.55,No,24-35,No,No,No,No,3,38.822
1153-GNOLC,Male,No,No,No,33,No,No phone service,DSL,No,Yes,No,No,Yes,No,One year,Yes,Electronic check,39.1,1309.0,No,24-35,No,No,Yes,No,3,39.66666666666666
3249-ZPQRG,Male,No,No,No,4,Yes,Yes,Fiber optic,No,Yes,No,No,No,No,Month-to-month,No,Electronic check,78.45,330.05,Yes,0-5,No,Yes,Yes,Yes,3,82.5125
3315-TOTBP,Male,No,No,No,15,Yes,Yes,Fiber optic,No,No,No,No,No,No,Month-to-month,Yes,Mailed check,76.0,1130.85,Yes,12-23,No,Yes,No,Yes,4,75.39
9259-PACGQ,Female,No,Yes,No,34,Yes,Yes,DSL,Yes,Yes,No,Yes,No,No,Month-to-month,No,Electronic check,62.65,2274.9,Yes,24-35,No,Yes,Yes,No,1,66.90882352941176
8720-RQSBJ,Male,Yes,No,No,1,Yes,No,DSL,No,No,No,No,No,No,Month-to-month,No,Electronic check,44.0,44.0,No,0-5,Yes,Yes,Yes,No,4,44.0
8348-HFYIV,Male,No,No,No,2,No,No phone service,DSL,No,No,Yes,No,Yes,Yes,Month-to-month,Yes,Electronic check,49.25,90.35,Yes,0-5,Yes,Yes,Yes,No,3,45.175
3402-XRIUO,Female,Yes,Yes,No,22,Yes,Yes,DSL,Yes,Yes,No,Yes,No,No,Month-to-month,Yes,Mailed check,63.55,1381.8,No,12-23,No,Yes,No,No,1,62.809090909090905
1142-WACZW,Male,No,No,No,2,No,No phone service,DSL,No,No,No,Yes,No,No,Month-to-month,No,Bank transfer (automatic),29.85,75.6,Yes,0-5,Yes,Yes,No,No,3,37.8
1725-IQNIY,Male,No,Yes,No,54,Yes,No,Fiber optic,Yes,Yes,Yes,Yes,Yes,Yes,Two year,No,Bank transfer (automatic),109.75,6110.2,Yes,48-59,No,No,No,Yes,0,113.15185185185184
1710-RCXUS,Male,No,Yes,No,51,Yes,Yes,Fiber optic,No,Yes,No,No,No,Yes,One year,Yes,Credit card (automatic),90.35,4614.55,No,48-59,No,No,No,Yes,3,90.4813725490196
9169-BSVIN,Male,No,No,No,12,Yes,Yes,DSL,No,No,Yes,No,Yes,Yes,Month-to-month,No,Bank transfer (automatic),74.75,827.05,No,12-23,No,Yes,No,No,3,68.92083333333333
3533-UVMOM,Male,No,Yes,No,68,Yes,No,DSL,Yes,Yes,Yes,No,No,Yes,Two year,No,Bank transfer (automatic),70.95,4741.45,No,60-72,No,No,No,No,1,69.72720588235293
4860-IJUDE,Male,No,No,No,13,Yes,No,Fiber optic,Yes,No,No,No,No,No,Month-to-month,Yes,Credit card (automatic),73.75,956.65,No,12-23,No,Yes,No,Yes,3,73.58846153846153
4451-RWASJ,Male,No,Yes,Yes,15,Yes,No,No,No internet service,No internet service,No internet service,No internet service,No internet service,No internet service,One year,Yes,Mailed check,19.5,239.75,No,12-23,No,No,No,No,0,15.983333333333333
5371-VYLSX,Female,Yes,No,No,50,Yes,Yes,Fiber optic,Yes,Yes,No,No,No,No,Month-to-month,Yes,Electronic check,83.4,4113.7,No,48-59,No,Yes,Yes,Yes,2,82.274
3737-XBQDD,Male,No,No,No,24,Yes,Yes,Fiber optic,No,Yes,Yes,No,No,No,Month-to-month,Yes,Bank transfer (automatic),84.85,2048.8,No,24-35,No,Yes,No,Yes,2,85.36666666666667
5569-KGJHX,Female,No,Yes,Yes,9,Yes,Yes,Fiber optic,No,No,No,No,Yes,No,Month-to-month,Yes,Bank transfer (automatic),85.35,754.65,Yes,6-11,No,Yes,No,Yes,4,83.85
4060-LDNLU,Male,No,No,No,7,Yes,Yes,Fiber optic,No,No,No,No,Yes,Yes,Month-to-month,No,Electronic check,96.2,639.7,No,6-11,No,Yes,Yes,Yes,4,91.38571428571429
4817-KEQSP,Female,No,Yes,Yes,71,Yes,No,No,No internet service,No internet service,No internet service,No internet service,No internet service,No internet service,Two year,No,Bank transfer (automatic),19.85,1326.35,No,60-72,No,No,No,No,0,18.68098591549296
8010-EZLOU,Male,Yes,No,No,15,Yes,Yes,Fiber optic,No,Yes,No,No,No,No,Month-to-month,Yes,Electronic check,80.2,1217.25,Yes,12-23,No,Yes,Yes,Yes,3,81.15
4304-TSPVK,Female,No,Yes,No,68,Yes,Yes,Fiber optic,Yes,Yes,Yes,Yes,Yes,Yes,Two year,No,Bank transfer (automatic),114.9,7843.55,No,60-72,No,No,No,Yes,0,115.34632352941176
8510-BBWMU,Female,No,No,No,41,Yes,No,No,No internet service,No internet service,No internet service,No internet service,No internet service,No internet service,One year,Yes,Mailed check,19.75,806.95,No,36-47,No,No,No,No,0,19.68170731707317
1907-UBQFC,Male,Yes,No,No,10,Yes,No,Fiber optic,No,Yes,No,No,No,No,Month-to-month,Yes,Electronic check,72.85,688.65,Yes,6-11,No,Yes,Yes,Yes,3,68.865
7156-MHUGY,Male,Yes,No,No,13,Yes,No,Fiber optic,No,No,No,No,Yes,Yes,Month-to-month,Yes,Electronic check,90.5,1201.15,Yes,12-23,No,Yes,Yes,Yes,4,92.39615384615384
4816-OKWNX,Male,No,Yes,Yes,50,Yes,No,Fiber optic,No,Yes,Yes,Yes,Yes,Yes,One year,Yes,Bank transfer (automatic),103.4,5236.4,No,48-59,No,No,No,Yes,1,104.728
2361-UPSND,Female,No,Yes,No,46,Yes,No,DSL,Yes,Yes,No,Yes,No,Yes,One year,No,Mailed check,70.6,3231.05,No,36-47,No,No,No,No,1,70.24021739130436
1291-CUOCY,Male,No,Yes,No,72,Yes,Yes,Fiber optic,No,Yes,Yes,Yes,Yes,Yes,Two year,Yes,Credit card (automatic),110.6,7962.2,No,60-72,No,No,No,Yes,1,110.58611111111112
4291-YZODP,Female,No,No,Yes,7,Yes,No,No,No internet service,No internet service,No internet service,No internet service,No internet service,No internet service,One year,No,Mailed check,20.05,96.8,No,6-11,No,No,No,No,0,13.828571428571427
3419-SNJJD,Female,Yes,Yes,No,65,Yes,Yes,Fiber optic,Yes,No,Yes,No,Yes,Yes,Month-to-month,No,Bank transfer (automatic),105.25,6786.4,Yes,60-72,No,Yes,No,Yes,2,104.40615384615384
4851-BQDNX,Male,No,Yes,Yes,40,Yes,No,Fiber optic,No,No,Yes,No,Yes,No,One year,Yes,Electronic check,85.05,3355.65,No,36-47,No,No,Yes,Yes,3,83.89125
0621-TWIEM,Male,No,No,No,10,Yes,No,DSL,No,No,No,No,No,No,Month-to-month,Yes,Electronic check,45.55,402.6,Yes,6-11,No,Yes,Yes,No,4,40.260000000000005
9518-XXBXE,Male,Yes,Yes,No,10,Yes,No,Fiber optic,Yes,No,No,No,No,No,Month-to-month,No,Electronic check,75.3,720.45,No,6-11,No,Yes,Yes,Yes,3,72.045
9070-BCKQP,Female,No,Yes,No,72,Yes,Yes,Fiber optic,Yes,No,Yes,Yes,Yes,Yes,Two year,Yes,Credit card (automatic),110.15,7881.2,No,60-72,No,No,No,Yes,1,109.46111111111112
8645-KOMJQ,Male,No,Yes,Yes,69,Yes,Yes,DSL,No,Yes,Yes,Yes,Yes,Yes,Two year,Yes,Bank transfer (automatic),81.95,5601.4,No,60-72,No,No,No,No,1,81.17971014492753
0378-NHQXU,Female,No,Yes,Yes,17,Yes,Yes,Fiber optic,No,No,Yes,No,Yes,No,Month-to-month,No,Electronic check,88.25,1460.65,Yes,12-23,No,Yes,Yes,Yes,3,85.92058823529412
3154-HMWUU,Male,No,Yes,No,60,Yes,No,No,No internet service,No internet service,No internet service,No internet service,No internet service,No internet service,Two year,Yes,Bank transfer (automatic),20.5,1198.8,No,60-72,No,No,No,No,0,19.98
4282-YMKNA,Female,No,No,No,9,Yes,Yes,Fiber optic,No,No,No,No,No,No,Month-to-month,Yes,Electronic check,74.75,706.6,Yes,6-11,No,Yes,Yes,Yes,4,78.51111111111112
2321-OMBXY,Female,No,Yes,Yes,38,Yes,No,DSL,Yes,Yes,No,Yes,Yes,Yes,One year,No,Credit card (automatic),80.3,3058.65,Yes,36-47,No,No,No,No,1,80.49078947368422
2049-BAFNW,Female,No,No,No,1,No,No phone service,DSL,No,No,Yes,Yes,No,No,Month-to-month,No,Mailed check,35.9,35.9,No,0-5,Yes,Yes,No,No,2,35.9
2697-NQBPF,Male,No,No,No,34,Yes,Yes,Fiber optic,No,Yes,No,Yes,Yes,Yes,Month-to-month,Yes,Electronic check,105.35,3540.65,No,24-35,No,Yes,Yes,Yes,2,104.13676470588236
7898-PDWQE,Male,No,Yes,No,71,Yes,Yes,DSL,Yes,Yes,Yes,Yes,No,Yes,Two year,No,Credit card (automatic),80.4,5727.15,No,60-72,No,No,No,No,0,80.66408450704225
0650-BWOZN,Female,Yes,No,No,18,Yes,No,Fiber optic,No,Yes,No,No,No,No,Month-to-month,Yes,Electronic check,73.55,1359.45,No,12-23,No,Yes,Yes,Yes,3,75.525
7384-GHBPI,Male,No,Yes,No,3,No,No phone service,DSL,No,No,No,No,No,Yes,Month-to-month,Yes,Electronic check,35.15,99.75,Yes,0-5,Yes,Yes,Yes,No,4,33.25
4248-HCETZ,Male,Yes,Yes,No,30,Yes,No,Fiber optic,No,Yes,Yes,No,No,No,Month-to-month,Yes,Mailed check,79.65,2365.15,Yes,24-35,No,Yes,No,Yes,2,78.83833333333334
5274-XHAKY,Female,No,Yes,Yes,41,Yes,Yes,Fiber optic,Yes,Yes,No,No,Yes,No,Month-to-month,Yes,Bank transfer (automatic),94.3,3893.6,No,36-47,No,Yes,No,Yes,2,94.9658536585366
8224-DWCKX,Male,Yes,No,No,12,Yes,Yes,Fiber optic,No,No,No,No,No,No,Month-to-month,Yes,Credit card (automatic),73.3,828.05,No,12-23,No,Yes,No,Yes,4,69.00416666666666
8185-UPYBR,Male,No,Yes,No,6,Yes,Yes,Fiber optic,No,No,No,No,No,No,Month-to-month,Yes,Electronic check,75.5,438.0,Yes,6-11,No,Yes,Yes,Yes,4,73.0
6147-CBCRA,Female,No,Yes,No,33,Yes,No,No,No internet service,No internet service,No internet service,No internet service,No internet service,No internet service,Month-to-month,No,Mailed check,20.05,669.45,No,24-35,No,Yes,No,No,0,20.28636363636364
0322-YINQP,Male,No,No,No,1,Yes,No,DSL,Yes,No,No,No,No,No,Month-to-month,Yes,Mailed check,48.55,48.55,Yes,0-5,Yes,Yes,No,No,3,48.55
7361-YPXFS,Female,Yes,No,No,28,Yes,Yes,DSL,No,Yes,Yes,Yes,No,No,Month-to-month,No,Bank transfer (automatic),64.45,1867.6,No,24-35,No,Yes,No,No,1,66.7
5419-JPRRN,Male,No,No,No,1,Yes,Yes,Fiber optic,No,No,Yes,No,Yes,Yes,Month-to-month,Yes,Electronic check,101.45,101.45,Yes,0-5,Yes,Yes,Yes,Yes,3,101.45
7758-XKCBS,Male,No,No,No,15,No,No phone service,DSL,No,No,No,Yes,No,No,Month-to-month,Yes,Electronic check,29.7,438.25,Yes,12-23,No,Yes,Yes,No,3,29.216666666666665
1984-GPTEH,Female,No,No,No,29,Yes,Yes,No,No internet service,No internet service,No internet service,No internet service,No internet service,No internet service,Month-to-month,No,Electronic check,25.15,702.0,No,24-35,No,Yes,Yes,No,0,24.20689655172414
4132-KALRO,Female,No,No,No,4,Yes,Yes,Fiber optic,No,No,No,Yes,Yes,Yes,Month-to-month,Yes,Mailed check,100.85,399.25,No,0-5,No,Yes,No,Yes,3,99.8125
6897-UUBNU,Male,No,No,No,29,Yes,No,Fiber optic,No,Yes,No,Yes,Yes,No,Month-to-month,No,Mailed check,89.65,2623.65,No,24-35,No,Yes,No,Yes,2,90.47068965517242
1430-SFQSA,Male,No,No,No,29,No,No phone service,DSL,Yes,No,No,Yes,No,No,One year,No,Mailed check,35.6,1072.6,No,24-35,No,No,No,No,2,36.98620689655172
9135-MGVPY,Male,No,Yes,No,69,Yes,No,DSL,Yes,Yes,Yes,Yes,Yes,Yes,Two year,Yes,Mailed check,84.7,5878.9,No,60-72,No,No,No,No,0,85.20144927536231
8075-GXIUB,Male,Yes,Yes,No,9,Yes,No,No,No internet service,No internet service,No internet service,No internet service,No internet service,No internet service,One year,No,Credit card (automatic),19.85,183.15,No,6-11,No,No,No,No,0,20.35
7711-YIJWC,Male,No,Yes,Yes,61,Yes,No,DSL,Yes,Yes,Yes,Yes,Yes,Yes,One year,No,Bank transfer (automatic),84.9,5264.5,No,60-72,No,No,No,No,0,86.30327868852459
8670-ERCJH,Male,No,No,No,72,Yes,Yes,Fiber optic,Yes,Yes,Yes,Yes,Yes,Yes,Two year,No,Bank transfer (automatic),113.4,8164.1,No,60-72,No,No,No,Yes,0,113.39027777777778
2538-OIMXF,Female,No,No,Yes,1,No,No phone service,DSL,No,No,No,No,No,No,Month-to-month,No,Mailed check,24.7,24.7,No,0-5,Yes,Yes,No,No,4,24.7
3671-SHRSP,Male,No,Yes,No,4,Yes,No,Fiber optic,No,No,Yes,Yes,No,No,Month-to-month,Yes,Mailed check,80.6,319.15,Yes,0-5,No,Yes,No,Yes,2,79.7875
5799-JRCZO,Female,No,No,Yes,63,Yes,No,No,No internet service,No internet service,No internet service,No internet service,No internet service,No internet service,Two year,No,Credit card (automatic),19.5,1215.1,No,60-72,No,No,No,No,0,19.287301587301585
5970-GHJAW,Male,No,Yes,Yes,46,Yes,No,No,No internet service,No internet service,No internet service,No internet service,No internet service,No internet service,Two year,No,Credit card (automatic),19.95,862.4,No,36-47,No,No,No,No,0,18.74782608695652
5955-EPOAZ,Female,No,No,No,6,Yes,No,No,No internet service,No internet service,No internet service,No internet service,No internet service,No internet service,Month-to-month,Yes,Mailed check,20.95,109.5,No,6-11,No,Yes,No,No,0,18.25
0191-EQUUH,Female,No,No,Yes,25,No,No phone service,DSL,Yes,No,No,Yes,No,No,Two year,No,Bank transfer (automatic),35.05,844.45,No,24-35,No,No,No,No,2,33.778
7439-DKZTW,Male,No,No,No,1,Yes,No,Fiber optic,No,No,No,No,Yes,No,Month-to-month,Yes,Electronic check,80.55,80.55,No,0-5,Yes,Yes,Yes,Yes,4,80.55
8327-WKMIE,Male,No,No,No,37,Yes,No,No,No internet service,No internet service,No internet service,No internet service,No internet service,No internet service,One year,No,Credit card (automatic),20.15,785.75,No,36-47,No,No,No,No,0,21.236486486486488
8467-WYNSR,Male,No,No,No,22,Yes,No,DSL,Yes,No,No,Yes,No,No,Month-to-month,No,Mailed check,55.1,1253.15,No,12-23,No,Yes,No,No,2,56.96136363636364
7622-NXQZR,Male,No,No,No,28,No,No phone service,DSL,No,No,No,Yes,No,No,Month-to-month,Yes,Credit card (automatic),30.1,810.85,No,24-35,No,Yes,No,No,3,28.95892857142857
3605-JISKB,Male,Yes,Yes,No,55,Yes,Yes,DSL,Yes,Yes,No,No,No,No,One year,No,Credit card (automatic),60.0,3316.1,No,48-59,No,No,No,No,2,60.29272727272727
3703-TTEPD,Male,No,No,No,21,Yes,No,DSL,Yes,No,Yes,No,Yes,No,Month-to-month,No,Bank transfer (automatic),65.35,1424.4,No,12-23,No,Yes,No,No,2,67.82857142857144
1501-SGHBW,Male,No,No,No,2,Yes,No,DSL,No,No,No,No,No,No,Month-to-month,No,Mailed check,45.85,81.0,Yes,0-5,Yes,Yes,No,No,4,40.5
3219-JQRSL,Female,Yes,Yes,No,72,Yes,Yes,DSL,Yes,Yes,Yes,Yes,Yes,Yes,Two year,No,Credit card (automatic),89.1,6352.4,No,60-72,No,No,No,No,0,88.22777777777777
3850-OKINF,Male,No,Yes,Yes,71,Yes,Yes,DSL,Yes,No,No,No,Yes,No,One year,Yes,Electronic check,66.2,4692.55,No,60-72,No,No,Yes,No,3,66.09225352112676
5876-QMYLD,Female,No,Yes,Yes,23,Yes,No,No,No internet service,No internet service,No internet service,No internet service,No internet service,No internet service,One year,No,Mailed check,20.05,415.1,No,12-23,No,No,No,No,0,18.047826086956523
0529-ONKER,Male,Yes,No,No,15,Yes,Yes,Fiber optic,No,No,No,No,No,No,Month-to-month,No,Electronic check,75.65,1146.65,Yes,12-23,No,Yes,Yes,Yes,4,76.44333333333334
6670-MFRPK,Male,No,Yes,Yes,69,Yes,Yes,Fiber optic,No,No,Yes,No,No,No,Two year,Yes,Credit card (automatic),79.2,5420.65,No,60-72,No,No,No,Yes,3,78.56014492753623
9798-OPFEM,Female,No,No,No,46,Yes,No,No,No internet service,No internet service,No internet service,No internet service,No internet service,No internet service,Two year,Yes,Electronic check,21.1,937.1,No,36-47,No,No,Yes,No,0,20.371739130434783
4958-XCBDQ,Male,Yes,No,No,35,Yes,Yes,Fiber optic,No,No,Yes,No,Yes,Yes,Month-to-month,Yes,Electronic check,101.4,3496.3,Yes,24-35,No,Yes,Yes,Yes,3,99.89428571428572
5148-HKFIR,Female,No,No,No,20,Yes,No,No,No internet service,No internet service,No internet service,No internet service,No internet service,No internet service,Two year,No,Mailed check,19.7,406.95,No,12-23,No,No,No,No,0,20.3475
7798-JVXYM,Female,No,No,No,14,Yes,No,DSL,No,No,No,Yes,Yes,Yes,Month-to-month,Yes,Electronic check,69.65,921.4,No,12-23,No,Yes,Yes,No,3,65.81428571428572
5229-DTFYB,Female,No,No,No,41,Yes,No,Fiber optic,No,Yes,No,Yes,Yes,Yes,Two year,Yes,Bank transfer (automatic),98.8,3959.15,No,36-47,No,No,No,Yes,2,96.56463414634146
9289-LBQVU,Male,No,Yes,No,64,Yes,Yes,DSL,No,Yes,No,Yes,No,Yes,One year,Yes,Mailed check,70.15,4480.7,No,60-72,No,No,No,No,2,70.0109375
5322-TEUJK,Female,No,Yes,Yes,71,Yes,Yes,Fiber optic,Yes,Yes,Yes,Yes,Yes,Yes,Two year,No,Bank transfer (automatic),114.6,8100.25,No,60-72,No,No,No,Yes,0,114.08802816901408
0897-FEGMU,Female,No,Yes,No,11,Yes,Yes,Fiber optic,No,No,Yes,No,Yes,Yes,Month-to-month,Yes,Electronic check,99.5,1056.95,Yes,6-11,No,Yes,Yes,Yes,3,96.08636363636364
7136-RVDTZ,Male,Yes,No,No,70,No,No phone service,DSL,No,No,No,No,Yes,Yes,One year,Yes,Electronic check,45.25,3264.45,Yes,60-72,No,No,Yes,No,4,46.635
5481-NTDOH,Female,Yes,Yes,No,67,Yes,Yes,Fiber optic,Yes,No,Yes,No,Yes,Yes,One year,Yes,Credit card (automatic),107.05,7142.5,No,60-72,No,No,No,Yes,2,106.6044776119403
6727-IOTLZ,Male,No,Yes,No,14,Yes,No,DSL,No,Yes,Yes,Yes,Yes,Yes,Two year,No,Mailed check,81.95,1181.75,No,12-23,No,No,No,No,1,84.41071428571429
3170-GWYKC,Female,No,No,No,60,Yes,No,Fiber optic,Yes,No,Yes,Yes,Yes,Yes,Month-to-month,Yes,Bank transfer (automatic),104.95,6236.75,No,60-72,No,Yes,No,Yes,1,103.94583333333334
7675-OZCZG,Female,Yes,No,No,3,Yes,No,DSL,No,No,No,No,No,No,Month-to-month,No,Electronic check,45.0,127.1,Yes,0-5,Yes,Yes,Yes,No,4,42.36666666666667
4727-MCYZG,Male,No,No,No,1,Yes,No,DSL,No,No,No,No,No,Yes,Month-to-month,No,Mailed check,55.55,55.55,No,0-5,Yes,Yes,No,No,4,55.55
8760-ZRHKE,Female,Yes,Yes,Yes,71,Yes,Yes,DSL,Yes,Yes,No,No,Yes,No,One year,No,Electronic check,69.2,4982.5,No,60-72,No,No,Yes,No,2,70.17605633802818
8270-RKSAP,Male,No,No,No,9,Yes,No,Fiber optic,No,No,No,No,No,No,Month-to-month,Yes,Electronic check,70.5,597.9,No,6-11,No,Yes,Yes,Yes,4,66.43333333333334
2676-OXPPQ,Male,No,No,No,6,Yes,No,DSL,Yes,Yes,No,No,No,No,Month-to-month,Yes,Bank transfer (automatic),55.7,335.65,No,6-11,No,Yes,No,No,2,55.94166666666666
8910-LEDAG,Male,Yes,Yes,No,34,Yes,No,Fiber optic,No,No,No,No,No,No,Month-to-month,No,Credit card (automatic),71.55,2427.35,No,24-35,No,Yes,No,Yes,4,71.39264705882353
7833-PKIHD,Male,No,Yes,Yes,51,Yes,No,DSL,Yes,No,No,Yes,Yes,Yes,One year,Yes,Bank transfer (automatic),76.4,3966.3,No,48-59,No,No,No,No,2,77.77058823529413
8816-VXNZD,Female,No,No,No,1,Yes,Yes,Fiber optic,No,No,No,No,No,No,Month-to-month,Yes,Electronic check,75.1,75.1,Yes,0-5,Yes,Yes,Yes,Yes,4,75.1
5647-URDKA,Male,No,Yes,Yes,8,Yes,No,No,No internet service,No internet service,No internet service,No internet service,No internet service,No internet service,Two year,No,Mailed check,19.7,130.25,No,6-11,No,No,No,No,0,16.28125
5248-YGIJN,Male,No,Yes,No,72,Yes,Yes,DSL,Yes,Yes,Yes,Yes,Yes,Yes,Two year,Yes,Credit card (automatic),90.25,6369.45,No,60-72,No,No,No,No,0,88.46458333333334
2495-TTHBQ,Female,No,No,Yes,4,Yes,No,No,No internet service,No internet service,No internet service,No internet service,No internet service,No internet service,One year,Yes,Mailed check,20.4,84.75,No,0-5,No,No,No,No,0,21.1875
6050-IJRHS,Female,No,Yes,Yes,70,Yes,Yes,Fiber optic,No,Yes,Yes,No,Yes,Yes,One year,Yes,Electronic check,106.5,7397.0,No,60-72,No,No,Yes,Yes,2,105.67142857142858
9420-LOJKX,Female,No,No,No,15,Yes,No,Fiber optic,Yes,Yes,No,No,Yes,Yes,Month-to-month,Yes,Credit card (automatic),99.1,1426.4,Yes,12-23,No,Yes,No,Yes,2,95.09333333333332
6078-VESFR,Male,Yes,Yes,No,13,Yes,No,Fiber optic,No,No,No,No,No,No,Month-to-month,No,Bank transfer (automatic),70.45,849.1,No,12-23,No,Yes,No,Yes,4,65.31538461538462
6860-YRJZP,Male,Yes,No,No,9,Yes,Yes,Fiber optic,No,No,No,No,No,No,Month-to-month,Yes,Electronic check,74.05,678.45,No,6-11,No,Yes,Yes,Yes,4,75.38333333333334
6476-YHMGA,Female,No,Yes,Yes,15,Yes,No,DSL,No,Yes,Yes,Yes,Yes,Yes,Month-to-month,No,Bank transfer (automatic),76.5,1155.6,No,12-23,No,Yes,No,No,1,77.03999999999999
5590-BYNII,Male,No,No,No,22,Yes,Yes,Fiber optic,Yes,No,No,No,Yes,Yes,Month-to-month,Yes,Electronic check,100.75,2095.0,Yes,12-23,No,Yes,Yes,Yes,3,95.22727272727272
6217-KDYWC,Male,No,No,Yes,57,Yes,No,No,No internet service,No internet service,No internet service,No internet service,No internet service,No internet service,Two year,Yes,Mailed check,19.6,1170.55,No,48-59,No,No,No,No,0,20.5359649122807
3104-OWCGK,Male,No,Yes,Yes,60,Yes,No,Fiber optic,No,Yes,Yes,No,Yes,No,One year,No,Electronic check,90.95,5453.4,Yes,60-72,No,No,Yes,Yes,2,90.89
8584-KMVXD,Female,No,No,No,8,Yes,No,Fiber optic,No,Yes,No,No,No,No,Month-to-month,No,Electronic check,75.6,535.55,No,6-11,No,Yes,Yes,Yes,3,66.94375
8250-ZNGGW,Female,Yes,No,No,5,Yes,No,DSL,Yes,Yes,No,Yes,No,No,Month-to-month,No,Credit card (automatic),59.9,287.85,No,0-5,No,Yes,No,No,1,57.57000000000001
6719-OXYBR,Male,No,No,No,15,Yes,No,Fiber optic,No,No,Yes,No,Yes,No,Month-to-month,No,Electronic check,85.3,1219.85,No,12-23,No,Yes,Yes,Yes,3,81.32333333333332
6135-OZQVA,Female,No,No,No,7,Yes,Yes,DSL,Yes,No,No,No,No,No,Month-to-month,Yes,Electronic check,53.65,404.35,No,6-11,No,Yes,Yes,No,3,57.76428571428572
8356-WUAOJ,Female,No,Yes,No,1,Yes,No,DSL,No,No,No,No,No,No,Month-to-month,Yes,Electronic check,45.0,45.0,No,0-5,Yes,Yes,Yes,No,4,45.0
3280-MRDOF,Male,Yes,No,No,30,Yes,Yes,DSL,No,No,Yes,Yes,Yes,No,Two year,Yes,Credit card (automatic),69.1,2093.9,No,24-35,No,No,No,No,2,69.79666666666667
2990-HWIML,Female,No,No,No,6,Yes,No,Fiber optic,No,No,No,No,Yes,Yes,Month-to-month,Yes,Electronic check,89.5,573.3,Yes,6-11,No,Yes,Yes,Yes,4,95.55
5626-MGTUK,Female,No,No,No,20,Yes,Yes,Fiber optic,Yes,No,No,No,Yes,No,Month-to-month,Yes,Bank transfer (automatic),89.1,1879.25,No,12-23,No,Yes,No,Yes,3,93.9625
3413-DHLPB,Male,No,Yes,Yes,60,Yes,Yes,Fiber optic,No,Yes,No,Yes,Yes,Yes,Month-to-month,Yes,Bank transfer (automatic),103.75,5969.95,No,60-72,No,Yes,No,Yes,2,99.49916666666668
2126-GSEGL,Female,No,Yes,No,70,Yes,Yes,DSL,No,Yes,Yes,Yes,Yes,Yes,Two year,Yes,Bank transfer (automatic),84.8,5917.55,No,60-72,No,No,No,No,1,84.53642857142857
5993-BQHEA,Male,No,No,No,12,Yes,No,No,No internet service,No internet service,No internet service,No internet service,No internet service,No internet service,One year,No,Credit card (automatic),20.05,267.0,No,12-23,No,No,No,No,0,22.25
0254-FNMCI,Female,No,No,No,72,Yes,No,Fiber optic,Yes,Yes,Yes,Yes,Yes,Yes,Two year,Yes,Electronic check,109.9,7624.2,No,60-72,No,No,Yes,Yes,0,105.89166666666668
5986-WWXDV,Male,No,No,Yes,39,Yes,No,No,No internet service,No internet service,No internet service,No internet service,No internet service,No internet service,One year,No,Bank transfer (automatic),19.35,779.2,No,36-47,No,No,No,No,0,19.97948717948718
3549-ZTMNH,Male,No,Yes,Yes,12,Yes,Yes,No,No internet service,No internet service,No internet service,No internet service,No internet service,No internet service,Two year,Yes,Bank transfer (automatic),24.0,269.65,No,12-23,No,No,No,No,0,22.47083333333333
5153-RTHKF,Female,No,No,No,34,Yes,Yes,Fiber optic,No,No,No,No,Yes,No,Month-to-month,No,Electronic check,85.35,2896.6,No,24-35,No,Yes,Yes,Yes,4,85.19411764705882
0812-WUPTB,Male,Yes,Yes,No,1,Yes,No,Fiber optic,No,No,No,No,No,No,Month-to-month,No,Mailed check,70.85,70.85,Yes,0-5,Yes,Yes,No,Yes,4,70.85
9546-KDTRB,Female,No,No,No,19,Yes,Yes,No,No internet service,No internet service,No internet service,No internet service,No internet service,No internet service,Month-to-month,No,Bank transfer (automatic),24.7,465.85,No,12-23,No,Yes,No,No,0,24.51842105263158
2560-WBWXF,Male,No,No,No,68,Yes,Yes,No,No internet service,No internet service,No internet service,No internet service,No internet service,No internet service,Two year,Yes,Bank transfer (automatic),24.15,1498.85,No,60-72,No,No,No,No,0,22.04191176470588
1171-TYKUR,Male,No,Yes,No,47,Yes,Yes,No,No internet service,No internet service,No internet service,No internet service,No internet service,No internet service,Month-to-month,No,Electronic check,25.4,1139.2,No,36-47,No,Yes,Yes,No,0,24.238297872340425
6814-ZPWFQ,Male,Yes,No,No,51,Yes,Yes,No,No internet service,No internet service,No internet service,No internet service,No internet service,No internet service,One year,No,Bank transfer (automatic),25.0,1260.7,No,48-59,No,No,No,No,0,24.71960784313725
7072-MBHEV,Female,Yes,Yes,Yes,11,Yes,Yes,Fiber optic,No,No,Yes,No,No,No,Month-to-month,Yes,Credit card (automatic),78.1,864.85,No,6-11,No,Yes,No,Yes,3,78.62272727272727
0843-WTBXE,Male,No,No,No,53,Yes,Yes,Fiber optic,No,No,No,No,Yes,No,Month-to-month,No,Bank transfer (automatic),85.45,4517.25,Yes,48-59,No,Yes,No,Yes,4,85.23113207547169
3133-PZNSR,Male,No,Yes,Yes,72,Yes,Yes,Fiber optic,Yes,Yes,No,Yes,No,Yes,Two year,Yes,Credit card (automatic),97.75,6991.6,No,60-72,No,No,No,Yes,1,97.10555555555555
7120-RFMVS,Male,No,No,No,1,Yes,Yes,Fiber optic,No,No,No,No,Yes,No,Month-to-month,No,Electronic check,84.5,84.5,Yes,0-5,Yes,Yes,Yes,Yes,4,84.5
1297-VQDRP,Male,Yes,Yes,Yes,68,Yes,Yes,Fiber optic,No,No,Yes,Yes,Yes,Yes,One year,Yes,Credit card (automatic),107.15,7379.8,No,60-72,No,No,No,Yes,2,108.5264705882353
0831-JNISG,Male,No,Yes,Yes,71,Yes,No,No,No internet service,No internet service,No internet service,No internet service,No internet service,No internet service,Two year,No,Mailed check,19.8,1396.25,No,60-72,No,No,No,No,0,19.66549295774648
2225-ZRGSG,Female,No,Yes,Yes,70,Yes,Yes,Fiber optic,Yes,Yes,Yes,Yes,No,No,Two year,No,Bank transfer (automatic),93.9,6579.05,Yes,60-72,No,No,No,Yes,0,93.98642857142858
0541-FITGH,Female,No,Yes,No,2,Yes,No,DSL,Yes,No,No,No,No,Yes,Month-to-month,Yes,Mailed check,62.15,113.1,No,0-5,Yes,Yes,No,No,3,56.55
2664-XJZNO,Male,No,Yes,Yes,72,Yes,No,Fiber optic,Yes,No,Yes,Yes,Yes,Yes,Two year,Yes,Credit card (automatic),104.9,7559.55,No,60-72,No,No,No,Yes,1,104.99375
4393-GEADV,Male,No,Yes,Yes,70,Yes,Yes,Fiber optic,Yes,Yes,Yes,Yes,Yes,Yes,Two year,No,Credit card (automatic),114.75,7842.3,No,60-72,No,No,No,Yes,0,112.03285714285714
2450-ZKEED,Female,No,No,No,11,Yes,No,DSL,No,No,Yes,Yes,No,No,One year,No,Bank transfer (automatic),53.8,651.55,No,6-11,No,No,No,No,2,59.23181818181818
4568-TTZRT,Male,No,No,No,9,Yes,No,No,No internet service,No internet service,No internet service,No internet service,No internet service,No internet service,Month-to-month,No,Mailed check,20.4,181.8,No,6-11,No,Yes,No,No,0,20.200000000000003
6723-WSNTY,Female,Yes,Yes,No,66,Yes,Yes,Fiber optic,No,Yes,Yes,Yes,Yes,Yes,One year,Yes,Credit card (automatic),108.1,7181.95,No,60-72,No,No,No,Yes,1,108.81742424242424
4415-WNGVR,Female,Yes,Yes,No,12,Yes,No,DSL,Yes,No,Yes,Yes,Yes,Yes,One year,Yes,Electronic check,79.2,943.85,No,12-23,No,No,Yes,No,1,78.65416666666667
7079-QRCBC,Female,No,No,No,24,Yes,Yes,Fiber optic,No,No,Yes,No,Yes,Yes,Month-to-month,Yes,Electronic check,98.75,2407.3,Yes,24-35,No,Yes,Yes,Yes,3,100.30416666666667
2788-CJQAQ,Male,No,No,No,13,Yes,No,No,No internet service,No internet service,No internet service,No internet service,No internet service,No internet service,One year,No,Mailed check,19.45,270.2,No,12-23,No,No,No,No,0,20.784615384615385
1431-CYWMH,Female,No,Yes,Yes,22,Yes,No,No,No internet service,No internet service,No internet service,No internet service,No internet service,No internet service,Month-to-month,No,Bank transfer (automatic),19.05,454.05,No,12-23,No,Yes,No,No,0,20.638636363636365
0320-JDNQG,Male,No,Yes,Yes,23,Yes,No,Fiber optic,Yes,No,No,Yes,Yes,Yes,Month-to-month,Yes,Electronic check,99.85,2331.3,Yes,12-23,No,Yes,Yes,Yes,2,101.3608695652174
2272-UOINI,Female,No,No,No,7,Yes,No,DSL,Yes,Yes,No,Yes,Yes,Yes,Month-to-month,Yes,Electronic check,78.5,571.05,No,6-11,No,Yes,Yes,No,1,81.57857142857142
3115-JPJDD,Female,No,Yes,No,59,Yes,No,Fiber optic,Yes,No,Yes,No,No,No,One year,Yes,Credit card (automatic),81.25,4639.45,No,48-59,No,No,No,Yes,2,78.63474576271186
7722-CVFXN,Male,No,Yes,Yes,54,Yes,Yes,Fiber optic,No,Yes,No,Yes,Yes,Yes,One year,Yes,Electronic check,105.2,5637.85,No,48-59,No,No,Yes,Yes,2,104.40462962962964
2164-SOQXL,Female,No,Yes,Yes,20,Yes,No,No,No internet service,No internet service,No internet service,No internet service,No internet service,No internet service,Month-to-month,No,Mailed check,20.05,406.05,No,12-23,No,Yes,No,No,0,20.3025
4776-XSKYQ,Female,No,Yes,Yes,12,No,No phone service,DSL,No,No,No,Yes,No,No,One year,No,Credit card (automatic),30.25,368.85,No,12-23,No,No,No,No,3,30.7375
7048-GXDAY,Male,No,No,No,39,Yes,Yes,Fiber optic,Yes,Yes,No,No,Yes,Yes,Month-to-month,Yes,Electronic check,106.4,4040.65,No,36-47,No,Yes,Yes,Yes,2,103.60641025641026
4080-IIARD,Female,No,Yes,No,13,Yes,Yes,DSL,Yes,Yes,No,Yes,Yes,No,Month-to-month,Yes,Electronic check,76.2,981.45,No,12-23,No,Yes,Yes,No,1,75.49615384615385
7623-HKYRK,Male,No,No,Yes,6,Yes,No,No,No internet service,No internet service,No internet service,No internet service,No internet service,No internet service,Month-to-month,No,Mailed check,19.7,111.65,No,6-11,No,Yes,No,No,0,18.60833333333333
4581-SSPWD,Female,No,No,No,3,Yes,Yes,Fiber optic,No,No,No,No,No,No,Month-to-month,Yes,Electronic check,75.8,246.3,Yes,0-5,Yes,Yes,Yes,Yes,4,82.10000000000001
0357-NVCRI,Female,No,No,Yes,25,Yes,No,No,No internet service,No internet service,No internet service,No internet service,No internet service,No internet service,Month-to-month,No,Credit card (automatic),20.05,471.7,No,24-35,No,Yes,No,No,0,18.868
2680-XKKNJ,Female,No,No,No,8,Yes,No,DSL,Yes,Yes,No,Yes,No,No,One year,No,Bank transfer (automatic),58.2,469.25,No,6-11,No,No,No,No,1,58.65625
6330-JKLPC,Male,No,Yes,No,11,Yes,Yes,Fiber optic,No,Yes,No,No,No,No,Month-to-month,Yes,Bank transfer (automatic),80.5,896.9,Yes,6-11,No,Yes,No,Yes,3,81.53636363636363
7225-IILWY,Male,No,Yes,Yes,68,Yes,Yes,No,No internet service,No internet service,No internet service,No internet service,No internet service,No internet service,Two year,No,Mailed check,25.75,1686.15,No,60-72,No,No,No,No,0,24.796323529411765
6728-WYQBC,Male,No,No,No,1,Yes,No,No,No internet service,No internet service,No internet service,No internet service,No internet service,No internet service,Month-to-month,No,Bank transfer (automatic),20.95,20.95,No,0-5,Yes,Yes,No,No,0,20.95
5055-BRMNE,Female,No,Yes,Yes,67,Yes,Yes,Fiber optic,Yes,No,No,Yes,Yes,Yes,Two year,No,Credit card (automatic),106.7,7009.5,No,60-72,No,No,No,Yes,2,104.61940298507464
2673-CXQEU,Female,Yes,No,No,56,Yes,Yes,Fiber optic,Yes,Yes,Yes,No,Yes,Yes,One year,No,Electronic check,110.5,6139.5,No,48-59,No,No,Yes,Yes,1,109.63392857142856
7691-KGKGP,Male,No,Yes,Yes,53,Yes,No,DSL,No,Yes,No,Yes,Yes,No,Month-to-month,No,Credit card (automatic),65.0,3363.8,No,48-59,No,Yes,No,No,2,63.46792452830189
5685-IIXLY,Female,No,Yes,Yes,5,Yes,No,Fiber optic,No,Yes,No,No,No,Yes,Month-to-month,Yes,Electronic check,83.6,404.2,Yes,0-5,No,Yes,Yes,Yes,3,80.84
8124-NZVGJ,Female,No,No,No,6,No,No phone service,DSL,No,No,No,Yes,Yes,Yes,One year,Yes,Mailed check,49.25,255.6,No,6-11,No,No,No,No,3,42.6
3275-RHRNE,Male,No,Yes,Yes,28,No,No phone service,DSL,No,Yes,Yes,Yes,Yes,Yes,One year,Yes,Credit card (automatic),60.0,1682.05,No,24-35,No,No,No,No,1,60.073214285714286
5299-RULOA,Female,No,Yes,Yes,10,Yes,Yes,Fiber optic,Yes,No,No,No,Yes,Yes,Month-to-month,Yes,Electronic check,100.25,1064.65,Yes,6-11,No,Yes,Yes,Yes,3,106.465
6806-YDEUL,Female,Yes,No,No,6,Yes,No,No,No internet service,No internet service,No internet service,No internet service,No internet service,No internet service,Month-to-month,No,Bank transfer (automatic),19.5,106.8,No,6-11,No,Yes,No,No,0,17.8
2984-MIIZL,Male,No,No,No,4,Yes,No,Fiber optic,No,No,Yes,No,No,No,Month-to-month,Yes,Bank transfer (automatic),74.8,321.9,Yes,0-5,No,Yes,No,Yes,3,80.475
6119-SPUDB,Male,No,No,No,46,No,No phone service,DSL,Yes,No,Yes,Yes,No,No,Two year,No,Mailed check,38.25,1755.35,No,36-47,No,No,No,No,1,38.15978260869565
2189-UXTKY,Female,No,Yes,No,22,Yes,Yes,DSL,Yes,No,No,Yes,Yes,Yes,Month-to-month,Yes,Electronic check,79.2,1742.75,Yes,12-23,No,Yes,Yes,No,2,79.2159090909091
1937-OTUKY,Female,No,Yes,No,72,Yes,Yes,Fiber optic,Yes,No,Yes,Yes,Yes,No,Two year,Yes,Bank transfer (automatic),98.2,7015.9,No,60-72,No,No,No,Yes,1,97.44305555555556
9571-EDEBV,Male,No,Yes,No,71,Yes,Yes,Fiber optic,No,No,Yes,No,Yes,Yes,One year,Yes,Credit card (automatic),98.65,6962.85,No,60-72,No,No,No,Yes,3,98.06830985915494
4789-KWMXN,Male,No,Yes,No,47,Yes,Yes,Fiber optic,Yes,No,Yes,Yes,Yes,Yes,One year,Yes,Credit card (automatic),110.85,5275.8,Yes,36-47,No,No,No,Yes,1,112.25106382978724
6968-MHOMU,Male,No,Yes,No,58,No,No phone service,DSL,No,No,No,No,Yes,Yes,One year,Yes,Credit card (automatic),45.0,2689.35,No,48-59,No,No,No,No,4,46.36810344827586
1557-EMYVT,Female,No,No,No,43,Yes,Yes,Fiber optic,Yes,Yes,Yes,Yes,Yes,Yes,Two year,No,Credit card (automatic),115.05,4895.1,No,36-47,No,No,No,Yes,0,113.83953488372094
4452-QIIEB,Male,No,No,No,7,Yes,No,DSL,No,No,No,No,No,No,Month-to-month,No,Mailed check,43.9,278.4,No,6-11,No,Yes,No,No,4,39.771428571428565
0537-QYZZN,Male,Yes,Yes,Yes,24,Yes,Yes,Fiber optic,Yes,No,No,No,No,No,Month-to-month,Yes,Electronic check,79.85,1857.75,No,24-35,No,Yes,Yes,Yes,3,77.40625
0774-IFUVM,Male,No,Yes,Yes,11,Yes,Yes,DSL,Yes,No,No,No,Yes,No,Month-to-month,Yes,Bank transfer (automatic),65.15,723.35,No,6-11,No,Yes,No,No,3,65.75909090909092
7339-POGZN,Female,No,No,No,4,Yes,Yes,DSL,No,No,No,No,No,No,Month-to-month,No,Electronic check,50.7,214.55,No,0-5,No,Yes,Yes,No,4,53.6375
9411-TPQQV,Female,No,No,No,40,No,No phone service,DSL,Yes,No,No,Yes,Yes,Yes,One year,Yes,Bank transfer (automatic),54.55,2236.2,No,36-47,No,No,No,No,2,55.905
7596-ZYWBB,Female,No,No,No,65,Yes,No,DSL,Yes,Yes,No,Yes,No,No,Two year,Yes,Mailed check,59.6,3739.8,No,60-72,No,No,No,No,1,57.535384615384615
5242-UOWHD,Male,No,Yes,Yes,45,Yes,No,No,No internet service,No internet service,No internet service,No internet service,No internet service,No internet service,Two year,No,Mailed check,20.35,929.2,No,36-47,No,No,No,No,0,20.64888888888889
5981-ZVXOT,Female,Yes,No,No,35,Yes,Yes,Fiber optic,Yes,Yes,Yes,No,Yes,Yes,One year,Yes,Electronic check,108.35,3726.15,No,24-35,No,No,Yes,Yes,1,106.46142857142856
6289-CPNLD,Male,No,Yes,Yes,33,Yes,No,DSL,No,No,Yes,Yes,Yes,Yes,One year,Yes,Mailed check,73.9,2405.05,Yes,24-35,No,No,No,No,2,72.88030303030304
2233-FAGXV,Female,No,Yes,Yes,5,Yes,Yes,No,No internet service,No internet service,No internet service,No internet service,No internet service,No internet service,Month-to-month,Yes,Mailed check,24.3,132.25,No,0-5,No,Yes,No,No,0,26.45
9970-QBCDA,Female,No,No,No,6,Yes,No,No,No internet service,No internet service,No internet service,No internet service,No internet service,No internet service,Month-to-month,No,Credit card (automatic),19.7,129.55,No,6-11,No,Yes,No,No,0,21.59166666666667
1455-HFBXA,Male,No,Yes,No,52,Yes,Yes,Fiber optic,Yes,No,Yes,Yes,No,No,Two year,Yes,Credit card (automatic),91.6,4627.8,No,48-59,No,No,No,Yes,1,88.99615384615385
9820-RMCQV,Female,No,No,No,11,Yes,No,DSL,Yes,No,No,No,No,No,Month-to-month,No,Credit card (automatic),48.55,501.0,Yes,6-11,No,Yes,No,No,3,45.54545454545455
1982-FEBTD,Female,No,Yes,Yes,23,Yes,Yes,No,No internet service,No internet service,No internet service,No internet service,No internet service,No internet service,Two year,Yes,Credit card (automatic),25.6,514.75,No,12-23,No,No,No,No,0,22.380434782608692
0253-ZTEOB,Female,No,Yes,Yes,48,Yes,Yes,DSL,No,Yes,No,Yes,Yes,Yes,Two year,No,Electronic check,79.65,3870.3,No,48-59,No,No,Yes,No,2,80.63125000000001
9955-QOPOY,Male,No,Yes,No,69,No,No phone service,DSL,No,Yes,Yes,Yes,Yes,Yes,One year,Yes,Credit card (automatic),60.8,4263.4,No,60-72,No,No,No,No,1,61.78840579710145
9782-LGXMC,Female,No,Yes,Yes,49,Yes,No,DSL,Yes,No,Yes,Yes,No,No,Month-to-month,No,Bank transfer (automatic),61.75,3024.15,No,48-59,No,Yes,No,No,1,61.71734693877551
9940-HPQPG,Female,No,Yes,No,9,Yes,Yes,Fiber optic,Yes,Yes,Yes,No,No,No,Month-to-month,No,Bank transfer (automatic),91.75,865.8,Yes,6-11,No,Yes,No,Yes,1,96.2
5985-BEHZK,Female,Yes,Yes,No,72,Yes,Yes,Fiber optic,No,Yes,Yes,No,Yes,Yes,One year,No,Credit card (automatic),105.0,7578.05,No,60-72,No,No,No,Yes,2,105.25069444444443
6229-LSCKB,Male,Yes,No,No,6,Yes,No,Fiber optic,No,No,No,No,Yes,No,Month-to-month,Yes,Electronic check,79.7,497.6,No,6-11,No,Yes,Yes,Yes,4,82.93333333333334
0407-BDJKB,Male,No,Yes,No,60,Yes,Yes,Fiber optic,No,Yes,Yes,No,Yes,No,Month-to-month,Yes,Electronic check,95.75,5742.9,Yes,60-72,No,Yes,Yes,Yes,2,95.715
1661-CZBAU,Male,No,No,No,48,Yes,Yes,DSL,Yes,No,No,Yes,No,Yes,One year,Yes,Bank transfer (automatic),70.95,3629.2,No,48-59,No,No,No,No,2,75.60833333333333
7860-KSUGX,Male,No,Yes,Yes,72,Yes,Yes,DSL,Yes,Yes,Yes,No,No,No,Two year,No,Credit card (automatic),64.45,4720.0,No,60-72,No,No,No,No,1,65.55555555555556
6369-MCAKO,Female,No,Yes,Yes,68,Yes,Yes,DSL,Yes,Yes,Yes,Yes,Yes,Yes,Two year,Yes,Bank transfer (automatic),89.05,6185.8,No,60-72,No,No,No,No,0,90.96764705882352
4800-VHZKI,Female,No,No,No,1,Yes,No,No,No internet service,No internet service,No internet service,No internet service,No internet service,No internet service,Month-to-month,Yes,Mailed check,19.9,19.9,Yes,0-5,Yes,Yes,No,No,0,19.9
8197-BFWVU,Female,No,Yes,Yes,72,Yes,Yes,DSL,Yes,Yes,Yes,Yes,Yes,Yes,Two year,Yes,Bank transfer (automatic),93.25,6688.95,No,60-72,No,No,No,No,0,92.90208333333334
8064-RAVOH,Male,No,No,Yes,1,Yes,No,DSL,No,No,Yes,No,No,No,Month-to-month,Yes,Electronic check,49.85,49.85,No,0-5,Yes,Yes,Yes,No,3,49.85
9770-KXGQU,Female,No,No,No,53,Yes,Yes,Fiber optic,Yes,Yes,Yes,No,Yes,No,One year,No,Mailed check,98.6,5311.85,No,48-59,No,No,No,Yes,1,100.2235849056604
1304-NECVQ,Female,Yes,No,No,2,Yes,Yes,Fiber optic,No,No,Yes,No,No,No,Month-to-month,Yes,Electronic check,78.55,149.55,Yes,0-5,Yes,Yes,Yes,Yes,3,74.775
6202-DYYFX,Female,No,No,No,22,Yes,Yes,Fiber optic,No,No,No,No,No,No,One year,Yes,Credit card (automatic),76.0,1783.6,No,12-23,No,No,No,Yes,4,81.07272727272726
5227-JSCFE,Male,Yes,Yes,No,71,No,No phone service,DSL,Yes,Yes,Yes,Yes,No,No,Two year,No,Credit card (automatic),46.35,3353.4,No,60-72,No,No,No,No,0,47.23098591549296
8580-AECUZ,Male,Yes,No,No,1,Yes,No,Fiber optic,No,No,No,No,Yes,No,Month-to-month,Yes,Electronic check,79.1,79.1,Yes,0-5,Yes,Yes,Yes,Yes,4,79.1
5424-RLQLC,Male,No,No,No,10,Yes,No,DSL,No,Yes,No,No,Yes,No,Month-to-month,Yes,Mailed check,59.65,638.95,No,6-11,No,Yes,No,No,3,63.895
5702-KVQRD,Male,No,Yes,No,71,Yes,No,DSL,Yes,No,Yes,Yes,Yes,Yes,Two year,Yes,Electronic check,82.55,5832.65,No,60-72,No,No,Yes,No,1,82.14999999999999
9867-NNXLC,Female,No,No,No,22,Yes,No,No,No internet service,No internet service,No internet service,No internet service,No internet service,No internet service,Month-to-month,Yes,Mailed check,20.05,470.2,No,12-23,No,Yes,No,No,0,21.37272727272727
0708-LGSMF,Male,No,Yes,No,13,Yes,Yes,DSL,Yes,No,No,No,No,Yes,Month-to-month,Yes,Electronic check,65.85,902.25,No,12-23,No,Yes,Yes,No,3,69.40384615384616
4829-ZLJTK,Female,Yes,Yes,No,72,Yes,Yes,Fiber optic,Yes,Yes,Yes,No,Yes,Yes,Two year,Yes,Electronic check,112.4,8046.85,No,60-72,No,No,Yes,Yes,1,111.76180555555555
2888-ADFAO,Female,No,Yes,Yes,47,Yes,No,No,No internet service,No internet service,No internet service,No internet service,No internet service,No internet service,Two year,Yes,Bank transfer (automatic),21.3,1041.8,No,36-47,No,No,No,No,0,22.16595744680851
1702-CCFNJ,Male,No,Yes,No,52,Yes,Yes,DSL,No,Yes,No,Yes,No,No,Month-to-month,No,Bank transfer (automatic),61.35,3169.55,No,48-59,No,Yes,No,No,2,60.95288461538462
1771-OADNZ,Male,Yes,Yes,No,29,Yes,Yes,Fiber optic,No,Yes,Yes,No,No,Yes,Month-to-month,Yes,Electronic check,95.9,2745.2,Yes,24-35,No,Yes,Yes,Yes,2,94.66206896551724
6738-ISCBM,Male,No,No,No,44,No,No phone service,DSL,Yes,No,Yes,No,Yes,Yes,One year,Yes,Electronic check,54.0,2440.25,No,36-47,No,No,Yes,No,2,55.46022727272727
6614-YOLAC,Female,No,Yes,Yes,71,No,No phone service,DSL,Yes,Yes,No,Yes,Yes,Yes,Two year,No,Mailed check,58.65,4145.25,No,60-72,No,No,No,No,1,58.38380281690141
2616-UUTFK,Male,No,Yes,No,33,Yes,Yes,DSL,Yes,Yes,Yes,No,Yes,No,Month-to-month,Yes,Bank transfer (automatic),72.75,2447.45,No,24-35,No,Yes,No,No,1,74.1651515151515
5153-LXKDT,Male,No,Yes,Yes,68,Yes,Yes,Fiber optic,Yes,Yes,Yes,No,Yes,Yes,Two year,Yes,Electronic check,110.2,7467.5,No,60-72,No,No,Yes,Yes,1,109.81617647058825
0032-PGELS,Female,No,Yes,Yes,1,No,No phone service,DSL,Yes,No,No,No,No,No,Month-to-month,No,Bank transfer (automatic),30.5,30.5,Yes,0-5,Yes,Yes,No,No,3,30.5
9889-TMAHG,Male,Yes,No,No,8,Yes,No,Fiber optic,Yes,No,No,Yes,Yes,Yes,Month-to-month,No,Credit card (automatic),100.3,832.35,Yes,6-11,No,Yes,No,Yes,2,104.04375
2740-TVLFN,Male,No,No,No,1,Yes,Yes,DSL,No,No,No,No,No,No,Month-to-month,Yes,Electronic check,50.15,50.15,No,0-5,Yes,Yes,Yes,No,4,50.15
0945-TSONX,Female,No,Yes,Yes,47,Yes,Yes,DSL,Yes,Yes,No,Yes,Yes,Yes,Two year,Yes,Credit card (automatic),85.3,4107.25,No,36-47,No,No,No,No,1,87.38829787234043
9402-ORRAH,Female,Yes,No,No,15,Yes,No,Fiber optic,No,No,No,No,Yes,Yes,Month-to-month,Yes,Electronic check,91.5,1400.3,No,12-23,No,Yes,Yes,Yes,4,93.35333333333332
1866-OBPNR,Male,No,Yes,Yes,1,Yes,No,Fiber optic,No,Yes,No,No,No,No,Month-to-month,No,Credit card (automatic),74.6,74.6,No,0-5,Yes,Yes,No,Yes,3,74.6
6505-OZNPG,Female,No,No,No,6,No,No phone service,DSL,Yes,Yes,Yes,Yes,Yes,Yes,Two year,Yes,Mailed check,63.4,348.8,No,6-11,No,No,No,No,0,58.13333333333333
4541-RMRLG,Male,No,No,No,7,Yes,No,No,No internet service,No internet service,No internet service,No internet service,No internet service,No internet service,Month-to-month,No,Electronic check,19.25,112.3,Yes,6-11,No,Yes,Yes,No,0,16.04285714285714
8896-RAZCR,Female,No,No,Yes,44,Yes,No,No,No internet service,No internet service,No internet service,No internet service,No internet service,No internet service,Two year,No,Mailed check,19.9,868.1,No,36-47,No,No,No,No,0,19.729545454545452
1322-AGOQM,Male,No,No,No,46,No,No phone service,DSL,No,Yes,No,No,No,No,Month-to-month,No,Bank transfer (automatic),30.3,1380.1,Yes,36-47,No,Yes,No,No,3,30.002173913043475
8480-PPONV,Male,No,Yes,Yes,62,Yes,Yes,Fiber optic,Yes,Yes,Yes,Yes,Yes,Yes,Two year,No,Bank transfer (automatic),115.55,7159.05,No,60-72,No,No,No,Yes,0,115.46854838709676
8107-KNCIM,Male,Yes,Yes,No,14,Yes,Yes,Fiber optic,No,No,No,No,No,No,Month-to-month,Yes,Electronic check,75.1,1013.35,No,12-23,No,Yes,Yes,Yes,4,72.38214285714285
9957-YODKZ,Male,Yes,Yes,No,6,Yes,Yes,Fiber optic,No,No,Yes,No,No,No,Month-to-month,Yes,Electronic check,80.8,457.1,No,6-11,No,Yes,Yes,Yes,3,76.18333333333334
6741-QRLUP,Female,No,No,No,63,Yes,Yes,DSL,Yes,Yes,Yes,Yes,No,Yes,Two year,Yes,Credit card (automatic),80.3,4995.35,No,60-72,No,No,No,No,0,79.29126984126985
2889-FPWRM,Male,No,Yes,No,72,Yes,Yes,Fiber optic,Yes,Yes,Yes,Yes,Yes,Yes,One year,Yes,Bank transfer (automatic),117.8,8684.8,Yes,60-72,No,No,No,Yes,0,120.6222222222222
0867-LDTTC,Male,No,No,No,5,Yes,No,DSL,No,No,Yes,Yes,Yes,Yes,Month-to-month,No,Bank transfer (automatic),75.15,392.65,No,0-5,No,Yes,No,No,2,78.53
9221-OTIVJ,Female,Yes,No,No,14,Yes,Yes,Fiber optic,No,Yes,Yes,No,Yes,Yes,Month-to-month,Yes,Electronic check,104.85,1531.4,Yes,12-23,No,Yes,Yes,Yes,2,109.38571428571429
5906-CVLHP,Female,No,Yes,Yes,45,Yes,No,DSL,No,Yes,No,Yes,No,No,One year,Yes,Credit card (automatic),54.15,2319.8,Yes,36-47,No,No,No,No,2,51.55111111111111
3977-QCRSL,Female,No,No,No,5,Yes,No,No,No internet service,No internet service,No internet service,No internet service,No internet service,No internet service,Month-to-month,No,Mailed check,20.15,117.95,No,0-5,No,Yes,No,No,0,23.59
6870-ECSHE,Female,No,No,No,2,Yes,No,No,No internet service,No internet service,No internet service,No internet service,No internet service,No internet service,One year,No,Mailed check,20.45,34.8,No,0-5,Yes,No,No,No,0,17.4
2840-XANRC,Male,Yes,Yes,No,24,Yes,No,Fiber optic,No,No,Yes,No,Yes,Yes,Month-to-month,Yes,Electronic check,93.15,2231.05,Yes,24-35,No,Yes,Yes,Yes,3,92.96041666666667
2082-OJVTK,Male,No,Yes,Yes,29,Yes,Yes,Fiber optic,No,No,Yes,No,No,Yes,Month-to-month,Yes,Electronic check,89.2,2698.35,Yes,24-35,No,Yes,Yes,Yes,3,93.04655172413791
7929-SKFGK,Male,No,Yes,No,70,Yes,Yes,Fiber optic,Yes,Yes,Yes,Yes,Yes,Yes,Two year,No,Credit card (automatic),114.3,8244.3,No,60-72,No,No,No,Yes,0,117.77571428571429
1394-SUIUH,Female,Yes,Yes,No,44,Yes,No,Fiber optic,Yes,Yes,No,Yes,No,No,Month-to-month,Yes,Electronic check,85.15,3670.5,No,36-47,No,Yes,Yes,Yes,1,83.42045454545455
8878-RYUKI,Female,No,No,No,52,Yes,No,DSL,No,No,Yes,No,No,Yes,Month-to-month,Yes,Electronic check,59.45,3043.7,No,48-59,No,Yes,Yes,No,3,58.5326923076923
2858-MOFSQ,Female,No,No,Yes,17,Yes,Yes,DSL,No,No,Yes,No,No,No,One year,Yes,Mailed check,55.85,937.5,Yes,12-23,No,No,No,No,3,55.14705882352941
3751-KTZEL,Female,No,No,No,1,No,No phone service,DSL,No,No,No,No,No,Yes,Month-to-month,No,Mailed check,35.05,35.05,Yes,0-5,Yes,Yes,No,No,4,35.05
3658-QQJYD,Male,No,No,No,62,Yes,No,DSL,Yes,Yes,No,No,Yes,Yes,One year,Yes,Credit card (automatic),74.3,4698.05,No,60-72,No,No,No,No,2,75.775
1934-MKPXS,Male,No,Yes,Yes,33,Yes,No,No,No internet service,No internet service,No internet service,No internet service,No internet service,No internet service,One year,No,Credit card (automatic),20.1,620.55,No,24-35,No,No,No,No,0,18.80454545454545
9031-ZVQPT,Male,No,Yes,No,72,Yes,Yes,Fiber optic,No,Yes,Yes,Yes,Yes,Yes,Two year,Yes,Electronic check,108.2,7840.6,No,60-72,No,No,Yes,Yes,1,108.89722222222224
8051-HJRLT,Female,Yes,No,No,1,Yes,No,Fiber optic,No,No,No,No,No,No,Month-to-month,Yes,Electronic check,70.55,70.55,Yes,0-5,Yes,Yes,Yes,Yes,4,70.55
5652-MSDEY,Female,No,No,No,10,Yes,Yes,Fiber optic,No,No,No,No,No,No,Month-to-month,Yes,Mailed check,75.75,777.3,No,6-11,No,Yes,No,Yes,4,77.72999999999999
0480-BIXDE,Female,No,Yes,No,19,Yes,No,Fiber optic,No,No,Yes,No,Yes,Yes,Month-to-month,Yes,Electronic check,96.8,1743.05,No,12-23,No,Yes,Yes,Yes,3,91.73947368421052
5448-VWNAM,Female,No,No,Yes,19,Yes,Yes,DSL,Yes,Yes,No,Yes,Yes,No,Month-to-month,Yes,Mailed check,75.9,1375.6,No,12-23,No,Yes,No,No,1,72.39999999999999
2024-BASKD,Female,No,No,No,1,Yes,No,Fiber optic,No,No,Yes,No,No,No,Month-to-month,Yes,Mailed check,74.6,74.6,Yes,0-5,Yes,Yes,No,Yes,3,74.6
9625-QSTYE,Female,No,No,No,13,Yes,No,Fiber optic,No,Yes,Yes,No,No,No,Month-to-month,Yes,Electronic check,81.15,952.3,Yes,12-23,No,Yes,Yes,Yes,2,73.25384615384615
9483-GCPWE,Male,No,No,Yes,9,Yes,No,No,No internet service,No internet service,No internet service,No internet service,No internet service,No internet service,One year,No,Mailed check,20.1,190.25,No,6-11,No,No,No,No,0,21.13888888888889
5445-GLVOT,Female,No,No,No,22,Yes,No,DSL,Yes,No,No,No,No,No,Month-to-month,Yes,Electronic check,49.8,1049.05,No,12-23,No,Yes,Yes,No,3,47.684090909090905
2782-JEEBU,Male,No,No,No,21,No,No phone service,DSL,No,Yes,No,Yes,No,No,Month-to-month,Yes,Mailed check,36.0,780.15,No,12-23,No,Yes,No,No,2,37.15
7041-TXQJH,Female,No,No,No,37,No,No phone service,DSL,No,No,Yes,No,No,Yes,Month-to-month,Yes,Credit card (automatic),40.2,1478.85,No,36-47,No,Yes,No,No,3,39.96891891891892
4671-VJLCL,Female,No,No,No,63,Yes,Yes,DSL,Yes,Yes,Yes,Yes,Yes,No,Two year,Yes,Credit card (automatic),79.85,4861.45,No,60-72,No,No,No,No,0,77.16587301587302
1269-FOYWN,Male,No,Yes,Yes,44,Yes,No,No,No internet service,No internet service,No internet service,No internet service,No internet service,No internet service,One year,No,Bank transfer (automatic),20.0,860.85,No,36-47,No,No,No,No,0,19.56477272727273
8807-OPMBM,Female,No,Yes,Yes,55,Yes,Yes,No,No internet service,No internet service,No internet service,No internet service,No internet service,No internet service,Two year,Yes,Credit card (automatic),25.65,1388.0,No,48-59,No,No,No,No,0,25.23636363636364
9210-IAHGH,Female,No,No,No,7,Yes,No,DSL,No,No,No,Yes,Yes,Yes,Month-to-month,Yes,Credit card (automatic),70.75,450.8,Yes,6-11,No,Yes,No,No,3,64.4
0946-FKYTX,Male,No,No,No,52,No,No phone service,DSL,No,Yes,No,No,No,No,One year,No,Mailed check,30.1,1623.4,No,48-59,No,No,No,No,3,31.21923076923077
4871-JTKJF,Female,Yes,No,No,1,Yes,No,Fiber optic,No,No,No,No,No,No,Month-to-month,Yes,Electronic check,69.65,69.65,Yes,0-5,Yes,Yes,Yes,Yes,4,69.65
0125-LZQXK,Male,No,No,No,15,Yes,No,Fiber optic,No,No,Yes,Yes,Yes,Yes,Month-to-month,Yes,Electronic check,101.35,1553.95,Yes,12-23,No,Yes,Yes,Yes,2,103.59666666666666
4847-QNOKA,Female,No,No,No,1,Yes,No,DSL,No,No,No,No,No,No,Month-to-month,Yes,Bank transfer (automatic),44.9,44.9,Yes,0-5,Yes,Yes,No,No,4,44.9
2082-CEFLT,Male,No,No,No,1,Yes,No,DSL,No,No,No,No,No,No,Month-to-month,Yes,Electronic check,45.6,45.6,Yes,0-5,Yes,Yes,Yes,No,4,45.6
9835-ZIITK,Male,Yes,Yes,No,66,Yes,Yes,Fiber optic,No,Yes,Yes,Yes,Yes,Yes,One year,Yes,Electronic check,110.85,7491.75,Yes,60-72,No,No,Yes,Yes,1,113.51136363636364
8815-LMFLX,Male,No,Yes,Yes,25,Yes,Yes,No,No internet service,No internet service,No internet service,No internet service,No internet service,No internet service,Month-to-month,Yes,Bank transfer (automatic),25.4,546.85,No,24-35,No,Yes,No,No,0,21.874
5574-NXZIU,Male,No,No,No,63,Yes,No,Fiber optic,Yes,Yes,Yes,Yes,Yes,Yes,Two year,No,Credit card (automatic),109.2,7049.75,No,60-72,No,No,No,Yes,0,111.90079365079364
1596-OQSPS,Female,No,No,No,11,Yes,No,DSL,No,Yes,No,No,No,No,Month-to-month,No,Electronic check,51.1,531.15,No,6-11,No,Yes,Yes,No,3,48.28636363636363
8063-GBATB,Female,Yes,No,No,27,Yes,Yes,Fiber optic,No,No,No,No,No,Yes,Month-to-month,Yes,Electronic check,85.25,2287.25,Yes,24-35,No,Yes,Yes,Yes,4,84.71296296296296
6994-KERXL,Male,No,No,No,4,Yes,No,DSL,No,No,No,No,No,Yes,Month-to-month,Yes,Electronic check,55.9,238.5,No,0-5,No,Yes,Yes,No,4,59.625
8148-BPLZQ,Male,No,No,No,34,Yes,No,DSL,No,Yes,No,No,No,No,Month-to-month,Yes,Electronic check,49.8,1734.2,No,24-35,No,Yes,Yes,No,3,51.00588235294118
3669-OYSJI,Male,No,No,No,1,Yes,No,DSL,No,No,No,No,No,No,Month-to-month,No,Credit card (automatic),46.2,46.2,Yes,0-5,Yes,Yes,No,No,4,46.2
3538-WZPHD,Male,No,No,No,3,No,No phone service,DSL,No,Yes,No,No,No,No,Month-to-month,Yes,Electronic check,29.6,79.45,Yes,0-5,Yes,Yes,Yes,No,3,26.48333333333333
9055-MOJJJ,Female,No,Yes,Yes,64,Yes,No,DSL,Yes,No,No,Yes,Yes,No,One year,No,Mailed check,65.8,4068.0,No,60-72,No,No,No,No,2,63.5625
3359-DSRKA,Female,No,Yes,Yes,58,Yes,No,No,No internet service,No internet service,No internet service,No internet service,No internet service,No internet service,Two year,Yes,Mailed check,19.85,1158.85,No,48-59,No,No,No,No,0,19.980172413793102
6248-BSHKG,Male,No,Yes,Yes,61,Yes,No,No,No internet service,No internet service,No internet service,No internet service,No internet service,No internet service,One year,No,Mailed check,20.4,1226.45,No,60-72,No,No,No,No,0,20.105737704918035
6728-DKUCO,Female,No,Yes,Yes,72,Yes,Yes,Fiber optic,Yes,Yes,No,No,Yes,Yes,One year,Yes,Electronic check,104.15,7303.05,No,60-72,No,No,Yes,Yes,2,101.43125
5393-HJZSM,Female,No,Yes,Yes,32,Yes,No,DSL,Yes,Yes,Yes,Yes,No,Yes,Month-to-month,No,Bank transfer (automatic),76.3,2404.15,No,24-35,No,Yes,No,No,0,75.1296875
5832-TRLPB,Male,No,No,No,29,Yes,No,DSL,No,No,Yes,Yes,Yes,Yes,One year,Yes,Bank transfer (automatic),75.35,2243.9,No,24-35,No,No,No,No,2,77.37586206896552
8277-RVRSV,Female,No,Yes,Yes,33,Yes,Yes,No,No internet service,No internet service,No internet service,No internet service,No internet service,No internet service,One year,No,Credit card (automatic),24.15,800.3,No,24-35,No,No,No,No,0,24.25151515151515
3410-MHHUM,Female,No,Yes,Yes,44,Yes,Yes,Fiber optic,No,Yes,Yes,No,No,Yes,One year,No,Electronic check,94.4,4295.35,No,36-47,No,No,Yes,Yes,2,97.62159090909093
7203-OYKCT,Male,No,No,No,72,Yes,Yes,Fiber optic,No,Yes,Yes,No,Yes,Yes,One year,Yes,Electronic check,104.95,7544.3,No,60-72,No,No,Yes,Yes,2,104.78194444444443
9699-UBQFS,Female,Yes,Yes,No,43,Yes,Yes,Fiber optic,Yes,Yes,No,No,Yes,No,Month-to-month,Yes,Electronic check,94.5,4156.8,No,36-47,No,Yes,Yes,Yes,2,96.66976744186049
0265-EDXBD,Male,Yes,Yes,No,32,Yes,Yes,Fiber optic,No,No,No,No,No,No,Month-to-month,Yes,Electronic check,74.9,2303.35,Yes,24-35,No,Yes,Yes,Yes,4,71.9796875
7284-ZZLOH,Male,No,Yes,No,45,Yes,No,DSL,Yes,No,Yes,No,No,No,Two year,No,Credit card (automatic),53.3,2296.25,No,36-47,No,No,No,No,2,51.02777777777778
6502-KUGLL,Female,No,Yes,Yes,14,Yes,No,DSL,Yes,Yes,No,Yes,No,No,Month-to-month,No,Bank transfer (automatic),59.45,780.85,No,12-23,No,Yes,No,No,1,55.775
5529-GIBVH,Female,No,No,No,47,Yes,No,No,No internet service,No internet service,No internet service,No internet service,No internet service,No internet service,Two year,No,Mailed check,20.15,1046.2,No,36-47,No,No,No,No,0,22.25957446808511
5561-NWEVX,Female,Yes,Yes,No,2,Yes,Yes,Fiber optic,No,No,Yes,No,No,No,Month-to-month,No,Electronic check,79.2,172.85,Yes,0-5,Yes,Yes,Yes,Yes,3,86.425
4781-ZXYGU,Male,No,Yes,Yes,1,Yes,No,No,No internet service,No internet service,No internet service,No internet service,No internet service,No internet service,Month-to-month,Yes,Bank transfer (automatic),20.15,20.15,No,0-5,Yes,Yes,No,No,0,20.15
4508-OEBEY,Male,No,Yes,No,31,Yes,No,DSL,Yes,Yes,Yes,Yes,No,Yes,One year,Yes,Credit card (automatic),75.5,2424.45,No,24-35,No,No,No,No,0,78.20806451612903
4828-FAZPK,Female,No,Yes,Yes,16,Yes,Yes,Fiber optic,No,Yes,No,No,No,No,Month-to-month,Yes,Credit card (automatic),79.95,1267.95,No,12-23,No,Yes,No,Yes,3,79.246875
1354-YZFNB,Male,No,Yes,Yes,4,Yes,No,No,No internet service,No internet service,No internet service,No internet service,No internet service,No internet service,Two year,No,Credit card (automatic),19.55,68.8,No,0-5,No,No,No,No,0,17.2
8063-RJYNF,Male,No,No,No,16,Yes,No,Fiber optic,Yes,No,No,No,Yes,Yes,Month-to-month,Yes,Electronic check,94.25,1483.25,Yes,12-23,No,Yes,Yes,Yes,3,92.703125
2468-SJFLM,Male,No,No,No,1,Yes,No,Fiber optic,No,No,No,Yes,No,No,Month-to-month,Yes,Mailed check,74.3,74.3,No,0-5,Yes,Yes,No,Yes,3,74.3
1352-VHKAJ,Male,No,Yes,Yes,27,Yes,Yes,DSL,No,No,No,Yes,Yes,Yes,Month-to-month,No,Bank transfer (automatic),71.6,1957.1,No,24-35,No,Yes,No,No,3,72.48518518518519
6941-PMGEP,Female,No,No,No,5,Yes,No,Fiber optic,No,No,No,No,No,Yes,Month-to-month,Yes,Electronic check,80.0,412.5,Yes,0-5,No,Yes,Yes,Yes,4,82.5
6358-LYNGM,Male,No,No,No,1,Yes,Yes,Fiber optic,No,No,No,No,No,No,Month-to-month,Yes,Electronic check,74.9,74.9,Yes,0-5,Yes,Yes,Yes,Yes,4,74.9
1732-VHUBQ,Female,Yes,Yes,Yes,47,Yes,No,Fiber optic,No,No,No,No,No,No,Month-to-month,No,Bank transfer (automatic),70.55,3309.25,Yes,36-47,No,Yes,No,Yes,4,70.40957446808511
6743-HHQPF,Male,No,Yes,No,42,No,No phone service,DSL,No,No,No,No,No,No,Month-to-month,Yes,Credit card (automatic),25.1,1097.15,No,36-47,No,Yes,No,No,4,26.12261904761905
3422-LYEPQ,Male,No,Yes,Yes,1,Yes,No,Fiber optic,No,No,No,No,No,No,Month-to-month,Yes,Electronic check,71.0,71.0,Yes,0-5,Yes,Yes,Yes,Yes,4,71.0
3327-YBAKM,Female,No,Yes,No,64,Yes,No,Fiber optic,Yes,No,No,Yes,Yes,Yes,One year,Yes,Mailed check,96.9,6314.35,No,60-72,No,No,No,Yes,2,98.66171875
2774-LVQUS,Female,Yes,Yes,No,15,Yes,Yes,Fiber optic,No,No,Yes,Yes,No,No,Month-to-month,Yes,Electronic check,83.05,1258.3,Yes,12-23,No,Yes,Yes,Yes,2,83.88666666666667
6942-LBFDP,Female,No,No,No,2,Yes,No,No,No internet service,No internet service,No internet service,No internet service,No internet service,No internet service,Month-to-month,Yes,Mailed check,20.55,33.6,No,0-5,Yes,Yes,No,No,0,16.8
8922-NPKBJ,Male,No,Yes,Yes,42,Yes,No,No,No internet service,No internet service,No internet service,No internet service,No internet service,No internet service,Two year,No,Mailed check,19.35,867.3,No,36-47,No,No,No,No,0,20.65
1971-DTCZB,Female,No,Yes,No,72,Yes,Yes,DSL,Yes,Yes,Yes,Yes,Yes,Yes,Two year,Yes,Bank transfer (automatic),90.95,6468.6,No,60-72,No,No,No,No,0,89.84166666666667
2739-CACDQ,Female,Yes,No,No,17,Yes,Yes,Fiber optic,No,No,Yes,No,No,No,Month-to-month,Yes,Credit card (automatic),82.65,1470.05,No,12-23,No,Yes,No,Yes,3,86.4735294117647
3551-GAEGL,Male,No,Yes,Yes,34,No,No phone service,DSL,Yes,No,No,No,No,No,One year,No,Bank transfer (automatic),30.4,938.65,No,24-35,No,No,No,No,3,27.60735294117647
2832-SCUCO,Female,No,No,No,2,Yes,No,No,No internet service,No internet service,No internet service,No internet service,No internet service,No internet service,Month-to-month,No,Electronic check,19.9,57.4,No,0-5,Yes,Yes,Yes,No,0,28.7
0440-EKDCF,Male,No,Yes,No,62,Yes,No,DSL,No,Yes,Yes,Yes,No,No,Two year,Yes,Credit card (automatic),60.15,3753.2,No,60-72,No,No,No,No,1,60.53548387096774
0328-GRPMV,Female,No,No,No,1,Yes,No,Fiber optic,No,No,No,No,No,No,Month-to-month,Yes,Electronic check,70.1,70.1,Yes,0-5,Yes,Yes,Yes,Yes,4,70.1
9360-AHGNL,Female,Yes,Yes,No,43,Yes,Yes,Fiber optic,Yes,No,Yes,Yes,Yes,Yes,One year,Yes,Mailed check,109.55,4830.25,Yes,36-47,No,No,No,Yes,1,112.3313953488372
1099-GODLO,Female,No,Yes,Yes,1,Yes,No,No,No internet service,No internet service,No internet service,No internet service,No internet service,No internet service,Two year,No,Mailed check,20.35,20.35,No,0-5,Yes,No,No,No,0,20.35
6400-BWQKW,Female,No,No,No,6,Yes,Yes,Fiber optic,Yes,No,No,No,No,No,Month-to-month,Yes,Electronic check,79.05,434.5,Yes,6-11,No,Yes,Yes,Yes,3,72.41666666666667
7876-DNYAP,Female,No,Yes,Yes,69,Yes,No,No,No internet service,No internet service,No internet service,No internet service,No internet service,No internet service,Two year,No,Credit card (automatic),19.8,1436.95,No,60-72,No,No,No,No,0,20.82536231884058
0973-KYVNF,Female,No,Yes,Yes,72,Yes,No,DSL,Yes,Yes,Yes,No,Yes,No,Two year,Yes,Credit card (automatic),70.65,5011.15,No,60-72,No,No,No,No,1,69.59930555555555
9609-BENEA,Male,No,Yes,No,35,Yes,Yes,DSL,No,Yes,No,Yes,Yes,No,One year,Yes,Electronic check,69.0,2441.7,No,24-35,No,No,Yes,No,2,69.76285714285714
8257-RZAHR,Female,No,Yes,No,14,Yes,Yes,DSL,Yes,No,No,No,Yes,No,Month-to-month,Yes,Bank transfer (automatic),64.7,941.0,Yes,12-23,No,Yes,No,No,3,67.21428571428571
5016-LIPDW,Male,No,Yes,Yes,57,Yes,No,No,No internet service,No internet service,No internet service,No internet service,No internet service,No internet service,One year,No,Mailed check,19.4,1061.6,No,48-59,No,No,No,No,0,18.62456140350877
2546-KZAAT,Male,No,Yes,No,52,Yes,No,DSL,Yes,Yes,No,No,Yes,Yes,One year,Yes,Mailed check,75.4,3865.45,No,48-59,No,No,No,No,2,74.33557692307691
5318-IXUZF,Female,No,No,No,2,Yes,No,Fiber optic,No,Yes,No,No,Yes,No,Month-to-month,Yes,Bank transfer (automatic),87.15,183.75,Yes,0-5,Yes,Yes,No,Yes,3,91.875
6050-FFXES,Female,No,Yes,No,69,Yes,Yes,Fiber optic,No,No,Yes,Yes,Yes,Yes,Two year,No,Bank transfer (automatic),105.35,7240.65,No,60-72,No,No,No,Yes,2,104.93695652173912
0042-JVWOJ,Male,No,No,No,26,Yes,No,No,No internet service,No internet service,No internet service,No internet service,No internet service,No internet service,One year,Yes,Bank transfer (automatic),19.6,471.85,No,24-35,No,No,No,No,0,18.148076923076925
1460-UZPRJ,Male,No,Yes,No,60,Yes,No,No,No internet service,No internet service,No internet service,No internet service,No internet service,No internet service,Two year,No,Mailed check,19.95,1258.15,No,60-72,No,No,No,No,0,20.96916666666667
5989-AXPUC,Female,No,Yes,No,68,Yes,Yes,Fiber optic,Yes,Yes,Yes,Yes,Yes,Yes,Two year,No,Mailed check,118.6,7990.05,No,60-72,No,No,No,Yes,0,117.50073529411765
1197-BVMVG,Female,Yes,No,No,4,Yes,Yes,Fiber optic,No,No,No,No,No,No,Month-to-month,Yes,Electronic check,74.45,294.45,No,0-5,No,Yes,Yes,Yes,4,73.6125
4585-HETAI,Female,No,Yes,Yes,4,Yes,No,Fiber optic,No,No,Yes,No,No,No,Month-to-month,Yes,Electronic check,73.75,325.45,Yes,0-5,No,Yes,Yes,Yes,3,81.3625
1730-ZMAME,Female,Yes,No,No,32,Yes,No,Fiber optic,No,No,No,No,No,Yes,Month-to-month,Yes,Electronic check,79.5,2665.0,No,24-35,No,Yes,Yes,Yes,4,83.28125
5451-MHQOF,Male,No,Yes,Yes,56,Yes,Yes,No,No internet service,No internet service,No internet service,No internet service,No internet service,No internet service,One year,Yes,Mailed check,24.45,1431.65,No,48-59,No,No,No,No,0,25.56517857142857
4647-XXZAM,Female,No,Yes,Yes,6,Yes,No,DSL,No,No,No,No,No,No,Month-to-month,No,Mailed check,45.5,285.2,No,6-11,No,Yes,No,No,4,47.53333333333333
7577-SWIFR,Male,No,No,No,1,Yes,No,Fiber optic,No,No,No,No,Yes,Yes,Month-to-month,Yes,Electronic check,89.25,89.25,No,0-5,Yes,Yes,Yes,Yes,4,89.25
0744-GKNGE,Female,No,Yes,Yes,64,Yes,Yes,Fiber optic,Yes,No,No,Yes,No,No,Month-to-month,Yes,Bank transfer (automatic),86.8,5327.25,No,60-72,No,Yes,No,Yes,2,83.23828125
9796-MVYXX,Female,Yes,No,No,14,No,No phone service,DSL,Yes,No,Yes,Yes,No,No,Two year,No,Mailed check,39.7,692.35,No,12-23,No,No,No,No,1,49.45357142857143
6845-RGTYS,Female,No,Yes,No,47,Yes,Yes,Fiber optic,Yes,Yes,Yes,No,Yes,No,Month-to-month,Yes,Electronic check,98.75,4533.7,Yes,36-47,No,Yes,Yes,Yes,1,96.46170212765956
4782-OSFXZ,Female,Yes,Yes,No,71,Yes,Yes,DSL,Yes,Yes,Yes,Yes,No,Yes,Two year,Yes,Bank transfer (automatic),82.7,5831.2,No,60-72,No,No,No,No,0,82.12957746478872
4139-SUGLD,Male,No,Yes,Yes,31,No,No phone service,DSL,Yes,No,No,Yes,No,No,Month-to-month,No,Bank transfer (automatic),35.4,1077.5,Yes,24-35,No,Yes,No,No,2,34.75806451612903
5565-FILXA,Female,Yes,No,No,16,Yes,Yes,Fiber optic,No,No,No,No,Yes,Yes,Month-to-month,Yes,Electronic check,96.15,1529.2,Yes,12-23,No,Yes,Yes,Yes,4,95.575
2587-EKXTS,Male,No,No,No,44,Yes,Yes,Fiber optic,Yes,Yes,Yes,No,Yes,Yes,Month-to-month,Yes,Electronic check,111.5,4915.15,No,36-47,No,Yes,Yes,Yes,1,111.70795454545454
8650-RHRKE,Male,No,No,No,4,No,No phone service,DSL,No,No,Yes,No,No,No,Month-to-month,Yes,Electronic check,29.65,118.5,Yes,0-5,No,Yes,Yes,No,3,29.625
8263-JQAIK,Male,Yes,No,No,2,No,No phone service,DSL,No,No,No,No,No,No,Month-to-month,Yes,Mailed check,24.45,47.5,Yes,0-5,Yes,Yes,No,No,4,23.75
4566-QVRRW,Female,No,Yes,No,11,Yes,No,DSL,No,No,No,No,No,No,Month-to-month,Yes,Electronic check,44.05,483.7,Yes,6-11,No,Yes,Yes,No,4,43.97272727272727
7989-AWGEH,Male,No,Yes,Yes,49,No,No phone service,DSL,Yes,No,No,No,No,Yes,Month-to-month,Yes,Electronic check,39.2,1838.15,No,48-59,No,Yes,Yes,No,3,37.51326530612245
0513-RBGPE,Male,No,Yes,Yes,37,Yes,Yes,DSL,Yes,No,Yes,Yes,No,No,Two year,Yes,Credit card (automatic),62.8,2278.75,No,36-47,No,No,No,No,1,61.58783783783784
7615-ESMYF,Female,No,Yes,No,2,No,No phone service,DSL,No,No,No,No,Yes,Yes,Month-to-month,No,Electronic check,44.6,97.1,Yes,0-5,Yes,Yes,Yes,No,4,48.55
5499-ECUTN,Female,No,Yes,No,47,Yes,No,DSL,Yes,No,Yes,No,Yes,No,One year,Yes,Credit card (automatic),66.05,3021.45,No,36-47,No,No,No,No,2,64.28617021276595
1518-VOWAV,Female,No,No,No,9,Yes,No,DSL,Yes,Yes,No,No,Yes,Yes,Month-to-month,Yes,Electronic check,74.65,703.55,Yes,6-11,No,Yes,Yes,No,2,78.17222222222222
6218-KNUBD,Male,No,No,No,6,Yes,No,DSL,No,Yes,No,No,Yes,No,Month-to-month,No,Electronic check,59.45,357.6,No,6-11,No,Yes,Yes,No,3,59.6
5840-NVDCG,Female,No,Yes,Yes,16,Yes,No,DSL,Yes,Yes,No,Yes,No,Yes,Two year,No,Bank transfer (automatic),68.25,1114.85,No,12-23,No,No,No,No,1,69.678125
1925-TIBLE,Female,No,Yes,No,7,Yes,Yes,Fiber optic,No,No,No,No,Yes,No,Month-to-month,Yes,Electronic check,86.5,582.5,Yes,6-11,No,Yes,Yes,Yes,4,83.21428571428571
1534-OULXE,Female,No,Yes,Yes,61,Yes,No,DSL,Yes,No,No,No,No,No,One year,Yes,Bank transfer (automatic),49.7,2961.4,No,60-72,No,No,No,No,3,48.54754098360656
4128-ETESU,Female,Yes,Yes,No,47,Yes,Yes,Fiber optic,No,No,Yes,No,Yes,Yes,Month-to-month,No,Electronic check,99.7,4747.2,No,36-47,No,Yes,Yes,Yes,3,101.00425531914894
6680-NENYN,Female,No,No,No,43,Yes,Yes,Fiber optic,No,Yes,Yes,No,Yes,Yes,Two year,Yes,Electronic check,104.6,4759.85,Yes,36-47,No,No,Yes,Yes,2,110.69418604651165
7254-IQWOZ,Male,No,No,No,1,Yes,No,Fiber optic,No,No,No,No,No,No,Month-to-month,Yes,Electronic check,69.65,69.65,Yes,0-5,Yes,Yes,Yes,Yes,4,69.65
1448-CYWKC,Female,No,Yes,Yes,58,Yes,Yes,Fiber optic,No,Yes,Yes,No,Yes,Yes,One year,Yes,Credit card (automatic),105.2,6225.4,No,48-59,No,No,No,Yes,2,107.33448275862068
5183-SNMJQ,Male,No,No,No,10,Yes,No,Fiber optic,No,No,No,Yes,Yes,Yes,Month-to-month,Yes,Credit card (automatic),95.1,865.1,No,6-11,No,Yes,No,Yes,3,86.51
8791-GFXLZ,Male,No,No,No,12,Yes,No,DSL,No,Yes,No,No,No,No,Month-to-month,Yes,Bank transfer (automatic),49.05,593.05,No,12-23,No,Yes,No,No,3,49.42083333333333
8148-NLEGT,Female,No,Yes,Yes,42,Yes,Yes,No,No internet service,No internet service,No internet service,No internet service,No internet service,No internet service,Two year,No,Electronic check,22.95,1014.25,No,36-47,No,No,Yes,No,0,24.14880952380953
3144-AUDBS,Female,No,Yes,No,6,Yes,No,DSL,No,No,No,Yes,No,No,Month-to-month,Yes,Electronic check,49.15,270.8,Yes,6-11,No,Yes,Yes,No,3,45.13333333333333
4282-ACRXS,Male,Yes,Yes,No,38,No,No phone service,DSL,No,No,No,No,No,No,Month-to-month,Yes,Electronic check,24.85,955.75,No,36-47,No,Yes,Yes,No,4,25.151315789473685
4273-MBHYA,Female,No,No,Yes,1,Yes,No,Fiber optic,No,No,No,No,Yes,Yes,Month-to-month,Yes,Electronic check,89.35,89.35,No,0-5,Yes,Yes,Yes,Yes,4,89.35
0848-SOMKO,Male,No,No,No,70,No,No phone service,DSL,Yes,No,Yes,Yes,No,Yes,Two year,No,Bank transfer (automatic),48.4,3442.8,No,60-72,No,No,No,No,1,49.182857142857145
8984-EYLLL,Male,No,Yes,No,64,Yes,Yes,Fiber optic,No,Yes,No,Yes,Yes,Yes,Two year,Yes,Electronic check,105.25,6823.4,No,60-72,No,No,Yes,Yes,2,106.615625
5630-IXDXV,Female,No,No,No,47,Yes,Yes,Fiber optic,No,Yes,Yes,No,Yes,Yes,Month-to-month,Yes,Electronic check,106.35,4849.1,No,36-47,No,Yes,Yes,Yes,2,103.17234042553191
3913-RDSJZ,Female,No,Yes,No,64,Yes,Yes,No,No internet service,No internet service,No internet service,No internet service,No internet service,No internet service,Two year,No,Mailed check,25.55,1714.95,No,60-72,No,No,No,No,0,26.79609375
0324-BRPCJ,Female,Yes,Yes,No,68,Yes,Yes,Fiber optic,No,Yes,No,No,Yes,Yes,Month-to-month,Yes,Electronic check,100.2,6851.65,Yes,60-72,No,Yes,Yes,Yes,3,100.7595588235294
9170-GYZJC,Female,No,Yes,Yes,41,Yes,Yes,DSL,Yes,Yes,Yes,Yes,No,Yes,Month-to-month,No,Credit card (automatic),79.9,3326.2,Yes,36-47,No,Yes,No,No,0,81.12682926829268
3870-SPZSI,Female,No,Yes,Yes,70,Yes,Yes,Fiber optic,Yes,Yes,Yes,Yes,Yes,Yes,Two year,Yes,Credit card (automatic),113.05,7869.05,No,60-72,No,No,No,Yes,0,112.415
9496-IVVRP,Female,No,Yes,Yes,11,Yes,No,DSL,Yes,No,No,No,No,No,Month-to-month,No,Bank transfer (automatic),51.0,581.7,No,6-11,No,Yes,No,No,3,52.88181818181818
6941-KXRRV,Female,Yes,Yes,No,48,Yes,No,DSL,No,Yes,No,No,No,Yes,One year,Yes,Bank transfer (automatic),58.95,2789.7,No,48-59,No,No,No,No,3,58.11875
6120-RJKLU,Female,Yes,Yes,No,62,Yes,No,DSL,Yes,No,Yes,Yes,Yes,Yes,Two year,Yes,Credit card (automatic),79.95,4819.75,No,60-72,No,No,No,No,1,77.73790322580645
9074-KGVOX,Male,No,Yes,Yes,50,No,No phone service,DSL,Yes,No,No,No,Yes,No,Month-to-month,Yes,Credit card (automatic),39.45,2021.35,No,48-59,No,Yes,No,No,3,40.427
0842-IWYCP,Female,No,No,No,46,Yes,No,DSL,No,No,No,No,No,No,Month-to-month,No,Bank transfer (automatic),44.95,2168.9,No,36-47,No,Yes,No,No,4,47.15
4860-YZGZM,Male,No,No,No,10,Yes,No,No,No internet service,No internet service,No internet service,No internet service,No internet service,No internet service,Month-to-month,No,Electronic check,20.0,185.4,No,6-11,No,Yes,Yes,No,0,18.54
1548-ARAGG,Female,No,Yes,Yes,4,Yes,Yes,DSL,No,Yes,No,Yes,No,No,Month-to-month,Yes,Mailed check,58.5,224.85,No,0-5,No,Yes,No,No,2,56.2125
8958-JPTRR,Female,No,Yes,No,56,Yes,Yes,No,No internet service,No internet service,No internet service,No internet service,No internet service,No internet service,One year,No,Electronic check,24.3,1261.7,No,48-59,No,No,Yes,No,0,22.530357142857145
9507-HSMMZ,Male,No,No,No,54,Yes,No,No,No internet service,No internet service,No internet service,No internet service,No internet service,No internet service,Two year,No,Mailed check,20.0,1149.65,No,48-59,No,No,No,No,0,21.289814814814815
6894-LFHLY,Male,Yes,No,No,1,Yes,Yes,Fiber optic,No,No,No,No,No,No,Month-to-month,Yes,Electronic check,75.75,75.75,Yes,0-5,Yes,Yes,Yes,Yes,4,75.75
3733-LSYCE,Female,No,Yes,No,15,Yes,No,Fiber optic,No,Yes,No,No,No,No,Month-to-month,No,Bank transfer (automatic),75.35,1114.55,No,12-23,No,Yes,No,Yes,3,74.30333333333333
7975-TZMLR,Male,No,No,No,47,Yes,Yes,Fiber optic,No,Yes,Yes,No,Yes,Yes,One year,Yes,Electronic check,103.1,4889.3,No,36-47,No,No,Yes,Yes,2,104.02765957446807
6380-ARCEH,Male,No,No,No,1,Yes,No,No,No internet service,No internet service,No internet service,No internet service,No internet service,No internet service,Month-to-month,No,Mailed check,20.2,20.2,No,0-5,Yes,Yes,No,No,0,20.2
6240-EURKS,Female,No,No,Yes,18,No,No phone service,DSL,No,No,No,No,No,Yes,Month-to-month,Yes,Electronic check,35.0,553.0,Yes,12-23,No,Yes,Yes,No,4,30.72222222222222
6762-QVYJO,Female,No,Yes,Yes,58,No,No phone service,DSL,Yes,No,Yes,Yes,Yes,Yes,Two year,No,Mailed check,59.75,3624.35,No,48-59,No,No,No,No,1,62.48879310344827
8039-EQPIM,Male,No,Yes,No,69,No,No phone service,DSL,Yes,No,Yes,Yes,Yes,Yes,Two year,No,Bank transfer (automatic),60.25,4055.5,No,60-72,No,No,No,No,1,58.77536231884058
8329-GWVPJ,Female,No,Yes,Yes,50,Yes,No,Fiber optic,No,No,No,No,No,No,Month-to-month,Yes,Bank transfer (automatic),69.75,3557.7,No,48-59,No,Yes,No,Yes,4,71.154
9360-OMDZZ,Male,No,No,No,24,Yes,Yes,Fiber optic,No,No,No,No,Yes,Yes,Month-to-month,Yes,Electronic check,94.1,2322.85,No,24-35,No,Yes,Yes,Yes,4,96.78541666666666
6891-JPYFF,Female,No,Yes,Yes,48,Yes,Yes,Fiber optic,Yes,Yes,No,No,Yes,Yes,Month-to-month,Yes,Credit card (automatic),105.25,4997.5,No,48-59,No,Yes,No,Yes,2,104.11458333333331
2692-AQCPF,Female,No,Yes,No,65,Yes,Yes,Fiber optic,No,Yes,Yes,Yes,Yes,Yes,One year,Yes,Credit card (automatic),108.05,7118.9,No,60-72,No,No,No,Yes,1,109.52153846153846
5324-KTGCG,Male,No,Yes,No,71,Yes,No,No,No internet service,No internet service,No internet service,No internet service,No internet service,No internet service,One year,No,Electronic check,20.85,1539.75,No,60-72,No,No,Yes,No,0,21.68661971830986
7299-GNVPL,Female,No,Yes,Yes,23,Yes,No,Fiber optic,Yes,Yes,No,Yes,No,No,Month-to-month,No,Mailed check,84.4,1936.85,No,12-23,No,Yes,No,Yes,1,84.2108695652174
4716-MRVEN,Female,No,No,No,29,Yes,No,No,No internet service,No internet service,No internet service,No internet service,No internet service,No internet service,One year,No,Mailed check,20.0,599.3,No,24-35,No,No,No,No,0,20.66551724137931
7878-JGDKK,Male,No,No,No,4,Yes,No,DSL,No,No,No,No,No,No,Month-to-month,No,Mailed check,44.55,220.75,No,0-5,No,Yes,No,No,4,55.1875
8854-CCVSQ,Male,No,No,No,18,Yes,Yes,Fiber optic,No,Yes,No,No,No,No,Month-to-month,Yes,Electronic check,80.65,1451.9,Yes,12-23,No,Yes,Yes,Yes,3,80.66111111111111
1447-GIQMR,Male,No,Yes,No,1,Yes,No,Fiber optic,No,No,No,No,No,No,Month-to-month,Yes,Electronic check,69.15,69.15,Yes,0-5,Yes,Yes,Yes,Yes,4,69.15
4192-GORJT,Male,No,Yes,No,5,Yes,No,Fiber optic,No,No,Yes,No,Yes,Yes,Month-to-month,Yes,Electronic check,94.45,498.1,Yes,0-5,No,Yes,Yes,Yes,3,99.62
7742-MYPGI,Female,No,Yes,Yes,6,Yes,No,DSL,No,No,No,Yes,No,No,Month-to-month,Yes,Mailed check,48.8,297.35,No,6-11,No,Yes,No,No,3,49.55833333333334
0675-NCDYU,Female,No,Yes,Yes,72,Yes,Yes,Fiber optic,Yes,Yes,Yes,Yes,Yes,Yes,Two year,Yes,Credit card (automatic),116.4,8543.25,No,60-72,No,No,No,Yes,0,118.65625
9777-WJJPR,Male,No,Yes,No,31,Yes,Yes,Fiber optic,No,No,Yes,No,Yes,No,Month-to-month,No,Credit card (automatic),88.65,2683.2,No,24-35,No,Yes,No,Yes,3,86.55483870967741
3541-ZNUHK,Female,No,Yes,Yes,55,Yes,Yes,Fiber optic,Yes,Yes,No,No,No,No,Month-to-month,Yes,Electronic check,85.1,4600.95,No,48-59,No,Yes,Yes,Yes,2,83.65363636363637
5960-MVTUK,Male,No,No,No,3,No,No phone service,DSL,No,No,No,Yes,No,No,Month-to-month,Yes,Electronic check,29.75,96.85,No,0-5,Yes,Yes,Yes,No,3,32.28333333333333
4633-MKHYU,Female,No,No,No,9,Yes,No,Fiber optic,No,No,No,No,Yes,Yes,Month-to-month,Yes,Mailed check,88.4,788.6,No,6-11,No,Yes,No,Yes,4,87.62222222222222
8221-HVAYI,Male,No,Yes,Yes,35,Yes,Yes,DSL,Yes,Yes,Yes,Yes,No,No,Two year,Yes,Credit card (automatic),69.15,2490.15,No,24-35,No,No,No,No,0,71.14714285714285
1696-MZVAU,Male,No,Yes,Yes,39,No,No phone service,DSL,No,No,No,No,No,No,One year,Yes,Credit card (automatic),25.25,947.75,No,36-47,No,No,No,No,4,24.30128205128205
9499-XPZXM,Female,No,Yes,No,72,Yes,Yes,DSL,Yes,Yes,No,Yes,No,No,Two year,No,Bank transfer (automatic),64.75,4804.75,No,60-72,No,No,No,No,1,66.73263888888889
1406-PUQVY,Male,No,No,Yes,1,Yes,No,DSL,No,Yes,No,No,No,No,Month-to-month,Yes,Electronic check,49.9,49.9,No,0-5,Yes,Yes,Yes,No,3,49.9
1335-HQMKX,Female,No,Yes,No,72,Yes,Yes,Fiber optic,No,Yes,Yes,No,Yes,Yes,One year,Yes,Electronic check,101.35,7323.15,No,60-72,No,No,Yes,Yes,2,101.71041666666666
0617-AQNWT,Female,No,Yes,No,64,No,No phone service,DSL,Yes,No,Yes,Yes,No,Yes,Two year,No,Electronic check,47.85,3147.5,Yes,60-72,No,No,Yes,No,1,49.1796875
3764-MNMOI,Male,No,No,No,46,Yes,No,No,No internet service,No internet service,No internet service,No internet service,No internet service,No internet service,Two year,No,Credit card (automatic),19.2,908.15,No,36-47,No,No,No,No,0,19.742391304347827
0277-BKSQP,Male,No,Yes,Yes,8,Yes,No,DSL,No,No,No,No,Yes,No,Month-to-month,Yes,Electronic check,54.4,475.1,No,6-11,No,Yes,Yes,No,4,59.3875
2806-MLNTI,Male,Yes,Yes,No,52,Yes,Yes,Fiber optic,No,Yes,Yes,No,Yes,Yes,One year,Yes,Bank transfer (automatic),105.1,5376.4,No,48-59,No,No,No,Yes,2,103.39230769230768
0237-YFUTL,Female,No,Yes,No,50,Yes,Yes,Fiber optic,Yes,Yes,No,Yes,Yes,Yes,Month-to-month,Yes,Bank transfer (automatic),109.65,5405.8,No,48-59,No,Yes,No,Yes,1,108.116
3030-YZADT,Male,No,No,No,9,Yes,No,DSL,No,No,No,No,No,No,Month-to-month,No,Mailed check,44.95,431.0,Yes,6-11,No,Yes,No,No,4,47.888888888888886
3865-QBWSJ,Male,Yes,No,Yes,38,Yes,Yes,Fiber optic,Yes,No,No,No,No,No,Month-to-month,Yes,Mailed check,80.45,3162.65,No,36-47,No,Yes,No,Yes,3,83.22763157894737
0447-RXSGD,Male,No,No,No,24,Yes,Yes,Fiber optic,No,Yes,No,No,Yes,Yes,Month-to-month,Yes,Bank transfer (automatic),99.65,2404.85,No,24-35,No,Yes,No,Yes,3,100.20208333333332
4702-HDRKD,Male,No,No,No,67,No,No phone service,DSL,Yes,No,Yes,Yes,Yes,No,One year,Yes,Bank transfer (automatic),49.35,3321.35,No,60-72,No,No,No,No,1,49.57238805970149
0139-IVFJG,Female,No,Yes,No,2,Yes,No,Fiber optic,Yes,Yes,No,No,Yes,No,Month-to-month,No,Electronic check,90.35,190.5,No,0-5,Yes,Yes,Yes,Yes,2,95.25
8007-YYPWD,Female,No,No,No,15,Yes,Yes,No,No internet service,No internet service,No internet service,No internet service,No internet service,No internet service,Two year,No,Bank transfer (automatic),25.05,369.1,No,12-23,No,No,No,No,0,24.60666666666667
3547-LQRIK,Female,No,Yes,No,47,Yes,Yes,No,No internet service,No internet service,No internet service,No internet service,No internet service,No internet service,One year,No,Electronic check,26.9,1250.85,No,36-47,No,No,Yes,No,0,26.61382978723404
7580-UGXNC,Female,Yes,No,No,2,Yes,No,DSL,Yes,Yes,No,No,No,No,Month-to-month,No,Mailed check,54.85,104.2,Yes,0-5,Yes,Yes,No,No,2,52.1
0224-RLWWD,Female,Yes,No,No,2,Yes,No,DSL,No,No,No,No,No,No,Month-to-month,Yes,Electronic check,44.3,89.3,No,0-5,Yes,Yes,Yes,No,4,44.65
3620-MWJNE,Male,No,No,No,2,Yes,No,DSL,Yes,No,No,Yes,No,No,Month-to-month,Yes,Mailed check,54.45,87.3,No,0-5,Yes,Yes,No,No,2,43.65
0334-ZFJSR,Female,No,Yes,No,55,Yes,Yes,DSL,Yes,Yes,No,Yes,No,No,One year,Yes,Credit card (automatic),66.05,3462.1,No,48-59,No,No,No,No,1,62.947272727272725
3727-JEZTU,Female,No,No,No,1,Yes,No,No,No internet service,No internet service,No internet service,No internet service,No internet service,No internet service,Month-to-month,No,Mailed check,20.4,20.4,No,0-5,Yes,Yes,No,No,0,20.4
2955-PSXOE,Female,No,No,No,1,Yes,No,No,No internet service,No internet service,No internet service,No internet service,No internet service,No internet service,Month-to-month,Yes,Bank transfer (automatic),20.2,20.2,Yes,0-5,Yes,Yes,No,No,0,20.2
9961-JBNMK,Male,Yes,No,No,21,Yes,No,Fiber optic,No,No,Yes,No,Yes,Yes,Month-to-month,Yes,Bank transfer (automatic),96.8,2030.3,Yes,12-23,No,Yes,No,Yes,3,96.68095238095238
7815-PDTHL,Male,No,No,No,35,Yes,No,No,No internet service,No internet service,No internet service,No internet service,No internet service,No internet service,Two year,Yes,Mailed check,20.2,684.4,No,24-35,No,No,No,No,0,19.554285714285715
7516-GMHUV,Male,Yes,Yes,No,50,Yes,Yes,Fiber optic,Yes,No,Yes,No,Yes,Yes,Two year,Yes,Credit card (automatic),105.05,5163.3,No,48-59,No,No,No,Yes,2,103.266
2208-MPXIO,Female,No,Yes,Yes,45,Yes,No,No,No internet service,No internet service,No internet service,No internet service,No internet service,No internet service,Two year,Yes,Bank transfer (automatic),20.0,886.4,No,36-47,No,No,No,No,0,19.697777777777777
6987-XQSJT,Female,Yes,No,No,54,Yes,Yes,Fiber optic,No,Yes,No,No,No,No,Month-to-month,Yes,Electronic check,79.5,4370.25,Yes,48-59,No,Yes,Yes,Yes,3,80.93055555555556
3933-DQPWX,Female,No,No,No,50,No,No phone service,DSL,No,Yes,Yes,Yes,No,No,Two year,No,Credit card (automatic),39.7,1932.75,No,48-59,No,No,No,No,1,38.655
8752-STIVR,Female,No,No,No,4,Yes,No,Fiber optic,No,No,No,No,Yes,No,Month-to-month,Yes,Electronic check,79.0,303.15,Yes,0-5,No,Yes,Yes,Yes,4,75.7875
0003-MKNFE,Male,No,No,No,9,Yes,Yes,DSL,No,No,No,No,No,Yes,Month-to-month,No,Mailed check,59.9,542.4,No,6-11,No,Yes,No,No,4,60.266666666666666
1960-UOTYM,Male,No,Yes,Yes,52,Yes,No,DSL,Yes,Yes,Yes,No,Yes,Yes,Two year,No,Electronic check,79.2,4016.3,No,48-59,No,No,Yes,No,1,77.23653846153846
1925-LFCZZ,Male,Yes,No,No,55,No,No phone service,DSL,No,No,Yes,No,Yes,Yes,One year,Yes,Bank transfer (automatic),50.05,2743.45,No,48-59,No,No,No,No,3,49.880909090909086
2858-EIMXH,Female,Yes,Yes,No,53,Yes,Yes,Fiber optic,No,No,No,No,Yes,Yes,One year,Yes,Credit card (automatic),95.85,5016.25,No,48-59,No,No,No,Yes,4,94.64622641509432
3269-ATYWD,Male,Yes,No,No,39,Yes,Yes,Fiber optic,No,No,No,No,Yes,Yes,Month-to-month,Yes,Bank transfer (automatic),95.65,3759.05,Yes,36-47,No,Yes,No,Yes,4,96.38589743589743
6771-XWBDM,Female,No,Yes,No,57,Yes,Yes,Fiber optic,No,Yes,Yes,No,Yes,Yes,Month-to-month,Yes,Credit card (automatic),104.5,5921.35,Yes,48-59,No,Yes,No,Yes,2,103.88333333333334
2887-JPYLU,Female,No,No,Yes,41,Yes,No,DSL,No,No,No,No,No,No,Month-to-month,No,Bank transfer (automatic),45.2,1841.9,No,36-47,No,Yes,No,No,4,44.92439024390245
2371-KFUOG,Male,No,No,No,58,Yes,No,Fiber optic,Yes,Yes,No,No,Yes,Yes,One year,No,Bank transfer (automatic),99.15,5720.95,No,48-59,No,No,No,Yes,2,98.63706896551724
4967-WPNCF,Male,No,No,No,72,No,No phone service,DSL,Yes,Yes,Yes,Yes,Yes,Yes,Two year,Yes,Bank transfer (automatic),63.7,4464.8,No,60-72,No,No,No,No,0,62.01111111111111
9494-BDNNC,Male,No,Yes,No,66,Yes,Yes,Fiber optic,No,Yes,Yes,No,No,Yes,One year,No,Electronic check,95.3,6273.4,No,60-72,No,No,Yes,Yes,2,95.05151515151516
0080-OROZO,Female,No,No,No,35,Yes,No,Fiber optic,No,No,Yes,Yes,Yes,Yes,One year,Yes,Electronic check,99.25,3532.0,No,24-35,No,No,Yes,Yes,2,100.91428571428573
0550-DCXLH,Male,No,No,No,13,Yes,No,DSL,No,Yes,No,Yes,Yes,Yes,Month-to-month,No,Mailed check,73.35,931.55,No,12-23,No,Yes,No,No,2,71.6576923076923
7446-KQISO,Male,No,Yes,Yes,45,Yes,Yes,Fiber optic,No,Yes,Yes,Yes,Yes,Yes,Two year,Yes,Bank transfer (automatic),109.75,4900.65,No,36-47,No,No,No,Yes,1,108.90333333333332
7605-BDWDC,Female,No,No,No,31,No,No phone service,DSL,Yes,Yes,No,Yes,No,Yes,Two year,Yes,Bank transfer (automatic),49.85,1520.1,No,24-35,No,No,No,No,1,49.03548387096774
2384-OVPSA,Female,Yes,No,No,38,Yes,No,No,No internet service,No internet service,No internet service,No internet service,No internet service,No internet service,Two year,No,Mailed check,20.2,735.9,No,36-47,No,No,No,No,0,19.36578947368421
1839-FBNFR,Female,No,Yes,Yes,39,Yes,No,No,No internet service,No internet service,No internet service,No internet service,No internet service,No internet service,Two year,Yes,Bank transfer (automatic),19.85,854.8,No,36-47,No,No,No,No,0,21.91794871794872
9644-UMGQA,Male,No,Yes,Yes,6,Yes,No,DSL,Yes,No,No,No,No,No,Month-to-month,Yes,Electronic check,49.15,295.65,No,6-11,No,Yes,Yes,No,3,49.275
1624-WOIWJ,Female,No,No,No,10,Yes,No,Fiber optic,Yes,No,No,No,Yes,No,Month-to-month,Yes,Mailed check,84.7,832.05,Yes,6-11,No,Yes,No,Yes,3,83.205
5562-YJQGT,Female,No,No,No,2,Yes,No,No,No internet service,No internet service,No internet service,No internet service,No internet service,No internet service,Month-to-month,No,Credit card (automatic),20.35,35.1,No,0-5,Yes,Yes,No,No,0,17.55
5229-PRWKT,Male,No,No,No,8,Yes,Yes,Fiber optic,No,No,No,No,No,Yes,Month-to-month,Yes,Electronic check,86.55,649.65,Yes,6-11,No,Yes,Yes,Yes,4,81.20625
5562-BETPV,Male,No,Yes,Yes,1,Yes,No,No,No internet service,No internet service,No internet service,No internet service,No internet service,No internet service,One year,No,Mailed check,19.65,19.65,No,0-5,Yes,No,No,No,0,19.65
0336-KXKFK,Male,No,No,No,72,No,No phone service,DSL,Yes,No,Yes,Yes,Yes,Yes,Two year,Yes,Credit card (automatic),61.2,4390.25,No,60-72,No,No,No,No,1,60.97569444444444
2927-QRRQV,Male,No,Yes,No,46,Yes,Yes,Fiber optic,No,Yes,Yes,No,Yes,No,One year,Yes,Electronic check,94.65,4312.5,No,36-47,No,No,Yes,Yes,2,93.75
2123-VSCOT,Female,No,Yes,Yes,59,Yes,Yes,DSL,No,No,Yes,Yes,Yes,No,Two year,Yes,Bank transfer (automatic),72.1,4194.85,No,48-59,No,No,No,No,2,71.09915254237289
5482-VXSXJ,Male,No,No,No,22,Yes,No,Fiber optic,No,Yes,No,No,Yes,Yes,Month-to-month,Yes,Mailed check,93.2,2157.3,No,12-23,No,Yes,No,Yes,3,98.05909090909093
0991-BRRFB,Male,No,No,No,18,Yes,No,DSL,Yes,No,No,No,No,No,Month-to-month,No,Electronic check,49.4,874.8,Yes,12-23,No,Yes,Yes,No,3,48.6
2606-PKWJB,Male,No,No,Yes,40,No,No phone service,DSL,Yes,Yes,No,Yes,No,No,One year,No,Mailed check,40.25,1564.05,No,36-47,No,No,No,No,1,39.10125
4301-VVZKA,Male,No,Yes,No,16,Yes,Yes,Fiber optic,No,No,No,No,No,No,Month-to-month,Yes,Electronic check,75.4,1189.4,No,12-23,No,Yes,Yes,Yes,4,74.3375
9938-TKDGL,Male,No,Yes,Yes,68,Yes,No,Fiber optic,Yes,No,No,Yes,Yes,Yes,Two year,Yes,Electronic check,99.55,6668.0,No,60-72,No,No,Yes,Yes,2,98.05882352941175
3957-HHLMR,Female,No,Yes,Yes,70,Yes,Yes,DSL,Yes,No,No,No,No,Yes,One year,No,Bank transfer (automatic),65.2,4543.15,No,60-72,No,No,No,No,3,64.90214285714285
0302-JOIVN,Female,No,Yes,No,8,Yes,No,Fiber optic,No,Yes,Yes,No,Yes,Yes,Month-to-month,No,Electronic check,101.15,842.9,Yes,6-11,No,Yes,Yes,Yes,2,105.3625
4011-ARPHK,Male,No,No,No,27,Yes,No,DSL,Yes,No,No,No,No,No,Month-to-month,No,Mailed check,50.35,1411.35,No,24-35,No,Yes,No,No,3,52.27222222222222
1347-KTTTA,Male,No,Yes,No,64,Yes,No,Fiber optic,No,Yes,Yes,Yes,Yes,Yes,One year,Yes,Credit card (automatic),102.45,6654.1,No,60-72,No,No,No,Yes,1,103.9703125
4806-DXQCE,Female,Yes,Yes,No,70,Yes,Yes,Fiber optic,Yes,Yes,Yes,Yes,Yes,Yes,Two year,Yes,Electronic check,113.65,7714.65,No,60-72,No,No,Yes,Yes,0,110.20928571428573
2937-FTHUR,Female,No,No,Yes,18,Yes,Yes,DSL,Yes,No,No,No,No,Yes,Month-to-month,No,Electronic check,64.8,1166.7,No,12-23,No,Yes,Yes,No,3,64.81666666666666
1867-TJHTS,Female,No,No,No,58,Yes,Yes,Fiber optic,Yes,No,No,No,No,No,Month-to-month,Yes,Bank transfer (automatic),79.8,4526.85,No,48-59,No,Yes,No,Yes,3,78.0491379310345
3387-PLKUI,Female,No,Yes,Yes,13,Yes,No,No,No internet service,No internet service,No internet service,No internet service,No internet service,No internet service,Month-to-month,No,Mailed check,18.8,251.25,No,12-23,No,Yes,No,No,0,19.32692307692308
8496-DMZUK,Male,No,No,No,30,Yes,Yes,Fiber optic,Yes,Yes,Yes,No,No,No,One year,No,Bank transfer (automatic),90.4,2820.65,No,24-35,No,No,No,Yes,1,94.02166666666668
2135-RXIHG,Male,No,No,No,1,Yes,No,DSL,No,No,No,No,No,No,Month-to-month,Yes,Electronic check,45.65,45.65,Yes,0-5,Yes,Yes,Yes,No,4,45.65
6198-PNNSZ,Female,No,Yes,No,56,Yes,Yes,Fiber optic,Yes,Yes,Yes,No,Yes,Yes,One year,No,Bank transfer (automatic),109.8,6109.65,No,48-59,No,No,No,Yes,1,109.10089285714284
0595-ITUDF,Male,No,Yes,Yes,64,Yes,Yes,Fiber optic,Yes,Yes,Yes,No,No,No,Month-to-month,Yes,Electronic check,91.8,5960.5,No,60-72,No,Yes,Yes,Yes,1,93.1328125
3043-TYBNO,Male,No,No,No,3,Yes,No,DSL,No,No,No,Yes,No,Yes,Month-to-month,No,Mailed check,60.65,196.9,No,0-5,Yes,Yes,No,No,3,65.63333333333334
5600-PDUJF,Male,No,No,No,6,Yes,No,DSL,No,No,No,Yes,No,No,Month-to-month,Yes,Credit card (automatic),49.5,312.7,No,6-11,No,Yes,No,No,3,52.11666666666667
0795-XCCTE,Male,Yes,No,No,72,Yes,Yes,No,No internet service,No internet service,No internet service,No internet service,No internet service,No internet service,Two year,No,Bank transfer (automatic),25.4,1809.35,No,60-72,No,No,No,No,0,25.12986111111111
8035-PWSEV,Female,No,No,No,6,Yes,No,Fiber optic,No,No,Yes,Yes,No,Yes,Month-to-month,Yes,Electronic check,89.25,487.05,No,6-11,No,Yes,Yes,Yes,2,81.175
2434-EEVDB,Female,No,Yes,No,64,Yes,Yes,Fiber optic,Yes,No,Yes,No,Yes,No,Two year,Yes,Credit card (automatic),94.6,5948.7,No,60-72,No,No,No,Yes,2,92.9484375
5897-ZYEKH,Female,Yes,Yes,No,67,Yes,Yes,Fiber optic,Yes,Yes,No,No,Yes,Yes,One year,Yes,Electronic check,105.6,7112.15,No,60-72,No,No,Yes,Yes,2,106.15149253731344
3518-FSTWG,Male,Yes,Yes,No,72,Yes,Yes,Fiber optic,Yes,Yes,Yes,No,Yes,Yes,Two year,Yes,Bank transfer (automatic),109.55,7920.7,No,60-72,No,No,No,Yes,1,110.00972222222222
2717-HVIZY,Female,No,No,Yes,8,Yes,No,No,No internet service,No internet service,No internet service,No internet service,No internet service,No internet service,Month-to-month,No,Mailed check,20.05,163.6,No,6-11,No,Yes,No,No,0,20.45
5542-NKVRU,Female,No,No,No,42,Yes,No,No,No internet service,No internet service,No internet service,No internet service,No internet service,No internet service,Two year,Yes,Bank transfer (automatic),20.75,844.45,No,36-47,No,No,No,No,0,20.10595238095238
9822-WMWVG,Female,No,No,No,41,Yes,Yes,Fiber optic,Yes,Yes,Yes,Yes,Yes,No,Month-to-month,Yes,Electronic check,106.5,4282.4,No,36-47,No,Yes,Yes,Yes,0,104.44878048780488
7593-JNWRU,Male,No,Yes,Yes,6,Yes,No,DSL,No,No,No,No,No,No,Month-to-month,Yes,Bank transfer (automatic),44.6,260.8,Yes,6-11,No,Yes,No,No,4,43.46666666666667
9702-AIUJO,Male,No,Yes,Yes,50,Yes,No,DSL,No,No,No,No,No,No,One year,Yes,Bank transfer (automatic),44.8,2230.85,No,48-59,No,No,No,No,4,44.617
3301-LSLWQ,Female,No,No,No,29,Yes,Yes,DSL,Yes,No,No,No,No,Yes,Month-to-month,Yes,Electronic check,66.1,1912.15,No,24-35,No,Yes,Yes,No,3,65.93620689655172
6705-LNMDD,Male,No,No,No,20,Yes,No,DSL,No,No,No,Yes,No,No,Month-to-month,No,Mailed check,50.0,1003.05,No,12-23,No,Yes,No,No,3,50.1525
7823-JSOAG,Male,No,No,No,3,Yes,Yes,Fiber optic,No,No,No,No,No,No,Month-to-month,No,Electronic check,74.5,217.45,No,0-5,Yes,Yes,Yes,Yes,4,72.48333333333333
3838-OZURD,Male,No,Yes,No,66,Yes,Yes,Fiber optic,No,Yes,Yes,No,Yes,Yes,Month-to-month,Yes,Credit card (automatic),105.0,7133.25,Yes,60-72,No,Yes,No,Yes,2,108.07954545454544
2773-MADBQ,Female,No,No,No,36,No,No phone service,DSL,Yes,Yes,Yes,Yes,No,Yes,Two year,Yes,Mailed check,53.1,1901.25,No,36-47,No,No,No,No,0,52.8125
6778-EICRF,Male,No,Yes,Yes,24,Yes,Yes,DSL,Yes,No,No,No,Yes,Yes,One year,No,Mailed check,74.8,1821.2,No,24-35,No,No,No,No,3,75.88333333333334
2845-KDHVX,Female,No,Yes,No,64,Yes,No,DSL,No,Yes,Yes,Yes,No,Yes,Two year,Yes,Mailed check,68.3,4378.8,No,60-72,No,No,No,No,1,68.41875
8883-GRDWQ,Male,Yes,No,No,20,Yes,No,DSL,Yes,No,No,Yes,No,No,One year,No,Mailed check,54.0,1055.9,No,12-23,No,No,No,No,2,52.795
3804-RVTGV,Male,No,Yes,Yes,50,Yes,Yes,Fiber optic,No,Yes,Yes,No,Yes,Yes,Month-to-month,Yes,Bank transfer (automatic),103.85,5017.9,Yes,48-59,No,Yes,No,Yes,2,100.358
4837-PZTIC,Female,No,No,No,47,No,No phone service,DSL,Yes,No,Yes,Yes,No,No,Two year,No,Mailed check,41.9,1875.25,No,36-47,No,No,No,No,1,39.89893617021277
6778-JFCMK,Male,No,No,No,24,No,No phone service,DSL,Yes,No,No,No,Yes,Yes,One year,Yes,Mailed check,50.6,1288.75,No,24-35,No,No,No,No,3,53.69791666666666
5832-XKAES,Male,No,No,No,2,Yes,No,Fiber optic,No,No,No,No,No,No,Month-to-month,Yes,Credit card (automatic),69.8,134.7,Yes,0-5,Yes,Yes,No,Yes,4,67.35
8450-JOVAH,Male,No,Yes,Yes,2,Yes,Yes,DSL,Yes,No,No,No,No,No,Month-to-month,No,Mailed check,56.7,113.55,Yes,0-5,Yes,Yes,No,No,3,56.775
0468-YRPXN,Male,No,No,No,29,Yes,No,Fiber optic,No,No,Yes,Yes,Yes,Yes,Month-to-month,Yes,Credit card (automatic),98.8,2807.1,No,24-35,No,Yes,No,Yes,2,96.79655172413791
8672-OAUPW,Male,No,No,Yes,51,Yes,No,DSL,No,No,No,Yes,No,No,One year,No,Credit card (automatic),47.85,2356.75,No,48-59,No,No,No,No,3,46.21078431372549
8610-WFCJF,Female,No,Yes,Yes,49,Yes,Yes,Fiber optic,No,No,No,No,Yes,Yes,Month-to-month,Yes,Electronic check,95.6,4783.5,Yes,48-59,No,Yes,Yes,Yes,4,97.62244897959184
2832-KJCRD,Female,No,No,No,38,Yes,Yes,Fiber optic,No,No,Yes,Yes,Yes,Yes,Month-to-month,Yes,Electronic check,103.65,3988.5,No,36-47,No,Yes,Yes,Yes,2,104.96052631578948
2523-EWWZL,Female,No,Yes,No,27,Yes,No,Fiber optic,No,Yes,No,No,No,No,Month-to-month,Yes,Electronic check,76.1,2093.4,No,24-35,No,Yes,Yes,Yes,3,77.53333333333333
3580-GICBM,Female,No,Yes,Yes,61,Yes,Yes,No,No internet service,No internet service,No internet service,No internet service,No internet service,No internet service,Two year,Yes,Mailed check,24.2,1445.2,No,60-72,No,No,No,No,0,23.691803278688525
0257-ZESQC,Female,Yes,Yes,No,27,Yes,No,Fiber optic,Yes,No,No,No,No,No,Month-to-month,Yes,Bank transfer (automatic),75.2,1929.35,Yes,24-35,No,Yes,No,Yes,3,71.4574074074074
9776-OJUZI,Female,Yes,No,No,65,Yes,Yes,Fiber optic,No,Yes,Yes,No,Yes,No,Month-to-month,Yes,Bank transfer (automatic),95.45,6223.3,No,60-72,No,Yes,No,Yes,2,95.74307692307691
0607-DAAHE,Male,No,No,Yes,53,Yes,No,No,No internet service,No internet service,No internet service,No internet service,No internet service,No internet service,Two year,No,Bank transfer (automatic),19.75,1052.35,Yes,48-59,No,No,No,No,0,19.85566037735849
7854-FOKSF,Male,No,No,No,1,No,No phone service,DSL,No,No,No,No,No,Yes,Month-to-month,No,Electronic check,35.9,35.9,Yes,0-5,Yes,Yes,Yes,No,4,35.9
0121-SNYRK,Male,No,No,No,50,No,No phone service,DSL,Yes,No,No,Yes,No,No,One year,Yes,Mailed check,35.4,1748.9,No,48-59,No,No,No,No,2,34.978
2189-WWOEW,Female,No,No,Yes,15,Yes,No,Fiber optic,No,Yes,No,No,No,Yes,Month-to-month,Yes,Bank transfer (automatic),85.9,1269.55,Yes,12-23,No,Yes,No,Yes,3,84.63666666666667
6341-AEVKX,Female,No,Yes,No,62,Yes,No,Fiber optic,Yes,No,Yes,Yes,Yes,Yes,One year,Yes,Electronic check,104.3,6613.65,No,60-72,No,No,Yes,Yes,1,106.6717741935484
4143-HHPMK,Male,No,No,No,52,Yes,No,Fiber optic,No,Yes,No,No,No,Yes,Month-to-month,Yes,Electronic check,85.35,4338.6,Yes,48-59,No,Yes,Yes,Yes,3,83.4346153846154
1209-VFFOC,Male,No,Yes,Yes,68,No,No phone service,DSL,Yes,Yes,Yes,Yes,No,Yes,Two year,Yes,Mailed check,56.4,3948.45,No,60-72,No,No,No,No,0,58.065441176470586
0224-HJAPT,Male,No,No,No,5,Yes,Yes,DSL,No,No,No,No,No,No,Month-to-month,No,Electronic check,47.15,223.15,Yes,0-5,No,Yes,Yes,No,4,44.63
4049-ZPALD,Female,No,Yes,No,64,Yes,No,Fiber optic,Yes,No,Yes,No,Yes,Yes,Two year,Yes,Bank transfer (automatic),99.0,6375.8,No,60-72,No,No,No,Yes,2,99.621875
7305-ZWMAJ,Male,No,Yes,No,30,Yes,No,No,No internet service,No internet service,No internet service,No internet service,No internet service,No internet service,One year,No,Credit card (automatic),20.7,587.1,No,24-35,No,No,No,No,0,19.57
5376-PCKNB,Male,No,Yes,Yes,72,Yes,Yes,Fiber optic,No,Yes,Yes,No,Yes,Yes,One year,Yes,Credit card (automatic),104.45,7459.0,No,60-72,No,No,No,Yes,2,103.59722222222224
0455-XFASS,Female,No,Yes,Yes,3,Yes,No,Fiber optic,No,No,No,No,No,No,Month-to-month,Yes,Electronic check,69.55,200.2,No,0-5,Yes,Yes,Yes,Yes,4,66.73333333333333
6029-CSMJE,Male,No,No,No,17,No,No phone service,DSL,No,No,No,No,No,No,Month-to-month,Yes,Mailed check,25.65,440.2,No,12-23,No,Yes,No,No,4,25.894117647058824
2833-SLKDQ,Male,No,No,No,1,Yes,No,DSL,No,No,No,No,No,No,Month-to-month,No,Mailed check,45.05,45.05,Yes,0-5,Yes,Yes,No,No,4,45.05
5219-YIPTK,Female,No,Yes,No,33,Yes,Yes,Fiber optic,No,Yes,Yes,No,Yes,Yes,Month-to-month,Yes,Electronic check,104.4,3409.6,Yes,24-35,No,Yes,Yes,Yes,2,103.32121212121211
4174-LPGTI,Female,No,Yes,Yes,41,Yes,No,DSL,No,Yes,No,Yes,No,Yes,One year,Yes,Bank transfer (automatic),66.5,2728.6,Yes,36-47,No,No,No,No,2,66.55121951219512
1599-EAHXY,Male,No,Yes,Yes,60,Yes,Yes,No,No internet service,No internet service,No internet service,No internet service,No internet service,No internet service,One year,No,Credit card (automatic),23.95,1506.4,No,60-72,No,No,No,No,0,25.10666666666667
3070-FNFZQ,Female,No,Yes,Yes,23,Yes,No,No,No internet service,No internet service,No internet service,No internet service,No internet service,No internet service,Two year,No,Bank transfer (automatic),20.4,478.75,No,12-23,No,No,No,No,0,20.815217391304348
7341-LXCAF,Male,No,Yes,No,4,Yes,Yes,Fiber optic,No,No,No,No,No,No,Month-to-month,Yes,Electronic check,74.65,301.4,Yes,0-5,No,Yes,Yes,Yes,4,75.35
4854-CIDCF,Female,Yes,No,No,3,Yes,No,Fiber optic,No,No,Yes,No,No,No,Month-to-month,No,Electronic check,73.85,196.4,No,0-5,Yes,Yes,Yes,Yes,3,65.46666666666667
9821-POOTN,Male,No,Yes,No,35,Yes,Yes,Fiber optic,No,No,No,No,No,No,Month-to-month,Yes,Electronic check,75.2,2576.2,Yes,24-35,No,Yes,Yes,Yes,4,73.60571428571428
8189-XRIKE,Female,Yes,No,No,32,Yes,No,Fiber optic,No,No,No,No,Yes,Yes,Month-to-month,No,Electronic check,90.95,2897.95,No,24-35,No,Yes,Yes,Yes,4,90.5609375
9700-ZCLOT,Male,No,No,No,2,Yes,No,No,No internet service,No internet service,No internet service,No internet service,No internet service,No internet service,Month-to-month,No,Mailed check,20.0,32.7,No,0-5,Yes,Yes,No,No,0,16.35
4584-LBNMK,Male,Yes,Yes,No,45,Yes,Yes,No,No internet service,No internet service,No internet service,No internet service,No internet service,No internet service,One year,No,Credit card (automatic),24.7,1174.35,No,36-47,No,No,No,No,0,26.096666666666664
4936-YPJNK,Female,No,No,No,10,Yes,No,No,No internet service,No internet service,No internet service,No internet service,No internet service,No internet service,Month-to-month,Yes,Mailed check,19.9,199.45,No,6-11,No,Yes,No,No,0,19.945
6366-ZGQGL,Male,No,No,No,1,No,No phone service,DSL,No,No,No,No,No,No,Month-to-month,No,Bank transfer (automatic),24.8,24.8,Yes,0-5,Yes,Yes,No,No,4,24.8
3981-QSVQI,Male,No,No,No,8,Yes,No,No,No internet service,No internet service,No internet service,No internet service,No internet service,No internet service,Month-to-month,Yes,Bank transfer (automatic),19.7,168.9,No,6-11,No,Yes,No,No,0,21.1125
7608-RGIRO,Male,No,No,Yes,62,Yes,Yes,No,No internet service,No internet service,No internet service,No internet service,No internet service,No internet service,Two year,Yes,Mailed check,24.4,1413.0,No,60-72,No,No,No,No,0,22.79032258064516
2038-OEQZH,Male,No,No,No,4,Yes,No,Fiber optic,No,No,Yes,No,No,Yes,Month-to-month,No,Electronic check,86.05,308.1,No,0-5,No,Yes,Yes,Yes,3,77.025
5233-GEEAX,Male,Yes,No,No,8,No,No phone service,DSL,No,No,Yes,No,No,No,Month-to-month,Yes,Electronic check,29.4,221.9,Yes,6-11,No,Yes,Yes,No,3,27.7375
5385-SUIRI,Male,Yes,Yes,No,52,Yes,Yes,Fiber optic,Yes,No,Yes,No,Yes,Yes,Month-to-month,Yes,Electronic check,104.2,5568.35,Yes,48-59,No,Yes,Yes,Yes,2,107.08365384615384
1704-NRWYE,Female,Yes,No,No,9,Yes,No,Fiber optic,No,No,No,No,Yes,No,Month-to-month,Yes,Electronic check,80.85,751.65,Yes,6-11,No,Yes,Yes,Yes,4,83.51666666666667
3002-WQZWT,Female,No,No,No,29,Yes,Yes,Fiber optic,No,No,No,No,No,No,Month-to-month,Yes,Electronic check,74.2,1993.25,No,24-35,No,Yes,Yes,Yes,4,68.73275862068965
2931-XIQBR,Female,No,Yes,Yes,50,Yes,No,Fiber optic,No,No,Yes,Yes,Yes,Yes,One year,No,Mailed check,103.05,5153.5,No,48-59,No,No,No,Yes,2,103.07
3011-WQKSZ,Male,No,No,Yes,19,Yes,No,No,No internet service,No internet service,No internet service,No internet service,No internet service,No internet service,Month-to-month,Yes,Electronic check,20.0,377.55,No,12-23,No,Yes,Yes,No,0,19.871052631578948
2607-DHDAK,Male,No,Yes,Yes,72,Yes,No,No,No internet service,No internet service,No internet service,No internet service,No internet service,No internet service,Two year,Yes,Credit card (automatic),19.8,1414.65,No,60-72,No,No,No,No,0,19.647916666666667
8624-GIOUT,Female,No,No,No,49,Yes,Yes,DSL,Yes,Yes,No,No,No,No,Month-to-month,Yes,Credit card (automatic),59.75,2934.3,Yes,48-59,No,Yes,No,No,2,59.88367346938776
3211-AAPKX,Male,No,No,No,20,Yes,Yes,Fiber optic,No,No,No,Yes,Yes,Yes,Month-to-month,Yes,Mailed check,98.55,2031.95,No,12-23,No,Yes,No,Yes,3,101.5975
3707-GNWHM,Male,No,No,No,1,Yes,Yes,Fiber optic,No,No,No,No,No,No,Month-to-month,Yes,Mailed check,74.25,74.25,Yes,0-5,Yes,Yes,No,Yes,4,74.25
7094-MSZAO,Male,No,Yes,Yes,10,Yes,No,No,No internet service,No internet service,No internet service,No internet service,No internet service,No internet service,Month-to-month,Yes,Credit card (automatic),20.05,218.5,No,6-11,No,Yes,No,No,0,21.85
6108-OQZDQ,Female,No,Yes,Yes,4,Yes,Yes,Fiber optic,No,Yes,No,No,Yes,Yes,Month-to-month,Yes,Electronic check,97.95,384.5,Yes,0-5,No,Yes,Yes,Yes,3,96.125
4685-TFLLS,Male,No,Yes,Yes,18,Yes,No,No,No internet service,No internet service,No internet service,No internet service,No internet service,No internet service,One year,No,Bank transfer (automatic),19.8,342.3,No,12-23,No,No,No,No,0,19.016666666666666
8550-XSXUQ,Male,No,Yes,No,48,Yes,Yes,DSL,No,Yes,Yes,No,No,Yes,One year,Yes,Credit card (automatic),70.55,3420.5,No,48-59,No,No,No,No,2,71.26041666666667
6161-ERDGD,Male,No,Yes,Yes,71,Yes,Yes,DSL,Yes,No,Yes,Yes,Yes,Yes,One year,No,Electronic check,85.45,6300.85,No,60-72,No,No,Yes,No,1,88.7443661971831
6615-NGGZJ,Male,No,No,No,14,Yes,Yes,Fiber optic,No,Yes,No,No,Yes,Yes,Month-to-month,Yes,Electronic check,100.55,1415.55,Yes,12-23,No,Yes,Yes,Yes,3,101.11071428571428
7711-GQBZC,Female,No,Yes,Yes,71,Yes,Yes,No,No internet service,No internet service,No internet service,No internet service,No internet service,No internet service,Two year,No,Bank transfer (automatic),24.7,1810.55,No,60-72,No,No,No,No,0,25.500704225352116
4971-PUYQO,Female,No,No,No,27,Yes,Yes,Fiber optic,No,No,No,No,Yes,Yes,Month-to-month,Yes,Mailed check,94.55,2724.6,Yes,24-35,No,Yes,No,Yes,4,100.91111111111113
4439-JMPMT,Female,No,Yes,Yes,5,Yes,No,Fiber optic,No,No,No,Yes,Yes,No,Month-to-month,Yes,Electronic check,85.75,470.95,Yes,0-5,No,Yes,Yes,Yes,3,94.19
5110-CHOPY,Female,No,No,No,60,No,No phone service,DSL,Yes,No,Yes,No,Yes,Yes,Two year,No,Electronic check,53.6,3237.05,No,60-72,No,No,Yes,No,2,53.950833333333335
8591-NXRCV,Female,No,No,No,41,Yes,Yes,DSL,Yes,No,Yes,Yes,No,Yes,Month-to-month,Yes,Bank transfer (automatic),74.65,3090.65,No,36-47,No,Yes,No,No,1,75.38170731707318
4912-PIGUY,Female,No,No,No,1,Yes,Yes,Fiber optic,No,No,No,No,Yes,No,Month-to-month,Yes,Electronic check,84.6,84.6,No,0-5,Yes,Yes,Yes,Yes,4,84.6
5278-PNYOX,Female,No,No,No,49,Yes,No,Fiber optic,No,No,Yes,Yes,Yes,Yes,Two year,No,Credit card (automatic),100.65,4917.75,No,48-59,No,No,No,Yes,2,100.3622448979592
0856-NAOES,Male,No,No,No,6,Yes,No,DSL,No,No,Yes,No,Yes,No,Month-to-month,No,Mailed check,60.9,414.1,No,6-11,No,Yes,No,No,3,69.01666666666667
3458-IDMFK,Male,No,No,No,25,Yes,No,No,No internet service,No internet service,No internet service,No internet service,No internet service,No internet service,Two year,Yes,Mailed check,20.75,499.4,No,24-35,No,No,No,No,0,19.976
3902-FOIGH,Male,Yes,Yes,No,12,Yes,Yes,Fiber optic,No,Yes,No,No,Yes,Yes,Month-to-month,Yes,Electronic check,101.35,1218.55,Yes,12-23,No,Yes,Yes,Yes,3,101.54583333333332
6047-SUHPR,Male,No,Yes,Yes,39,Yes,No,DSL,Yes,Yes,Yes,No,No,No,One year,No,Electronic check,59.8,2343.85,No,36-47,No,No,Yes,No,1,60.09871794871795
8774-GSBUN,Male,No,Yes,No,72,Yes,Yes,No,No internet service,No internet service,No internet service,No internet service,No internet service,No internet service,Two year,No,Mailed check,25.4,1797.1,No,60-72,No,No,No,No,0,24.959722222222226
0484-FFVBJ,Male,No,No,No,32,Yes,No,DSL,No,No,No,No,Yes,Yes,One year,Yes,Bank transfer (automatic),64.85,2010.95,No,24-35,No,No,No,No,4,62.8421875
4514-GFCFI,Female,Yes,No,No,16,Yes,Yes,Fiber optic,No,No,No,No,Yes,No,Month-to-month,Yes,Electronic check,84.75,1350.15,Yes,12-23,No,Yes,Yes,Yes,4,84.384375
4690-PKDQG,Female,Yes,Yes,No,42,Yes,Yes,Fiber optic,No,Yes,Yes,No,Yes,No,Month-to-month,Yes,Electronic check,95.55,3930.6,No,36-47,No,Yes,Yes,Yes,2,93.58571428571427
2372-HWUHI,Male,No,No,No,2,Yes,No,DSL,No,No,No,No,No,No,Month-to-month,No,Electronic check,44.35,81.25,Yes,0-5,Yes,Yes,Yes,No,4,40.625
3845-JHAMY,Female,No,Yes,Yes,16,No,No phone service,DSL,No,No,No,No,No,Yes,Month-to-month,Yes,Credit card (automatic),35.5,552.7,No,12-23,No,Yes,No,No,4,34.54375
8276-MQBYC,Male,Yes,No,No,51,Yes,Yes,Fiber optic,No,No,Yes,No,Yes,Yes,Month-to-month,Yes,Electronic check,97.8,4913.3,Yes,48-59,No,Yes,Yes,Yes,3,96.33921568627451
5054-IEXZT,Male,No,No,Yes,1,Yes,No,Fiber optic,No,Yes,No,No,No,No,Month-to-month,Yes,Electronic check,75.35,75.35,Yes,0-5,Yes,Yes,Yes,Yes,3,75.35
9470-XCCEM,Male,No,Yes,Yes,35,Yes,Yes,Fiber optic,No,Yes,No,No,Yes,No,Month-to-month,Yes,Bank transfer (automatic),89.65,3161.6,No,24-35,No,Yes,No,Yes,3,90.33142857142856
5707-ZMDJP,Male,No,Yes,Yes,53,Yes,No,DSL,Yes,Yes,No,Yes,Yes,No,Two year,Yes,Mailed check,69.7,3729.6,No,48-59,No,No,No,No,1,70.36981132075472
8006-PYCSW,Female,No,No,No,2,Yes,No,No,No internet service,No internet service,No internet service,No internet service,No internet service,No internet service,Month-to-month,No,Mailed check,20.1,39.8,No,0-5,Yes,Yes,No,No,0,19.9
6087-YPWHO,Male,No,Yes,No,72,Yes,Yes,DSL,Yes,Yes,Yes,Yes,No,No,Two year,No,Mailed check,68.15,4808.7,No,60-72,No,No,No,No,0,66.7875
3489-HHPFY,Female,No,Yes,No,2,Yes,Yes,Fiber optic,No,No,No,No,Yes,No,Month-to-month,Yes,Electronic check,84.05,134.05,No,0-5,Yes,Yes,Yes,Yes,4,67.025
6435-VWCCY,Male,Yes,Yes,No,65,Yes,Yes,Fiber optic,Yes,Yes,No,No,Yes,No,Two year,Yes,Credit card (automatic),92.7,5968.4,No,60-72,No,No,No,Yes,2,91.82153846153844
6961-VCPMC,Male,Yes,Yes,No,46,Yes,No,Fiber optic,No,No,No,No,No,Yes,Month-to-month,Yes,Electronic check,80.4,3605.2,Yes,36-47,No,Yes,Yes,Yes,4,78.37391304347825
8178-EYZUO,Male,No,No,No,46,Yes,Yes,Fiber optic,Yes,Yes,No,No,No,Yes,Month-to-month,Yes,Electronic check,93.7,4154.8,Yes,36-47,No,Yes,Yes,Yes,2,90.3217391304348
9750-BOOHV,Female,No,No,No,32,No,No phone service,DSL,Yes,No,No,No,No,No,One year,No,Mailed check,30.15,927.65,No,24-35,No,No,No,No,3,28.9890625
9993-LHIEB,Male,No,Yes,Yes,67,Yes,No,DSL,Yes,No,Yes,Yes,No,Yes,Two year,No,Mailed check,67.85,4627.65,No,60-72,No,No,No,No,1,69.06940298507462
5789-LDFXO,Male,No,No,No,24,Yes,Yes,No,No internet service,No internet service,No internet service,No internet service,No internet service,No internet service,One year,No,Electronic check,24.6,592.65,No,24-35,No,No,Yes,No,0,24.69375
1564-HJUVY,Male,No,No,No,4,Yes,No,DSL,No,Yes,No,Yes,Yes,No,Month-to-month,Yes,Bank transfer (automatic),63.75,226.2,No,0-5,No,Yes,No,No,2,56.55
5680-LQOGP,Female,No,No,No,68,Yes,No,DSL,Yes,Yes,Yes,Yes,Yes,Yes,Two year,Yes,Credit card (automatic),82.45,5646.6,No,60-72,No,No,No,No,0,83.03823529411765
3537-HPKQT,Female,No,Yes,No,55,Yes,Yes,Fiber optic,No,Yes,No,No,No,No,Month-to-month,Yes,Credit card (automatic),77.75,4266.4,No,48-59,No,Yes,No,Yes,3,77.57090909090908
3441-CGZJH,Female,No,Yes,Yes,43,No,No phone service,DSL,Yes,No,Yes,Yes,Yes,Yes,One year,Yes,Credit card (automatic),60.4,2640.55,No,36-47,No,No,No,No,1,61.40813953488372
0734-OXWBT,Male,No,No,Yes,3,Yes,No,DSL,No,No,No,Yes,Yes,Yes,Month-to-month,No,Mailed check,70.7,225.65,No,0-5,Yes,Yes,No,No,3,75.21666666666667
6905-NIQIN,Male,No,No,No,1,Yes,No,DSL,No,Yes,No,No,No,No,Month-to-month,No,Mailed check,50.65,50.65,Yes,0-5,Yes,Yes,No,No,3,50.65
2842-JTCCU,Male,No,No,No,2,Yes,No,DSL,No,No,No,No,No,No,Month-to-month,No,Bank transfer (automatic),46.05,80.35,Yes,0-5,Yes,Yes,No,No,4,40.175
2550-AEVRU,Female,No,Yes,Yes,57,Yes,No,DSL,Yes,Yes,No,No,No,No,One year,No,Electronic check,53.45,3053.0,No,48-59,No,No,Yes,No,2,53.56140350877193
9600-NAXZN,Male,No,No,No,43,Yes,Yes,Fiber optic,No,Yes,No,No,Yes,Yes,Month-to-month,Yes,Electronic check,101.4,4528.0,Yes,36-47,No,Yes,Yes,Yes,3,105.30232558139537
2959-EEXWB,Female,No,Yes,Yes,45,No,No phone service,DSL,Yes,No,No,No,Yes,Yes,Month-to-month,Yes,Bank transfer (automatic),50.9,2333.85,No,36-47,No,Yes,No,No,3,51.86333333333333
1043-UXOVO,Female,No,No,No,71,Yes,Yes,Fiber optic,Yes,Yes,Yes,Yes,Yes,Yes,Two year,Yes,Credit card (automatic),113.15,7993.3,No,60-72,No,No,No,Yes,0,112.58169014084508
4132-POCZS,Male,No,Yes,No,52,No,No phone service,DSL,Yes,No,No,No,No,Yes,Month-to-month,Yes,Electronic check,39.9,2020.9,No,48-59,No,Yes,Yes,No,3,38.86346153846154
2995-YWTCD,Female,No,Yes,Yes,19,Yes,Yes,No,No internet service,No internet service,No internet service,No internet service,No internet service,No internet service,Two year,Yes,Bank transfer (automatic),24.9,467.7,No,12-23,No,No,No,No,0,24.61578947368421
6184-DYUOB,Female,No,Yes,No,3,Yes,No,No,No internet service,No internet service,No internet service,No internet service,No internet service,No internet service,Month-to-month,Yes,Mailed check,19.6,55.25,No,0-5,Yes,Yes,No,No,0,18.416666666666668
8414-MYSHR,Male,Yes,No,No,5,Yes,No,Fiber optic,No,No,No,No,Yes,Yes,Month-to-month,Yes,Electronic check,91.4,449.75,Yes,0-5,No,Yes,Yes,Yes,4,89.95
6917-IAYHD,Male,No,No,Yes,1,No,No phone service,DSL,No,Yes,No,Yes,No,No,Month-to-month,No,Mailed check,33.6,33.6,No,0-5,Yes,Yes,No,No,2,33.6
5275-PMFUT,Male,No,Yes,Yes,72,No,No phone service,DSL,Yes,Yes,Yes,Yes,Yes,Yes,Two year,Yes,Credit card (automatic),64.8,4719.75,No,60-72,No,No,No,No,0,65.55208333333333
3815-SLMEF,Female,No,No,No,3,No,No phone service,DSL,Yes,No,No,Yes,No,No,Month-to-month,No,Mailed check,34.25,139.35,Yes,0-5,Yes,Yes,No,No,2,46.45
0439-IFYUN,Female,Yes,No,No,18,Yes,No,Fiber optic,No,Yes,No,No,No,No,Month-to-month,Yes,Electronic check,74.7,1294.6,No,12-23,No,Yes,Yes,Yes,3,71.92222222222222
9174-IHETN,Female,No,No,Yes,50,Yes,No,Fiber optic,No,No,No,No,No,No,Two year,No,Credit card (automatic),70.35,3533.6,No,48-59,No,No,No,Yes,4,70.672
3914-FDRHP,Male,No,No,No,9,Yes,No,Fiber optic,No,No,No,Yes,Yes,No,Month-to-month,No,Electronic check,86.25,770.5,No,6-11,No,Yes,Yes,Yes,3,85.61111111111111
7869-ZYDST,Male,No,Yes,No,31,Yes,Yes,DSL,No,No,No,No,Yes,No,Month-to-month,Yes,Credit card (automatic),59.05,1882.8,No,24-35,No,Yes,No,No,4,60.73548387096774
1142-IHLOO,Female,No,No,No,51,Yes,No,Fiber optic,No,No,No,No,Yes,Yes,One year,No,Credit card (automatic),87.55,4475.9,No,48-59,No,No,No,Yes,4,87.7627450980392
4939-KYYPY,Male,No,No,No,27,Yes,Yes,DSL,No,No,Yes,Yes,No,No,Month-to-month,No,Electronic check,59.45,1611.65,No,24-35,No,Yes,Yes,No,2,59.69074074074074
7746-QYVCO,Male,No,Yes,Yes,16,Yes,No,DSL,Yes,Yes,No,No,No,No,One year,Yes,Mailed check,55.85,857.8,No,12-23,No,No,No,No,2,53.6125
2789-HQBOU,Male,No,No,No,3,Yes,No,Fiber optic,No,No,No,No,No,Yes,Month-to-month,Yes,Electronic check,80.35,253.8,No,0-5,Yes,Yes,Yes,Yes,4,84.60000000000001
6215-NQCPY,Male,No,No,No,15,Yes,Yes,Fiber optic,Yes,No,No,No,Yes,Yes,Month-to-month,Yes,Electronic check,99.7,1566.75,No,12-23,No,Yes,Yes,Yes,3,104.45
3084-DOWLE,Female,No,Yes,No,72,Yes,Yes,DSL,Yes,Yes,Yes,Yes,Yes,Yes,Two year,No,Bank transfer (automatic),92.0,6474.4,No,60-72,No,No,No,No,0,89.92222222222222
2672-DZUOY,Male,No,No,No,1,No,No phone service,DSL,No,No,No,No,No,No,Month-to-month,Yes,Electronic check,25.15,25.15,Yes,0-5,Yes,Yes,Yes,No,4,25.15
6296-DDOOR,Female,No,No,No,19,Yes,No,DSL,No,Yes,No,No,Yes,No,One year,No,Electronic check,58.2,1045.25,No,12-23,No,No,Yes,No,3,55.01315789473684
9948-YPTDG,Male,No,Yes,No,38,Yes,No,Fiber optic,Yes,Yes,No,No,No,No,Month-to-month,Yes,Electronic check,79.45,3013.05,Yes,36-47,No,Yes,Yes,Yes,2,79.29078947368421
9565-FLVCG,Male,No,Yes,Yes,65,Yes,Yes,DSL,Yes,Yes,No,No,No,Yes,Two year,Yes,Mailed check,69.55,4459.15,No,60-72,No,No,No,No,2,68.60230769230769
8168-UQWWF,Female,No,No,No,11,Yes,Yes,Fiber optic,No,No,Yes,No,Yes,Yes,Month-to-month,Yes,Bank transfer (automatic),97.85,1105.4,Yes,6-11,No,Yes,No,Yes,3,100.4909090909091
1095-JUDTC,Female,Yes,No,No,47,Yes,Yes,Fiber optic,No,Yes,No,Yes,Yes,No,Month-to-month,Yes,Electronic check,95.05,4504.55,Yes,36-47,No,Yes,Yes,Yes,2,95.84148936170212
1845-ZLLIG,Male,No,No,No,1,Yes,No,DSL,No,Yes,No,No,No,No,Month-to-month,Yes,Mailed check,50.15,50.15,No,0-5,Yes,Yes,No,No,3,50.15
3329-WDIOK,Female,No,No,No,3,No,No phone service,DSL,No,Yes,No,No,Yes,Yes,Month-to-month,Yes,Electronic check,50.6,155.35,Yes,0-5,Yes,Yes,Yes,No,3,51.78333333333333
7442-YGZFK,Male,No,No,No,1,Yes,Yes,DSL,No,No,No,No,No,No,Month-to-month,Yes,Credit card (automatic),49.8,49.8,No,0-5,Yes,Yes,No,No,4,49.8
7754-IXRMC,Female,No,No,No,1,Yes,No,DSL,No,No,No,No,No,No,Month-to-month,No,Mailed check,45.35,45.35,No,0-5,Yes,Yes,No,No,4,45.35
2519-TWKFS,Male,No,Yes,Yes,25,Yes,Yes,DSL,No,No,No,Yes,No,No,One year,Yes,Mailed check,55.1,1466.1,No,24-35,No,No,No,No,3,58.644
1569-TTNYJ,Male,No,Yes,No,5,Yes,Yes,Fiber optic,No,Yes,No,No,No,No,Month-to-month,Yes,Electronic check,78.75,412.1,Yes,0-5,No,Yes,Yes,Yes,3,82.42
0187-QSXOE,Male,Yes,Yes,No,7,Yes,No,Fiber optic,No,No,No,No,Yes,Yes,Month-to-month,Yes,Electronic check,89.0,605.45,No,6-11,No,Yes,Yes,Yes,4,86.49285714285715
0661-KBKPA,Male,No,Yes,Yes,53,Yes,Yes,DSL,No,No,Yes,Yes,Yes,Yes,One year,Yes,Mailed check,78.75,3942.45,No,48-59,No,No,No,No,2,74.38584905660377
5077-DXTCG,Female,No,No,No,1,Yes,No,DSL,No,No,No,No,No,No,Month-to-month,Yes,Electronic check,45.3,45.3,Yes,0-5,Yes,Yes,Yes,No,4,45.3
1740-CSDJP,Male,No,No,No,1,No,No phone service,DSL,No,No,No,No,No,Yes,Month-to-month,Yes,Bank transfer (automatic),35.25,35.25,Yes,0-5,Yes,Yes,No,No,4,35.25
5176-LDKUH,Female,No,No,No,48,Yes,No,Fiber optic,No,Yes,No,No,No,No,One year,No,Electronic check,75.15,3772.65,No,48-59,No,No,Yes,Yes,3,78.596875
0336-PIKEI,Male,Yes,Yes,No,72,Yes,No,DSL,Yes,Yes,Yes,Yes,Yes,No,Two year,No,Bank transfer (automatic),74.4,5360.75,No,60-72,No,No,No,No,0,74.45486111111111
4881-JVQOD,Male,Yes,Yes,Yes,10,No,No phone service,DSL,No,No,No,No,No,Yes,Month-to-month,Yes,Bank transfer (automatic),34.55,362.6,No,6-11,No,Yes,No,No,4,36.260000000000005
7271-AJDTL,Female,No,Yes,No,55,Yes,Yes,Fiber optic,No,Yes,Yes,No,Yes,No,Month-to-month,Yes,Credit card (automatic),94.45,5073.1,No,48-59,No,Yes,No,Yes,2,92.23818181818184
7218-HKQFK,Male,No,Yes,No,2,Yes,No,Fiber optic,No,No,No,Yes,Yes,Yes,Month-to-month,Yes,Electronic check,94.2,167.5,Yes,0-5,Yes,Yes,Yes,Yes,3,83.75
5453-YBTWV,Male,No,Yes,Yes,70,Yes,No,Fiber optic,Yes,Yes,Yes,Yes,Yes,No,Two year,Yes,Credit card (automatic),101.1,6994.8,No,60-72,No,No,No,Yes,0,99.92571428571428
0927-LCSMG,Male,No,No,No,7,Yes,No,Fiber optic,No,No,Yes,No,No,No,Month-to-month,No,Mailed check,74.65,544.55,Yes,6-11,No,Yes,No,Yes,3,77.79285714285713
0411-EZJZE,Female,No,No,No,3,Yes,Yes,DSL,No,No,No,No,Yes,No,Month-to-month,Yes,Electronic check,60.25,170.5,No,0-5,Yes,Yes,Yes,No,4,56.833333333333336
1162-ECVII,Male,Yes,Yes,No,72,Yes,Yes,Fiber optic,No,Yes,Yes,Yes,Yes,Yes,Two year,Yes,Bank transfer (automatic),109.75,7932.5,No,60-72,No,No,No,Yes,1,110.17361111111111
1093-YSWCA,Male,No,No,No,11,Yes,No,No,No internet service,No internet service,No internet service,No internet service,No internet service,No internet service,Two year,No,Credit card (automatic),19.55,223.15,No,6-11,No,No,No,No,0,20.286363636363635
6345-ULYRW,Male,Yes,Yes,No,44,Yes,Yes,Fiber optic,No,Yes,No,No,No,Yes,One year,No,Mailed check,88.4,3912.9,Yes,36-47,No,No,No,Yes,3,88.92954545454546
9332-GYWLO,Female,No,Yes,Yes,6,Yes,No,DSL,No,No,No,No,Yes,No,Month-to-month,No,Electronic check,54.85,355.1,No,6-11,No,Yes,Yes,No,4,59.18333333333334
2530-FMFXO,Male,No,Yes,Yes,56,Yes,Yes,Fiber optic,No,No,Yes,Yes,Yes,Yes,Two year,Yes,Electronic check,103.2,5873.75,No,48-59,No,No,Yes,Yes,2,104.88839285714286
9522-BNTHX,Female,Yes,No,No,34,No,No phone service,DSL,No,Yes,Yes,No,Yes,Yes,Month-to-month,Yes,Electronic check,56.25,1765.95,No,24-35,No,Yes,Yes,No,2,51.93970588235294
2237-ZFSMY,Female,No,No,No,39,Yes,No,Fiber optic,Yes,No,Yes,Yes,Yes,No,One year,Yes,Electronic check,95.55,3692.85,Yes,36-47,No,No,Yes,Yes,1,94.68846153846154
6817-WTYHE,Male,No,No,No,2,Yes,No,DSL,No,No,No,No,No,No,Month-to-month,No,Bank transfer (automatic),44.9,111.05,No,0-5,Yes,Yes,No,No,4,55.525
9396-ZSFLL,Female,No,No,No,15,Yes,Yes,DSL,No,No,No,No,No,No,Month-to-month,No,Mailed check,48.85,631.4,No,12-23,No,Yes,No,No,4,42.09333333333333
1345-GKDZZ,Male,No,No,Yes,6,Yes,No,No,No internet service,No internet service,No internet service,No internet service,No internet service,No internet service,Month-to-month,No,Mailed check,19.55,128.6,No,6-11,No,Yes,No,No,0,21.433333333333334
5150-ITWWB,Male,Yes,No,No,3,Yes,Yes,Fiber optic,No,No,No,No,Yes,Yes,Month-to-month,Yes,Electronic check,94.85,335.75,No,0-5,Yes,Yes,Yes,Yes,4,111.91666666666669
2951-QOQTK,Male,No,No,Yes,4,Yes,Yes,Fiber optic,No,No,No,Yes,No,No,Month-to-month,No,Credit card (automatic),80.8,332.45,Yes,0-5,No,Yes,No,Yes,3,83.1125
0917-EZOLA,Male,Yes,Yes,No,72,Yes,Yes,Fiber optic,No,Yes,Yes,No,Yes,Yes,Two year,Yes,Bank transfer (automatic),104.15,7689.95,Yes,60-72,No,No,No,Yes,2,106.80486111111112
9199-PWQVC,Female,No,Yes,No,63,Yes,Yes,DSL,Yes,Yes,No,No,Yes,Yes,One year,Yes,Credit card (automatic),79.7,4786.15,No,60-72,No,No,No,No,2,75.97063492063492
4159-NAAIX,Female,No,No,No,63,Yes,Yes,Fiber optic,No,Yes,No,No,Yes,Yes,Two year,No,Bank transfer (automatic),97.45,6253.0,No,60-72,No,No,No,Yes,3,99.25396825396824
0742-LAFQK,Male,No,Yes,No,72,Yes,Yes,Fiber optic,Yes,Yes,Yes,No,No,Yes,Two year,Yes,Electronic check,99.15,7422.1,No,60-72,No,No,Yes,Yes,1,103.08472222222224
4307-KWMXE,Male,No,No,No,10,No,No phone service,DSL,No,Yes,No,Yes,No,No,Month-to-month,No,Electronic check,35.75,389.8,No,6-11,No,Yes,Yes,No,2,38.98
5389-FFVKB,Male,Yes,Yes,No,32,Yes,No,Fiber optic,No,No,No,No,No,Yes,Month-to-month,Yes,Credit card (automatic),80.3,2483.05,Yes,24-35,No,Yes,No,Yes,4,77.5953125
1919-RTPQD,Male,No,Yes,Yes,7,Yes,No,DSL,No,No,No,No,No,No,Month-to-month,No,Electronic check,44.75,333.65,No,6-11,No,Yes,Yes,No,4,47.66428571428571
2851-MMUTZ,Female,No,No,No,27,Yes,No,DSL,No,Yes,No,Yes,No,No,Month-to-month,Yes,Mailed check,56.15,1439.35,No,24-35,No,Yes,No,No,2,53.30925925925926
6877-TJMBR,Male,No,Yes,No,1,Yes,No,Fiber optic,No,No,No,Yes,Yes,No,Month-to-month,Yes,Electronic check,84.8,84.8,Yes,0-5,Yes,Yes,Yes,Yes,3,84.8
3537-RYBHH,Female,Yes,Yes,No,47,Yes,Yes,DSL,Yes,Yes,Yes,No,No,No,Month-to-month,Yes,Credit card (automatic),67.45,3252.0,No,36-47,No,Yes,No,No,1,69.19148936170212
2805-EDJPQ,Female,No,Yes,Yes,56,Yes,Yes,Fiber optic,No,Yes,Yes,Yes,No,Yes,One year,Yes,Credit card (automatic),99.75,5608.4,No,48-59,No,No,No,Yes,1,100.15
5846-NEQVZ,Male,No,Yes,Yes,71,Yes,No,DSL,Yes,No,Yes,Yes,No,Yes,Two year,Yes,Credit card (automatic),70.85,4973.4,No,60-72,No,No,No,No,1,70.04788732394366
7609-YBPXG,Male,No,No,No,54,Yes,Yes,DSL,Yes,No,Yes,Yes,Yes,Yes,Two year,No,Bank transfer (automatic),87.1,4735.2,No,48-59,No,No,No,No,1,87.68888888888888
5119-NZPTV,Male,Yes,Yes,No,2,Yes,No,Fiber optic,No,No,No,No,No,No,Month-to-month,No,Electronic check,70.1,141.65,No,0-5,Yes,Yes,Yes,Yes,4,70.825
5458-CQJTA,Male,No,Yes,Yes,65,Yes,No,DSL,Yes,No,No,Yes,Yes,Yes,Two year,Yes,Bank transfer (automatic),74.8,4820.15,Yes,60-72,No,No,No,No,2,74.15615384615384
3571-RFHAR,Male,No,No,No,65,Yes,Yes,Fiber optic,No,Yes,Yes,Yes,Yes,Yes,Month-to-month,Yes,Electronic check,109.15,6941.2,Yes,60-72,No,Yes,Yes,Yes,1,106.78769230769232
1208-DNHLN,Male,No,Yes,Yes,23,Yes,Yes,DSL,No,No,No,No,No,No,One year,Yes,Credit card (automatic),48.35,1067.15,Yes,12-23,No,No,No,No,4,46.39782608695653
1552-TKMXS,Female,No,Yes,No,42,Yes,No,No,No internet service,No internet service,No internet service,No internet service,No internet service,No internet service,Month-to-month,No,Credit card (automatic),20.35,869.9,No,36-47,No,Yes,No,No,0,20.71190476190476
1258-YMZNM,Female,Yes,No,No,27,Yes,Yes,Fiber optic,Yes,Yes,Yes,No,Yes,Yes,One year,Yes,Bank transfer (automatic),110.5,2857.6,No,24-35,No,No,No,Yes,1,105.83703703703704
6199-IWKGC,Female,Yes,Yes,No,46,Yes,Yes,Fiber optic,No,No,No,Yes,Yes,Yes,One year,No,Electronic check,100.25,4753.85,No,36-47,No,No,Yes,Yes,3,103.3445652173913
0222-CNVPT,Male,Yes,No,No,52,No,No phone service,DSL,Yes,No,No,No,Yes,Yes,Month-to-month,Yes,Credit card (automatic),48.8,2555.05,No,48-59,No,Yes,No,No,3,49.135576923076925
4911-BANWH,Female,No,No,Yes,31,Yes,Yes,Fiber optic,No,No,No,No,Yes,No,Month-to-month,Yes,Credit card (automatic),86.55,2697.4,Yes,24-35,No,Yes,No,Yes,4,87.01290322580645
9058-MJLZC,Female,No,No,No,24,Yes,No,Fiber optic,Yes,No,No,No,Yes,Yes,Month-to-month,Yes,Electronic check,94.6,2283.15,No,24-35,No,Yes,Yes,Yes,3,95.13125
4821-SJHJV,Female,No,Yes,Yes,32,Yes,Yes,Fiber optic,Yes,No,No,No,Yes,No,Month-to-month,No,Electronic check,89.6,2901.8,No,24-35,No,Yes,Yes,Yes,3,90.68125
6745-JEFZB,Male,No,Yes,No,35,Yes,Yes,Fiber optic,No,No,No,Yes,Yes,No,Month-to-month,Yes,Credit card (automatic),91.5,3236.35,No,24-35,No,Yes,No,Yes,3,92.46714285714286
3823-KYNQY,Male,No,No,No,12,Yes,Yes,No,No internet service,No internet service,No internet service,No internet service,No internet service,No internet service,One year,No,Credit card (automatic),24.95,280.4,No,12-23,No,No,No,No,0,23.366666666666664
0564-JJHGS,Male,No,No,No,9,Yes,Yes,Fiber optic,No,No,No,No,Yes,Yes,Month-to-month,Yes,Electronic check,95.5,829.1,Yes,6-11,No,Yes,Yes,Yes,4,92.12222222222222
9600-UDOPK,Male,No,Yes,No,30,Yes,Yes,Fiber optic,No,No,No,No,Yes,Yes,Month-to-month,Yes,Credit card (automatic),94.05,2866.45,Yes,24-35,No,Yes,No,Yes,4,95.54833333333332
5766-XQXMQ,Female,No,No,No,29,Yes,No,DSL,Yes,Yes,Yes,No,No,Yes,Month-to-month,Yes,Bank transfer (automatic),68.85,1970.5,Yes,24-35,No,Yes,No,No,1,67.94827586206897
7873-CVMAW,Male,No,No,No,72,Yes,Yes,DSL,Yes,Yes,Yes,Yes,Yes,Yes,Two year,No,Credit card (automatic),88.55,6362.35,No,60-72,No,No,No,No,0,88.36597222222223
9503-XJUME,Male,No,No,Yes,52,Yes,No,No,No internet service,No internet service,No internet service,No internet service,No internet service,No internet service,One year,No,Credit card (automatic),19.65,928.4,No,48-59,No,No,No,No,0,17.853846153846153
0655-YDGFJ,Male,No,No,No,29,Yes,No,DSL,No,No,Yes,No,No,No,Month-to-month,No,Bank transfer (automatic),48.95,1323.7,No,24-35,No,Yes,No,No,3,45.6448275862069
4890-VMUAV,Male,No,No,No,63,Yes,Yes,DSL,Yes,Yes,Yes,Yes,No,No,One year,No,Electronic check,71.5,4576.3,No,60-72,No,No,Yes,No,0,72.63968253968254
3863-QSTYI,Male,No,No,No,59,Yes,No,DSL,No,No,Yes,Yes,Yes,No,Month-to-month,Yes,Electronic check,64.65,3735.45,No,48-59,No,Yes,Yes,No,2,63.31271186440678
0380-NEAVX,Male,Yes,No,No,34,Yes,No,Fiber optic,No,Yes,Yes,No,Yes,Yes,One year,Yes,Electronic check,99.85,3343.15,No,24-35,No,No,Yes,Yes,2,98.3279411764706
4195-SMMNX,Male,No,No,No,2,Yes,No,No,No internet service,No internet service,No internet service,No internet service,No internet service,No internet service,Month-to-month,No,Mailed check,20.35,33.2,Yes,0-5,Yes,Yes,No,No,0,16.6
3398-FSHON,Female,Yes,No,No,12,Yes,Yes,Fiber optic,No,Yes,No,No,Yes,No,Month-to-month,Yes,Electronic check,91.3,1094.5,Yes,12-23,No,Yes,Yes,Yes,3,91.20833333333331
6765-MBQNU,Female,No,Yes,No,26,Yes,Yes,No,No internet service,No internet service,No internet service,No internet service,No internet service,No internet service,One year,No,Mailed check,26.0,684.05,No,24-35,No,No,No,No,0,26.309615384615384
1264-BYWMS,Male,No,No,No,55,Yes,Yes,Fiber optic,No,No,No,No,Yes,Yes,Month-to-month,Yes,Electronic check,96.8,5283.95,Yes,48-59,No,Yes,Yes,Yes,4,96.07181818181816
7858-GTZSP,Female,No,No,No,12,Yes,Yes,Fiber optic,No,No,No,No,No,Yes,Month-to-month,Yes,Electronic check,86.55,1066.9,No,12-23,No,Yes,Yes,Yes,4,88.90833333333335
2812-SFXMJ,Male,No,No,Yes,1,Yes,No,No,No internet service,No internet service,No internet service,No internet service,No internet service,No internet service,Month-to-month,No,Mailed check,20.05,20.05,No,0-5,Yes,Yes,No,No,0,20.05
6418-PIQSP,Female,No,Yes,No,62,Yes,No,DSL,Yes,No,Yes,Yes,Yes,Yes,Two year,No,Mailed check,81.0,4985.9,No,60-72,No,No,No,No,1,80.41774193548386
5334-JLAXU,Female,No,Yes,No,60,Yes,Yes,Fiber optic,Yes,Yes,No,No,No,Yes,Month-to-month,Yes,Credit card (automatic),94.1,5475.9,No,60-72,No,Yes,No,Yes,2,91.265
2209-XADXF,Female,No,No,No,1,No,No phone service,DSL,No,No,No,No,No,No,Month-to-month,No,Bank transfer (automatic),25.25,25.25,No,0-5,Yes,Yes,No,No,4,25.25
7595-EUIVN,Female,No,No,No,1,Yes,No,Fiber optic,No,Yes,No,No,No,No,Month-to-month,No,Electronic check,75.8,75.8,Yes,0-5,Yes,Yes,Yes,Yes,3,75.8
0930-EHUZA,Female,No,No,No,36,Yes,No,DSL,Yes,Yes,Yes,Yes,Yes,No,One year,Yes,Mailed check,76.35,2606.35,No,36-47,No,No,No,No,0,72.39861111111111
0936-NQLJU,Female,No,Yes,No,41,Yes,No,No,No internet service,No internet service,No internet service,No internet service,No internet service,No internet service,Two year,No,Credit card (automatic),20.65,875.55,No,36-47,No,No,No,No,0,21.35487804878049
1304-BCCFO,Male,No,Yes,No,9,Yes,No,DSL,No,No,Yes,No,Yes,Yes,Month-to-month,Yes,Mailed check,70.05,564.4,No,6-11,No,Yes,No,No,3,62.71111111111111
8748-HFWBO,Male,No,Yes,Yes,19,Yes,No,No,No internet service,No internet service,No internet service,No internet service,No internet service,No internet service,One year,No,Mailed check,19.9,357.7,No,12-23,No,No,No,No,0,18.82631578947368
5214-CHIWJ,Male,No,No,No,27,Yes,No,No,No internet service,No internet service,No internet service,No internet service,No internet service,No internet service,One year,No,Mailed check,20.3,595.05,No,24-35,No,No,No,No,0,22.038888888888888
1644-IRKSF,Female,No,Yes,Yes,33,Yes,No,Fiber optic,No,No,Yes,No,Yes,Yes,One year,Yes,Electronic check,93.8,3124.5,Yes,24-35,No,No,Yes,Yes,3,94.6818181818182
2789-CZANW,Female,No,Yes,Yes,64,Yes,Yes,Fiber optic,Yes,Yes,No,Yes,Yes,Yes,Two year,No,Bank transfer (automatic),110.3,6997.3,No,60-72,No,No,No,Yes,1,109.3328125
0895-UADGO,Male,No,No,Yes,8,No,No phone service,DSL,Yes,No,No,Yes,No,Yes,Two year,Yes,Mailed check,44.55,343.45,No,6-11,No,No,No,No,2,42.93125
7321-ZNSLA,Male,No,Yes,Yes,13,No,No phone service,DSL,Yes,Yes,No,Yes,No,No,Two year,No,Mailed check,40.55,590.35,No,12-23,No,No,No,No,1,45.41153846153846
8963-MQVYN,Female,No,No,Yes,22,Yes,No,No,No internet service,No internet service,No internet service,No internet service,No internet service,No internet service,Month-to-month,Yes,Electronic check,20.55,469.85,No,12-23,No,Yes,Yes,No,0,21.356818181818184
3027-ZTDHO,Male,No,No,No,1,Yes,No,Fiber optic,No,No,No,No,Yes,Yes,Month-to-month,Yes,Electronic check,89.9,89.9,Yes,0-5,Yes,Yes,Yes,Yes,4,89.9
2984-TBYKU,Male,No,Yes,Yes,72,Yes,Yes,Fiber optic,Yes,Yes,Yes,Yes,No,Yes,Two year,Yes,Credit card (automatic),104.9,7732.65,No,60-72,No,No,No,Yes,0,107.39791666666666
8775-LHDJH,Female,Yes,Yes,No,1,Yes,Yes,Fiber optic,No,Yes,No,No,Yes,No,Month-to-month,Yes,Electronic check,90.6,90.6,Yes,0-5,Yes,Yes,Yes,Yes,3,90.6
7594-RQHXR,Female,No,No,Yes,1,Yes,No,Fiber optic,No,No,No,No,No,Yes,Month-to-month,Yes,Electronic check,79.6,79.6,Yes,0-5,Yes,Yes,Yes,Yes,4,79.6
5364-EVNIB,Male,No,No,No,13,Yes,No,Fiber optic,No,Yes,Yes,No,No,No,Month-to-month,Yes,Electronic check,79.8,973.45,Yes,12-23,No,Yes,Yes,Yes,2,74.88076923076923
7349-ALMUX,Male,No,No,No,37,Yes,No,DSL,Yes,Yes,Yes,Yes,No,No,Two year,No,Bank transfer (automatic),65.6,2313.8,No,36-47,No,No,No,No,0,62.53513513513514
8328-SKJNO,Male,No,No,Yes,23,No,No phone service,DSL,Yes,Yes,No,Yes,No,No,One year,No,Bank transfer (automatic),40.65,947.4,No,12-23,No,No,No,No,1,41.19130434782608
9122-UMROB,Male,No,No,No,1,Yes,No,No,No internet service,No internet service,No internet service,No internet service,No internet service,No internet service,Month-to-month,No,Mailed check,20.3,20.3,No,0-5,Yes,Yes,No,No,0,20.3
8231-BSWXX,Male,No,No,No,71,Yes,Yes,Fiber optic,No,Yes,No,No,No,No,One year,Yes,Credit card (automatic),79.05,5552.5,No,60-72,No,No,No,Yes,3,78.20422535211267
3936-QQFLL,Male,No,No,No,2,Yes,No,No,No internet service,No internet service,No internet service,No internet service,No internet service,No internet service,Month-to-month,No,Mailed check,19.75,39.3,No,0-5,Yes,Yes,No,No,0,19.65
1641-RQDAY,Female,Yes,Yes,Yes,32,Yes,Yes,Fiber optic,No,Yes,No,No,Yes,Yes,Month-to-month,Yes,Electronic check,100.4,3217.65,No,24-35,No,Yes,Yes,Yes,3,100.5515625
0196-VULGZ,Female,Yes,Yes,No,6,Yes,Yes,Fiber optic,No,No,No,No,No,Yes,Month-to-month,Yes,Electronic check,84.35,474.9,Yes,6-11,No,Yes,Yes,Yes,4,79.14999999999999
3266-FTKHB,Male,No,No,No,17,Yes,No,No,No internet service,No internet service,No internet service,No internet service,No internet service,No internet service,Two year,No,Mailed check,19.15,343.45,No,12-23,No,No,No,No,0,20.20294117647059
7595-EHCDL,Male,No,Yes,Yes,32,No,No phone service,DSL,No,No,Yes,No,Yes,Yes,Month-to-month,No,Credit card (automatic),50.6,1653.45,No,24-35,No,Yes,No,No,3,51.6703125
8220-OCUFY,Female,No,No,No,21,Yes,No,DSL,Yes,No,Yes,Yes,No,No,One year,Yes,Electronic check,60.25,1258.35,No,12-23,No,No,Yes,No,1,59.92142857142856
2249-YPRNG,Female,No,Yes,Yes,20,Yes,Yes,Fiber optic,No,Yes,Yes,No,Yes,Yes,Month-to-month,Yes,Bank transfer (automatic),105.85,2239.65,Yes,12-23,No,Yes,No,Yes,2,111.9825
2682-KEVRP,Female,Yes,No,No,22,Yes,No,No,No internet service,No internet service,No internet service,No internet service,No internet service,No internet service,One year,Yes,Mailed check,20.05,417.0,No,12-23,No,No,No,No,0,18.954545454545453
2242-MFOTG,Male,No,No,No,33,Yes,Yes,Fiber optic,Yes,No,No,No,No,No,One year,No,Bank transfer (automatic),80.1,2603.3,No,24-35,No,No,No,Yes,3,78.88787878787879
0177-PXBAT,Male,Yes,Yes,No,33,Yes,Yes,Fiber optic,Yes,No,Yes,Yes,Yes,Yes,Month-to-month,Yes,Bank transfer (automatic),109.9,3694.7,No,24-35,No,Yes,No,Yes,1,111.96060606060604
7980-MHFLQ,Female,No,Yes,Yes,72,Yes,Yes,No,No internet service,No internet service,No internet service,No internet service,No internet service,No internet service,Two year,No,Mailed check,24.9,1859.2,No,60-72,No,No,No,No,0,25.822222222222223
6689-VRRTK,Female,Yes,No,No,44,Yes,Yes,Fiber optic,Yes,Yes,Yes,No,Yes,Yes,One year,Yes,Credit card (automatic),109.8,4860.35,No,36-47,No,No,No,Yes,1,110.4625
8073-IJDCM,Female,No,No,No,1,Yes,No,No,No internet service,No internet service,No internet service,No internet service,No internet service,No internet service,Month-to-month,Yes,Mailed check,20.3,20.3,Yes,0-5,Yes,Yes,No,No,0,20.3
2623-DRYAM,Female,No,Yes,No,70,Yes,Yes,Fiber optic,No,No,Yes,No,Yes,Yes,One year,Yes,Electronic check,101.75,7069.3,No,60-72,No,No,Yes,Yes,3,100.99
8294-UIMBA,Female,No,No,No,30,Yes,No,Fiber optic,No,No,No,Yes,Yes,Yes,One year,Yes,Bank transfer (automatic),94.4,2638.1,No,24-35,No,No,No,Yes,3,87.93666666666667
1391-UBDAR,Male,No,No,No,11,Yes,No,Fiber optic,No,No,Yes,No,No,No,Month-to-month,No,Electronic check,72.9,818.45,No,6-11,No,Yes,Yes,Yes,3,74.40454545454546
6869-FGJJC,Male,No,No,No,68,Yes,No,Fiber optic,No,Yes,Yes,No,No,No,One year,No,Credit card (automatic),79.6,5461.45,No,60-72,No,No,No,Yes,2,80.31544117647059
0384-RVBPI,Male,No,No,No,20,Yes,No,DSL,Yes,No,Yes,No,No,Yes,Month-to-month,No,Credit card (automatic),64.4,1398.6,No,12-23,No,Yes,No,No,2,69.92999999999999
0679-TDGAK,Male,No,Yes,Yes,50,Yes,No,DSL,Yes,No,No,Yes,Yes,Yes,One year,No,Electronic check,75.5,4025.6,No,48-59,No,No,Yes,No,2,80.512
3012-VFFMN,Female,No,Yes,Yes,7,Yes,No,No,No internet service,No internet service,No internet service,No internet service,No internet service,No internet service,Month-to-month,No,Mailed check,20.65,158.95,No,6-11,No,Yes,No,No,0,22.707142857142856
3893-JRNFS,Male,No,No,No,68,No,No phone service,DSL,No,No,Yes,No,No,Yes,Month-to-month,Yes,Bank transfer (automatic),39.9,2796.35,No,60-72,No,Yes,No,No,3,41.12279411764706
7527-QNRUS,Male,No,Yes,Yes,17,Yes,Yes,No,No internet service,No internet service,No internet service,No internet service,No internet service,No internet service,Two year,Yes,Mailed check,25.15,412.6,No,12-23,No,No,No,No,0,24.27058823529412
0096-BXERS,Female,No,Yes,No,6,Yes,Yes,DSL,No,No,No,No,No,No,Month-to-month,No,Electronic check,50.35,314.55,No,6-11,No,Yes,Yes,No,4,52.425
3411-WLRSQ,Female,Yes,Yes,No,3,Yes,No,Fiber optic,No,Yes,No,No,No,No,Month-to-month,Yes,Bank transfer (automatic),74.6,239.05,No,0-5,Yes,Yes,No,Yes,3,79.68333333333334
9778-OGKQZ,Male,No,Yes,No,72,Yes,Yes,DSL,Yes,Yes,Yes,Yes,Yes,Yes,Two year,Yes,Credit card (automatic),92.0,6782.15,No,60-72,No,No,No,No,0,94.19652777777776
4915-BFSXL,Male,No,Yes,Yes,70,Yes,Yes,DSL,Yes,No,Yes,No,Yes,No,Two year,No,Credit card (automatic),68.95,4858.7,No,60-72,No,No,No,No,2,69.41
9799-CAYJJ,Female,Yes,Yes,No,2,Yes,No,Fiber optic,No,No,No,No,No,No,Month-to-month,Yes,Electronic check,69.3,153.8,No,0-5,Yes,Yes,Yes,Yes,4,76.9
6946-LMSQS,Male,Yes,Yes,No,25,Yes,Yes,Fiber optic,Yes,No,No,No,No,Yes,One year,Yes,Electronic check,89.05,2177.45,Yes,24-35,No,No,Yes,Yes,3,87.098
7929-DMBCV,Female,No,Yes,No,20,Yes,No,Fiber optic,No,No,Yes,Yes,No,No,Month-to-month,Yes,Mailed check,81.0,1683.7,No,12-23,No,Yes,No,Yes,2,84.185
0637-KVDLV,Male,No,No,No,2,Yes,Yes,Fiber optic,No,No,No,No,No,No,Month-to-month,Yes,Electronic check,76.5,162.45,Yes,0-5,Yes,Yes,Yes,Yes,4,81.225
3070-DVEYC,Male,Yes,No,No,7,Yes,Yes,Fiber optic,No,No,No,No,No,No,Month-to-month,No,Mailed check,73.75,545.15,Yes,6-11,No,Yes,No,Yes,4,77.87857142857142
8319-QBEHW,Male,No,No,Yes,26,No,No phone service,DSL,No,Yes,No,No,Yes,No,One year,Yes,Bank transfer (automatic),39.95,1023.75,No,24-35,No,No,No,No,3,39.375
5515-RUGKN,Male,No,No,No,8,Yes,No,DSL,No,No,No,No,No,Yes,Month-to-month,Yes,Credit card (automatic),54.75,438.05,No,6-11,No,Yes,No,No,4,54.75625
8242-PDSGJ,Male,No,Yes,No,70,No,No phone service,DSL,Yes,No,Yes,Yes,No,No,Two year,Yes,Credit card (automatic),39.15,2692.75,No,60-72,No,No,No,No,1,38.46785714285714
4948-WBBKL,Female,Yes,No,No,36,Yes,Yes,Fiber optic,No,No,No,No,No,No,Month-to-month,Yes,Bank transfer (automatic),74.9,2659.45,No,36-47,No,Yes,No,Yes,4,73.8736111111111
3719-TDVQB,Female,Yes,Yes,No,54,Yes,No,No,No internet service,No internet service,No internet service,No internet service,No internet service,No internet service,Two year,Yes,Mailed check,18.95,1031.1,No,48-59,No,No,No,No,0,19.09444444444444
0975-VOOVL,Female,No,No,No,3,No,No phone service,DSL,No,Yes,No,No,No,No,Month-to-month,No,Mailed check,29.2,98.5,No,0-5,Yes,Yes,No,No,3,32.833333333333336
6161-UUUTA,Male,Yes,No,No,3,Yes,No,Fiber optic,No,No,No,No,Yes,No,Month-to-month,Yes,Electronic check,79.9,260.9,Yes,0-5,Yes,Yes,Yes,Yes,4,86.96666666666665
6897-RWMUB,Male,No,Yes,Yes,61,Yes,No,DSL,Yes,Yes,Yes,Yes,No,No,Two year,Yes,Bank transfer (automatic),68.05,4158.25,No,60-72,No,No,No,No,0,68.16803278688525
1429-UYJSV,Female,No,No,No,12,Yes,No,No,No internet service,No internet service,No internet service,No internet service,No internet service,No internet service,One year,No,Mailed check,19.7,260.9,No,12-23,No,No,No,No,0,21.741666666666664
1843-TLSGD,Female,No,Yes,Yes,13,Yes,No,No,No internet service,No internet service,No internet service,No internet service,No internet service,No internet service,Two year,No,Mailed check,20.85,272.35,No,12-23,No,No,No,No,0,20.950000000000003
5857-TYBCJ,Male,Yes,Yes,No,44,Yes,Yes,Fiber optic,No,No,Yes,No,Yes,No,Month-to-month,Yes,Electronic check,89.2,4040.2,No,36-47,No,Yes,Yes,Yes,3,91.82272727272726
9278-VZKCD,Female,Yes,Yes,No,52,Yes,Yes,Fiber optic,Yes,Yes,Yes,No,Yes,Yes,Month-to-month,Yes,Electronic check,109.1,5647.95,No,48-59,No,Yes,Yes,Yes,1,108.61442307692307
2398-YPMUR,Female,Yes,Yes,No,13,Yes,No,Fiber optic,No,No,No,No,No,No,Month-to-month,Yes,Electronic check,70.15,916.75,Yes,12-23,No,Yes,Yes,Yes,4,70.51923076923077
3982-JGSFD,Male,No,No,No,36,Yes,No,No,No internet service,No internet service,No internet service,No internet service,No internet service,No internet service,One year,Yes,Credit card (automatic),20.35,695.85,No,36-47,No,No,No,No,0,19.329166666666666
2150-UWTFY,Female,No,Yes,Yes,22,Yes,No,DSL,Yes,Yes,Yes,No,No,No,Month-to-month,No,Mailed check,61.15,1422.05,Yes,12-23,No,Yes,No,No,1,64.63863636363637
3714-JTVOV,Female,Yes,Yes,No,42,Yes,No,Fiber optic,Yes,No,No,No,No,No,Month-to-month,Yes,Credit card (automatic),74.15,3229.4,Yes,36-47,No,Yes,No,Yes,3,76.89047619047619
4369-NYSCF,Male,No,No,No,56,Yes,No,DSL,No,Yes,No,Yes,Yes,Yes,One year,Yes,Bank transfer (automatic),75.75,4284.65,No,48-59,No,No,No,No,2,76.51160714285713
8851-RAGOV,Female,No,Yes,No,25,Yes,No,DSL,Yes,Yes,No,Yes,No,Yes,Month-to-month,Yes,Mailed check,71.05,1837.7,No,24-35,No,Yes,No,No,1,73.508
6437-UKHMV,Female,No,No,No,7,Yes,No,Fiber optic,No,No,No,No,Yes,No,Month-to-month,Yes,Electronic check,79.7,586.05,Yes,6-11,No,Yes,Yes,Yes,4,83.72142857142856
0348-SDKOL,Female,No,Yes,No,58,Yes,Yes,Fiber optic,No,No,Yes,Yes,Yes,Yes,Month-to-month,Yes,Credit card (automatic),102.1,5885.4,Yes,48-59,No,Yes,No,Yes,2,101.47241379310344
5732-IKGQH,Male,Yes,Yes,No,52,Yes,No,Fiber optic,Yes,No,Yes,Yes,Yes,Yes,One year,Yes,Bank transfer (automatic),104.45,5481.25,No,48-59,No,No,No,Yes,1,105.40865384615384
8838-GPHZP,Female,No,No,No,63,Yes,No,No,No internet service,No internet service,No internet service,No internet service,No internet service,No internet service,Two year,Yes,Mailed check,20.6,1298.7,No,60-72,No,No,No,No,0,20.614285714285717
5828-DWPIL,Male,Yes,Yes,No,62,Yes,Yes,Fiber optic,Yes,Yes,Yes,No,No,No,Month-to-month,Yes,Electronic check,89.1,5618.3,No,60-72,No,Yes,Yes,Yes,1,90.61774193548388
1904-WAJAA,Female,No,Yes,Yes,24,Yes,Yes,DSL,Yes,Yes,Yes,No,No,No,Two year,No,Electronic check,64.35,1558.65,No,24-35,No,No,Yes,No,1,64.94375000000001
8208-EUMTE,Male,No,No,No,16,No,No phone service,DSL,Yes,Yes,Yes,Yes,Yes,No,Two year,No,Mailed check,54.85,916.15,No,12-23,No,No,No,No,0,57.259375
7787-BNTZM,Male,No,No,No,6,Yes,No,No,No internet service,No internet service,No internet service,No internet service,No internet service,No internet service,Month-to-month,No,Bank transfer (automatic),20.15,130.5,No,6-11,No,Yes,No,No,0,21.75
0623-EJQEG,Male,No,No,No,65,Yes,Yes,Fiber optic,Yes,No,No,Yes,No,Yes,One year,No,Electronic check,93.55,6069.25,No,60-72,No,No,Yes,Yes,2,93.37307692307692
7123-WQUHX,Male,No,No,No,38,Yes,Yes,Fiber optic,No,No,Yes,Yes,Yes,No,One year,No,Bank transfer (automatic),95.0,3605.6,No,36-47,No,No,No,Yes,2,94.88421052631578
2929-ERCFZ,Female,No,Yes,Yes,8,Yes,No,Fiber optic,No,No,Yes,No,Yes,Yes,Month-to-month,Yes,Electronic check,94.2,777.3,Yes,6-11,No,Yes,Yes,Yes,3,97.1625
1397-XKKWR,Male,No,No,No,7,No,No phone service,DSL,Yes,No,Yes,No,No,No,One year,No,Mailed check,35.3,264.8,No,6-11,No,No,No,No,2,37.82857142857143
4178-EGMON,Male,No,Yes,No,70,Yes,Yes,Fiber optic,Yes,Yes,No,Yes,No,No,Two year,Yes,Credit card (automatic),88.0,5986.45,No,60-72,No,No,No,Yes,1,85.52071428571428
3669-WHAFY,Female,No,Yes,No,71,Yes,Yes,Fiber optic,Yes,Yes,Yes,Yes,Yes,Yes,Two year,Yes,Credit card (automatic),115.15,8078.1,No,60-72,No,No,No,Yes,0,113.77605633802816
6352-GIGGQ,Male,No,No,No,67,Yes,Yes,DSL,Yes,Yes,Yes,Yes,Yes,Yes,One year,Yes,Bank transfer (automatic),88.8,5903.15,No,60-72,No,No,No,No,0,88.10671641791045
6689-TCZHQ,Female,Yes,No,No,5,Yes,No,Fiber optic,No,No,No,No,No,Yes,Month-to-month,No,Electronic check,78.95,378.4,Yes,0-5,No,Yes,Yes,Yes,4,75.67999999999999
9473-CBZOP,Female,No,No,No,28,Yes,Yes,DSL,Yes,No,Yes,No,No,No,One year,No,Mailed check,59.0,1654.45,No,24-35,No,No,No,No,2,59.0875
7315-WYOAW,Male,No,No,No,13,Yes,Yes,Fiber optic,No,No,No,Yes,Yes,Yes,Month-to-month,No,Electronic check,100.75,1313.25,No,12-23,No,Yes,Yes,Yes,3,101.01923076923076
5797-APWZC,Female,No,No,No,1,Yes,No,Fiber optic,No,No,No,No,Yes,Yes,Month-to-month,No,Electronic check,90.6,90.6,Yes,0-5,Yes,Yes,Yes,Yes,4,90.6
7890-VYYWG,Male,Yes,Yes,No,3,No,No phone service,DSL,No,No,No,No,Yes,No,Month-to-month,Yes,Mailed check,36.45,93.7,Yes,0-5,Yes,Yes,No,No,4,31.23333333333333
3511-APPBJ,Male,No,No,No,23,Yes,No,Fiber optic,Yes,No,Yes,No,Yes,Yes,One year,Yes,Credit card (automatic),99.95,2292.75,No,12-23,No,No,No,Yes,2,99.68478260869566
9003-CPATH,Male,No,No,No,42,Yes,Yes,Fiber optic,No,No,Yes,No,No,No,Month-to-month,No,Electronic check,79.9,3313.4,No,36-47,No,Yes,Yes,Yes,3,78.89047619047619
7480-SPLEF,Male,No,Yes,Yes,69,Yes,Yes,No,No internet service,No internet service,No internet service,No internet service,No internet service,No internet service,Two year,Yes,Bank transfer (automatic),26.0,1796.55,No,60-72,No,No,No,No,0,26.03695652173913
6207-WIOLX,Female,No,Yes,Yes,25,No,No phone service,DSL,Yes,Yes,Yes,No,Yes,Yes,Month-to-month,Yes,Credit card (automatic),58.6,1502.65,Yes,24-35,No,Yes,No,No,1,60.106
2040-XBAVJ,Male,No,Yes,Yes,72,Yes,Yes,Fiber optic,Yes,Yes,Yes,Yes,Yes,Yes,Two year,No,Bank transfer (automatic),114.45,8100.55,No,60-72,No,No,No,Yes,0,112.50763888888888
9140-CZQZZ,Female,No,Yes,No,68,Yes,No,DSL,Yes,Yes,No,Yes,Yes,Yes,Two year,Yes,Bank transfer (automatic),79.6,5515.8,No,60-72,No,No,No,No,1,81.11470588235295
6253-WRFHY,Male,No,Yes,Yes,13,Yes,No,DSL,No,No,No,No,Yes,Yes,One year,Yes,Electronic check,64.75,877.35,No,12-23,No,No,Yes,No,4,67.48846153846154
3428-MMGUB,Male,No,No,No,60,Yes,Yes,Fiber optic,No,No,Yes,No,Yes,No,Two year,Yes,Electronic check,89.55,5231.2,No,60-72,No,No,Yes,Yes,3,87.18666666666667
0100-DUVFC,Male,Yes,Yes,No,70,Yes,Yes,Fiber optic,No,Yes,Yes,No,Yes,Yes,One year,Yes,Electronic check,104.8,7308.95,No,60-72,No,No,Yes,Yes,2,104.41357142857144
3059-NGMXB,Male,No,Yes,Yes,14,Yes,Yes,DSL,Yes,Yes,No,No,No,Yes,Month-to-month,No,Mailed check,69.2,944.65,No,12-23,No,Yes,No,No,2,67.475
3082-WQRVY,Male,Yes,Yes,No,14,Yes,No,No,No internet service,No internet service,No internet service,No internet service,No internet service,No internet service,One year,No,Mailed check,19.65,228.65,No,12-23,No,No,No,No,0,16.33214285714286
8053-WWDRO,Female,No,Yes,No,6,Yes,No,No,No internet service,No internet service,No internet service,No internet service,No internet service,No internet service,Month-to-month,No,Bank transfer (automatic),19.5,146.3,Yes,6-11,No,Yes,No,No,0,24.383333333333336
7562-UXTPG,Female,No,No,No,13,Yes,No,Fiber optic,No,No,No,No,No,No,Month-to-month,Yes,Mailed check,70.15,886.7,No,12-23,No,Yes,No,Yes,4,68.20769230769231
2498-XLDZR,Female,No,Yes,Yes,32,Yes,No,DSL,Yes,Yes,Yes,Yes,No,Yes,Two year,No,Mailed check,73.6,2316.85,No,24-35,No,No,No,No,0,72.4015625
1273-MTETI,Female,Yes,No,No,4,Yes,Yes,Fiber optic,No,No,Yes,No,No,Yes,Month-to-month,Yes,Electronic check,88.85,372.45,Yes,0-5,No,Yes,Yes,Yes,3,93.1125
5134-IKDAY,Female,No,Yes,Yes,1,Yes,No,Fiber optic,No,No,No,No,No,No,Month-to-month,Yes,Electronic check,69.8,69.8,Yes,0-5,Yes,Yes,Yes,Yes,4,69.8
2636-OHFMN,Male,No,Yes,No,4,No,No phone service,DSL,No,Yes,No,No,Yes,Yes,Month-to-month,Yes,Electronic check,48.55,201.0,Yes,0-5,No,Yes,Yes,No,3,50.25
2266-SJNAT,Female,No,Yes,No,72,Yes,Yes,Fiber optic,No,Yes,Yes,Yes,Yes,Yes,One year,No,Credit card (automatic),109.15,7789.6,No,60-72,No,No,No,Yes,1,108.1888888888889
4568-KNYWR,Male,No,No,No,52,Yes,No,DSL,Yes,Yes,No,No,Yes,No,Two year,Yes,Credit card (automatic),63.25,3342.45,No,48-59,No,No,No,No,2,64.27788461538461
5346-BZCHP,Female,No,Yes,Yes,69,Yes,No,No,No internet service,No internet service,No internet service,No internet service,No internet service,No internet service,Two year,No,Mailed check,19.4,1346.2,No,60-72,No,No,No,No,0,19.51014492753623
6172-FECYY,Male,No,Yes,Yes,49,Yes,Yes,Fiber optic,No,No,No,No,Yes,No,Month-to-month,No,Electronic check,84.5,4254.85,Yes,48-59,No,Yes,Yes,Yes,4,86.83367346938776
1194-HVAIF,Female,No,Yes,No,27,Yes,Yes,Fiber optic,No,No,No,No,Yes,Yes,Month-to-month,No,Credit card (automatic),95.0,2462.55,No,24-35,No,Yes,No,Yes,4,91.20555555555556
0311-UNPFF,Female,No,No,No,26,Yes,No,Fiber optic,No,No,No,No,Yes,Yes,Month-to-month,Yes,Bank transfer (automatic),88.8,2274.35,Yes,24-35,No,Yes,No,Yes,4,87.475
2550-QHZGP,Male,No,No,No,7,Yes,No,No,No internet service,No internet service,No internet service,No internet service,No internet service,No internet service,One year,No,Mailed check,19.5,128.6,No,6-11,No,No,No,No,0,18.37142857142857
5370-IIVVL,Male,No,No,No,37,Yes,Yes,Fiber optic,No,Yes,No,Yes,Yes,Yes,One year,Yes,Credit card (automatic),104.5,3778.0,No,36-47,No,No,No,Yes,2,102.10810810810813
2322-VCZHZ,Male,Yes,Yes,No,23,Yes,No,Fiber optic,Yes,Yes,No,No,No,Yes,Month-to-month,Yes,Electronic check,90.0,2024.1,No,12-23,No,Yes,Yes,Yes,2,88.00434782608696
6416-YJTTB,Male,No,No,No,11,Yes,No,Fiber optic,Yes,No,Yes,No,No,No,Month-to-month,Yes,Bank transfer (automatic),79.5,795.65,No,6-11,No,Yes,No,Yes,2,72.33181818181818
2452-MRMZF,Female,Yes,Yes,No,72,Yes,Yes,No,No internet service,No internet service,No internet service,No internet service,No internet service,No internet service,Two year,Yes,Credit card (automatic),25.7,1937.4,No,60-72,No,No,No,No,0,26.90833333333333
8485-GJCDN,Female,Yes,No,No,5,Yes,No,Fiber optic,No,No,No,No,No,No,Month-to-month,Yes,Mailed check,69.05,318.5,Yes,0-5,No,Yes,No,Yes,4,63.7
2004-OCQXK,Female,No,No,No,1,Yes,No,Fiber optic,No,No,No,No,No,Yes,Month-to-month,Yes,Electronic check,81.95,81.95,Yes,0-5,Yes,Yes,Yes,Yes,4,81.95
0254-WWRKD,Female,No,Yes,Yes,67,Yes,No,DSL,No,Yes,No,No,No,No,One year,No,Credit card (automatic),50.55,3431.75,No,60-72,No,No,No,No,3,51.22014925373134
4608-LCIMN,Male,No,Yes,Yes,8,Yes,No,DSL,No,No,No,No,No,No,Month-to-month,No,Bank transfer (automatic),44.65,369.15,No,6-11,No,Yes,No,No,4,46.14375
8071-SBTRN,Female,No,No,No,70,Yes,Yes,Fiber optic,Yes,Yes,Yes,No,Yes,Yes,Two year,Yes,Mailed check,111.15,7737.55,No,60-72,No,No,No,Yes,1,110.53642857142856
2013-SGDXK,Female,No,No,No,1,Yes,No,Fiber optic,No,Yes,No,No,Yes,No,Month-to-month,No,Electronic check,84.3,84.3,Yes,0-5,Yes,Yes,Yes,Yes,3,84.3
8835-VSDSE,Female,No,Yes,No,2,Yes,No,Fiber optic,No,No,No,No,No,No,Month-to-month,Yes,Electronic check,70.7,141.45,Yes,0-5,Yes,Yes,Yes,Yes,4,70.725
2712-SYWAY,Female,No,No,No,1,Yes,Yes,No,No internet service,No internet service,No internet service,No internet service,No internet service,No internet service,Month-to-month,Yes,Electronic check,25.7,25.7,No,0-5,Yes,Yes,Yes,No,0,25.7
1173-NOEYG,Female,No,Yes,No,27,Yes,Yes,Fiber optic,No,No,Yes,No,No,Yes,Month-to-month,No,Bank transfer (automatic),90.15,2423.4,No,24-35,No,Yes,No,Yes,3,89.75555555555556
6180-YBIQI,Male,No,No,No,5,No,No phone service,DSL,No,No,No,No,No,No,Month-to-month,No,Mailed check,24.3,100.2,No,0-5,No,Yes,No,No,4,20.04
0215-BQKGS,Male,No,No,No,30,Yes,No,Fiber optic,Yes,Yes,Yes,No,No,No,Month-to-month,Yes,Credit card (automatic),84.3,2438.6,No,24-35,No,Yes,No,Yes,1,81.28666666666666
9397-TZSHA,Female,No,No,No,69,Yes,Yes,No,No internet service,No internet service,No internet service,No internet service,No internet service,No internet service,Two year,No,Credit card (automatic),24.6,1678.05,No,60-72,No,No,No,No,0,24.319565217391304
6064-PUPMC,Male,No,Yes,Yes,23,Yes,No,DSL,Yes,No,No,Yes,No,No,One year,No,Credit card (automatic),57.2,1423.35,No,12-23,No,No,No,No,2,61.88478260869565
1846-XWOQN,Female,Yes,No,No,1,Yes,No,Fiber optic,No,No,No,No,No,No,Month-to-month,Yes,Electronic check,70.15,70.15,Yes,0-5,Yes,Yes,Yes,Yes,4,70.15
2054-PJOCK,Female,No,No,No,60,Yes,Yes,DSL,No,No,Yes,Yes,Yes,Yes,One year,No,Credit card (automatic),80.55,4847.05,No,60-72,No,No,No,No,2,80.78416666666666
6458-CYIDZ,Female,Yes,No,No,5,Yes,No,Fiber optic,Yes,Yes,No,No,No,No,Month-to-month,No,Electronic check,80.7,374.8,No,0-5,No,Yes,Yes,Yes,2,74.96000000000001
3034-ZBEQN,Female,No,Yes,No,48,No,No phone service,DSL,No,Yes,Yes,No,No,No,One year,No,Mailed check,34.7,1604.5,Yes,48-59,No,No,No,No,2,33.427083333333336
3439-GVUSX,Male,No,No,No,1,No,No phone service,DSL,No,No,No,No,No,No,Month-to-month,No,Mailed check,24.4,24.4,No,0-5,Yes,Yes,No,No,4,24.4
6551-GNYDG,Female,No,Yes,Yes,14,Yes,No,Fiber optic,No,No,No,No,No,Yes,Month-to-month,Yes,Bank transfer (automatic),80.9,1152.8,No,12-23,No,Yes,No,Yes,4,82.34285714285714
2219-MVUSO,Male,No,No,No,8,Yes,No,DSL,No,No,No,No,No,No,Month-to-month,Yes,Mailed check,45.15,438.4,Yes,6-11,No,Yes,No,No,4,54.8
2325-ZUSFD,Female,No,Yes,Yes,57,Yes,No,DSL,Yes,No,No,No,Yes,Yes,One year,Yes,Bank transfer (automatic),70.1,3913.3,Yes,48-59,No,No,No,No,3,68.65438596491228
2729-VNVAP,Female,No,Yes,Yes,33,Yes,No,No,No internet service,No internet service,No internet service,No internet service,No internet service,No internet service,Two year,No,Credit card (automatic),19.8,641.35,No,24-35,No,No,No,No,0,19.434848484848487
5339-TJFEK,Male,No,Yes,Yes,62,Yes,Yes,Fiber optic,Yes,Yes,No,No,Yes,Yes,Month-to-month,Yes,Electronic check,105.5,6487.2,No,60-72,No,Yes,Yes,Yes,2,104.63225806451612
7107-UBYKY,Female,No,Yes,Yes,35,Yes,Yes,No,No internet service,No internet service,No internet service,No internet service,No internet service,No internet service,Month-to-month,Yes,Electronic check,25.75,882.55,No,24-35,No,Yes,Yes,No,0,25.215714285714284
2845-AFFTX,Male,Yes,Yes,No,41,Yes,Yes,Fiber optic,No,No,Yes,No,Yes,Yes,Month-to-month,Yes,Electronic check,99.8,4259.3,Yes,36-47,No,Yes,Yes,Yes,3,103.88536585365854
1010-DIAUQ,Male,No,No,No,5,Yes,No,Fiber optic,No,No,Yes,No,Yes,Yes,Month-to-month,No,Bank transfer (automatic),96.5,492.55,Yes,0-5,No,Yes,No,Yes,3,98.51
6217-TOWGS,Female,No,Yes,No,17,Yes,Yes,DSL,No,Yes,No,No,Yes,Yes,Month-to-month,Yes,Bank transfer (automatic),75.4,1322.55,No,12-23,No,Yes,No,No,3,77.79705882352941
1866-NXPSP,Female,No,No,No,36,Yes,No,DSL,Yes,Yes,Yes,Yes,No,Yes,One year,Yes,Mailed check,75.55,2680.15,No,36-47,No,No,No,No,0,74.44861111111112
5730-RIITO,Female,Yes,No,No,43,No,No phone service,DSL,Yes,Yes,No,No,No,No,Month-to-month,Yes,Credit card (automatic),33.45,1500.25,No,36-47,No,Yes,No,No,2,34.88953488372093
3138-BKYAV,Male,No,No,No,6,Yes,No,Fiber optic,No,Yes,No,No,Yes,No,Month-to-month,Yes,Electronic check,85.35,489.45,Yes,6-11,No,Yes,Yes,Yes,3,81.575
0141-YEAYS,Female,Yes,No,No,27,Yes,Yes,Fiber optic,No,Yes,Yes,No,No,No,Month-to-month,Yes,Bank transfer (automatic),86.45,2401.05,No,24-35,No,Yes,No,Yes,2,88.92777777777779
2239-JALAW,Male,No,No,No,58,Yes,Yes,Fiber optic,No,Yes,Yes,No,Yes,Yes,One year,Yes,Bank transfer (automatic),103.25,6017.65,Yes,48-59,No,No,No,Yes,2,103.75258620689657
5442-UTCVD,Male,No,No,Yes,3,Yes,Yes,Fiber optic,No,No,Yes,No,No,Yes,Month-to-month,No,Electronic check,91.85,257.05,Yes,0-5,Yes,Yes,Yes,Yes,3,85.68333333333334
6032-KRXXO,Male,No,No,No,30,Yes,No,Fiber optic,No,No,No,No,Yes,Yes,Month-to-month,Yes,Electronic check,90.25,2755.35,Yes,24-35,No,Yes,Yes,Yes,4,91.845
3468-DRVQJ,Female,No,Yes,Yes,10,Yes,Yes,DSL,Yes,Yes,No,No,Yes,No,One year,No,Electronic check,70.3,676.15,No,6-11,No,No,Yes,No,2,67.615
8402-EIVQS,Male,No,Yes,No,67,Yes,No,Fiber optic,Yes,Yes,No,No,Yes,Yes,One year,Yes,Credit card (automatic),100.9,6733.15,No,60-72,No,No,No,Yes,2,100.494776119403
6692-YQHXC,Male,No,No,No,16,Yes,No,Fiber optic,No,No,No,No,No,No,Month-to-month,Yes,Credit card (automatic),69.95,1205.5,No,12-23,No,Yes,No,Yes,4,75.34375
6410-LEFEN,Female,No,No,No,9,Yes,No,DSL,No,No,No,No,No,No,Month-to-month,No,Electronic check,45.15,416.45,Yes,6-11,No,Yes,Yes,No,4,46.27222222222222
4317-VTEOA,Male,No,No,No,1,Yes,No,DSL,No,Yes,No,No,No,No,Month-to-month,Yes,Electronic check,50.75,50.75,Yes,0-5,Yes,Yes,Yes,No,3,50.75
9500-WBGRP,Male,No,No,No,69,Yes,No,No,No internet service,No internet service,No internet service,No internet service,No internet service,No internet service,Two year,Yes,Mailed check,19.1,1268.85,No,60-72,No,No,No,No,0,18.389130434782608
3224-DFQNQ,Female,No,Yes,No,66,Yes,Yes,Fiber optic,Yes,Yes,No,Yes,No,No,One year,No,Electronic check,89.0,5898.6,No,60-72,No,No,Yes,Yes,1,89.37272727272727
0625-AFOHS,Female,No,Yes,Yes,29,Yes,No,No,No internet service,No internet service,No internet service,No internet service,No internet service,No internet service,Two year,No,Mailed check,20.2,558.8,No,24-35,No,No,No,No,0,19.268965517241377
4656-CAURT,Male,No,No,No,69,Yes,Yes,No,No internet service,No internet service,No internet service,No internet service,No internet service,No internet service,Two year,No,Bank transfer (automatic),23.95,1713.1,No,60-72,No,No,No,No,0,24.827536231884057
7379-POKDZ,Male,No,Yes,No,3,Yes,No,Fiber optic,No,No,No,No,No,No,Month-to-month,Yes,Electronic check,70.3,208.85,Yes,0-5,Yes,Yes,Yes,Yes,4,69.61666666666666
8348-JLBUG,Male,Yes,Yes,No,64,Yes,No,Fiber optic,Yes,No,Yes,No,No,No,One year,No,Credit card (automatic),80.3,5017.7,No,60-72,No,No,No,Yes,2,78.4015625
3208-YPIOE,Male,No,No,No,39,Yes,Yes,Fiber optic,No,No,No,No,No,No,Month-to-month,No,Electronic check,75.25,3017.65,Yes,36-47,No,Yes,Yes,Yes,4,77.37564102564103
5816-JMLGY,Female,No,Yes,Yes,70,Yes,No,DSL,No,Yes,Yes,Yes,Yes,Yes,Two year,Yes,Bank transfer (automatic),80.4,5717.85,No,60-72,No,No,No,No,1,81.68357142857144
7938-OUHIO,Male,No,No,No,3,Yes,No,Fiber optic,No,No,Yes,Yes,Yes,Yes,Month-to-month,Yes,Electronic check,98.7,293.65,Yes,0-5,Yes,Yes,Yes,Yes,2,97.88333333333333
7781-EWARA,Male,No,Yes,Yes,70,No,No phone service,DSL,No,Yes,Yes,Yes,Yes,Yes,One year,No,Electronic check,60.35,4138.7,No,60-72,No,No,Yes,No,1,59.12428571428571
3165-HDOEW,Male,No,Yes,Yes,1,Yes,No,DSL,No,No,No,No,No,No,Month-to-month,Yes,Mailed check,45.85,45.85,Yes,0-5,Yes,Yes,No,No,4,45.85
1621-YNCJH,Female,No,Yes,No,36,Yes,Yes,Fiber optic,Yes,Yes,Yes,Yes,No,Yes,Two year,Yes,Credit card (automatic),106.05,3834.4,No,36-47,No,No,No,Yes,0,106.51111111111112
2302-ANTDP,Female,Yes,Yes,No,48,Yes,Yes,Fiber optic,Yes,Yes,Yes,Yes,Yes,Yes,Month-to-month,No,Electronic check,117.45,5438.9,Yes,48-59,No,Yes,Yes,Yes,0,113.31041666666664
1077-HUUJM,Female,No,No,Yes,7,Yes,No,Fiber optic,No,No,No,No,No,No,Month-to-month,Yes,Electronic check,71.05,472.65,No,6-11,No,Yes,Yes,Yes,4,67.52142857142857
3617-XLSGQ,Female,No,Yes,Yes,66,Yes,Yes,Fiber optic,Yes,Yes,Yes,No,Yes,Yes,Two year,No,Bank transfer (automatic),109.25,7082.5,No,60-72,No,No,No,Yes,1,107.31060606060606
1218-VKFPE,Female,No,Yes,Yes,12,Yes,No,No,No internet service,No internet service,No internet service,No internet service,No internet service,No internet service,Month-to-month,No,Mailed check,19.0,233.55,Yes,12-23,No,Yes,No,No,0,19.4625
4311-QTTAI,Female,No,No,No,16,Yes,No,No,No internet service,No internet service,No internet service,No internet service,No internet service,No internet service,One year,No,Credit card (automatic),19.35,295.55,No,12-23,No,No,No,No,0,18.471875
7054-LGEQW,Female,No,No,No,1,Yes,No,DSL,No,No,No,No,No,No,Month-to-month,No,Mailed check,45.95,45.95,Yes,0-5,Yes,Yes,No,No,4,45.95
6893-ODYYE,Male,No,No,No,50,Yes,No,Fiber optic,Yes,Yes,Yes,Yes,No,No,One year,Yes,Credit card (automatic),90.1,4549.45,No,48-59,No,No,No,Yes,0,90.989
0292-WEGCH,Female,No,Yes,Yes,54,Yes,Yes,DSL,No,Yes,Yes,Yes,Yes,Yes,Month-to-month,Yes,Electronic check,86.2,4524.05,No,48-59,No,Yes,Yes,No,1,83.77870370370371
9282-IZGQK,Female,No,No,No,1,Yes,Yes,Fiber optic,No,No,No,No,No,Yes,Month-to-month,Yes,Electronic check,85.0,85.0,Yes,0-5,Yes,Yes,Yes,Yes,4,85.0
6818-DJXAA,Female,No,No,Yes,10,Yes,No,Fiber optic,No,No,Yes,Yes,Yes,No,Month-to-month,Yes,Electronic check,91.1,964.35,No,6-11,No,Yes,Yes,Yes,2,96.435
8752-IMQOS,Male,No,Yes,Yes,5,Yes,No,No,No internet service,No internet service,No internet service,No internet service,No internet service,No internet service,One year,No,Mailed check,20.1,85.1,No,0-5,No,No,No,No,0,17.02
4578-PHJYZ,Male,No,Yes,Yes,52,Yes,No,DSL,No,Yes,Yes,Yes,Yes,No,One year,Yes,Electronic check,68.75,3482.85,No,48-59,No,No,Yes,No,1,66.97788461538461
9894-QMIMJ,Female,No,No,No,23,Yes,No,DSL,No,Yes,Yes,No,No,No,One year,No,Bank transfer (automatic),55.8,1327.85,No,12-23,No,No,No,No,2,57.73260869565217
9541-PWTWO,Female,No,No,No,52,Yes,Yes,DSL,No,No,Yes,Yes,Yes,Yes,Two year,Yes,Bank transfer (automatic),80.95,4233.95,No,48-59,No,No,No,No,2,81.42211538461538
3870-MQAMG,Female,No,Yes,No,54,Yes,Yes,Fiber optic,No,Yes,Yes,Yes,Yes,Yes,One year,No,Electronic check,110.35,5893.15,Yes,48-59,No,No,Yes,Yes,1,109.1324074074074
6447-GORXK,Male,No,No,Yes,31,No,No phone service,DSL,No,No,No,No,No,No,Month-to-month,No,Credit card (automatic),25.0,789.2,No,24-35,No,Yes,No,No,4,25.458064516129035
7643-RCHXS,Female,No,Yes,Yes,63,Yes,No,No,No internet service,No internet service,No internet service,No internet service,No internet service,No internet service,Two year,No,Electronic check,19.35,1263.85,No,60-72,No,No,Yes,No,0,20.06111111111111
5855-EIBDE,Female,No,Yes,No,49,Yes,Yes,Fiber optic,Yes,Yes,Yes,Yes,No,Yes,Two year,No,Credit card (automatic),106.65,5174.35,No,48-59,No,No,No,Yes,0,105.59897959183674
1768-HNVGJ,Female,Yes,No,No,45,Yes,Yes,DSL,Yes,No,No,Yes,No,Yes,Month-to-month,Yes,Electronic check,70.05,3062.45,No,36-47,No,Yes,Yes,No,2,68.05444444444444
1020-JPQOW,Female,No,Yes,No,56,Yes,Yes,Fiber optic,No,Yes,Yes,Yes,No,No,Month-to-month,No,Electronic check,90.55,5116.6,No,48-59,No,Yes,Yes,Yes,1,91.36785714285716
7872-BAAZR,Female,No,Yes,Yes,53,Yes,No,No,No internet service,No internet service,No internet service,No internet service,No internet service,No internet service,One year,No,Bank transfer (automatic),19.55,1007.9,No,48-59,No,No,No,No,0,19.016981132075472
3748-FVMZZ,Male,No,No,No,4,No,No phone service,DSL,No,No,No,Yes,No,Yes,Month-to-month,Yes,Electronic check,40.05,162.45,No,0-5,No,Yes,Yes,No,3,40.6125
5154-VEKBL,Female,No,No,No,9,No,No phone service,DSL,Yes,No,Yes,Yes,Yes,Yes,Month-to-month,No,Mailed check,58.5,539.85,Yes,6-11,No,Yes,No,No,1,59.98333333333333
1734-ZMNTZ,Female,No,Yes,Yes,11,Yes,Yes,No,No internet service,No internet service,No internet service,No internet service,No internet service,No internet service,Two year,No,Mailed check,25.0,300.7,No,6-11,No,No,No,No,0,27.33636363636364
2725-KXXWT,Male,No,Yes,No,1,Yes,No,Fiber optic,No,No,No,No,Yes,Yes,Month-to-month,Yes,Electronic check,90.75,90.75,Yes,0-5,Yes,Yes,Yes,Yes,4,90.75
1409-PHXTF,Male,Yes,Yes,No,54,Yes,Yes,Fiber optic,No,Yes,Yes,Yes,Yes,Yes,Two year,Yes,Electronic check,110.45,6077.75,No,48-59,No,No,Yes,Yes,1,112.55092592592592
8603-IJWDN,Male,No,No,No,1,Yes,Yes,Fiber optic,No,No,No,No,No,Yes,Month-to-month,Yes,Electronic check,86.6,86.6,Yes,0-5,Yes,Yes,Yes,Yes,4,86.6
4176-RELJR,Male,Yes,No,No,67,Yes,Yes,No,No internet service,No internet service,No internet service,No internet service,No internet service,No internet service,Two year,No,Credit card (automatic),25.1,1672.15,No,60-72,No,No,No,No,0,24.957462686567165
6591-QGOYB,Male,No,No,No,17,Yes,Yes,Fiber optic,Yes,Yes,Yes,Yes,Yes,No,Month-to-month,Yes,Bank transfer (automatic),106.65,1672.1,No,12-23,No,Yes,No,Yes,0,98.35882352941177
2070-XYMFH,Female,Yes,No,No,23,Yes,Yes,Fiber optic,No,No,Yes,No,No,No,Month-to-month,Yes,Mailed check,79.35,1835.3,No,12-23,No,Yes,No,Yes,3,79.79565217391304
4692-NNQRU,Female,No,Yes,No,21,Yes,No,Fiber optic,No,No,Yes,Yes,No,No,One year,No,Electronic check,79.2,1742.45,No,12-23,No,No,Yes,Yes,2,82.97380952380952
3523-BRGUW,Male,Yes,No,No,26,Yes,No,No,No internet service,No internet service,No internet service,No internet service,No internet service,No internet service,One year,No,Credit card (automatic),19.3,504.2,No,24-35,No,No,No,No,0,19.392307692307693
1078-TDCRN,Female,Yes,Yes,No,3,No,No phone service,DSL,No,Yes,No,No,No,No,Month-to-month,Yes,Electronic check,30.75,82.85,No,0-5,Yes,Yes,Yes,No,3,27.616666666666664
6668-CNMFP,Female,No,Yes,Yes,19,Yes,Yes,Fiber optic,No,No,No,Yes,No,Yes,One year,Yes,Bank transfer (automatic),89.35,1686.85,No,12-23,No,No,No,Yes,3,88.78157894736842
4123-FCVCB,Female,No,No,No,12,Yes,Yes,DSL,No,No,No,Yes,Yes,Yes,One year,Yes,Mailed check,75.85,854.45,No,12-23,No,No,No,No,3,71.20416666666667
2519-ERQOJ,Male,Yes,No,No,33,No,No phone service,DSL,No,No,Yes,Yes,Yes,Yes,Month-to-month,Yes,Electronic check,54.6,1803.7,No,24-35,No,Yes,Yes,No,2,54.65757575757576
6100-QQHEB,Male,No,Yes,Yes,17,Yes,Yes,Fiber optic,No,No,No,No,Yes,Yes,Month-to-month,Yes,Electronic check,92.55,1515.1,Yes,12-23,No,Yes,Yes,Yes,4,89.12352941176471
5394-MEITZ,Female,No,Yes,Yes,60,Yes,No,DSL,No,Yes,Yes,Yes,Yes,Yes,Two year,Yes,Bank transfer (automatic),80.6,4946.7,No,60-72,No,No,No,No,1,82.445
4815-GBTCD,Female,No,Yes,No,4,No,No phone service,DSL,No,No,No,No,No,No,Month-to-month,Yes,Electronic check,25.15,99.95,No,0-5,No,Yes,Yes,No,4,24.9875
6467-CHFZW,Male,No,Yes,Yes,47,Yes,Yes,Fiber optic,No,Yes,No,No,Yes,Yes,Month-to-month,Yes,Electronic check,99.35,4749.15,Yes,36-47,No,Yes,Yes,Yes,3,101.04574468085106
5304-EFJLP,Male,Yes,Yes,No,72,Yes,Yes,Fiber optic,No,Yes,Yes,Yes,Yes,Yes,Two year,Yes,Bank transfer (automatic),111.65,8022.85,No,60-72,No,No,No,Yes,1,111.42847222222224
5294-IMHHT,Male,No,Yes,No,53,Yes,Yes,Fiber optic,No,Yes,No,Yes,No,Yes,One year,No,Bank transfer (automatic),97.75,5043.2,No,48-59,No,No,No,Yes,2,95.15471698113208
4659-NZRUF,Female,No,No,No,19,Yes,Yes,Fiber optic,Yes,Yes,No,No,No,Yes,Month-to-month,Yes,Electronic check,95.15,1789.25,Yes,12-23,No,Yes,Yes,Yes,2,94.17105263157896
6143-JQKEA,Male,No,No,No,10,Yes,No,DSL,No,No,No,No,No,No,Month-to-month,Yes,Credit card (automatic),45.8,436.2,No,6-11,No,Yes,No,No,4,43.62
5174-RNGBH,Female,No,No,No,9,Yes,No,DSL,No,Yes,No,Yes,Yes,No,Month-to-month,No,Mailed check,66.25,620.55,Yes,6-11,No,Yes,No,No,2,68.94999999999999
4854-SSLTN,Male,No,Yes,Yes,2,Yes,No,DSL,Yes,Yes,No,Yes,No,No,Two year,No,Mailed check,59.5,130.5,No,0-5,Yes,No,No,No,1,65.25
4350-ZTLPI,Female,No,Yes,No,53,Yes,Yes,Fiber optic,No,Yes,Yes,Yes,Yes,Yes,One year,Yes,Bank transfer (automatic),108.95,5718.2,No,48-59,No,No,No,Yes,1,107.89056603773584
8099-MZPUJ,Male,No,Yes,Yes,48,Yes,Yes,Fiber optic,Yes,Yes,Yes,Yes,Yes,Yes,Two year,No,Credit card (automatic),111.8,5443.65,No,48-59,No,No,No,Yes,0,113.409375
5791-KAJFD,Female,No,Yes,Yes,56,Yes,Yes,DSL,Yes,No,Yes,No,No,Yes,One year,Yes,Bank transfer (automatic),68.75,3808.0,No,48-59,No,No,No,No,2,68.0
4482-EWFMI,Female,No,No,No,2,Yes,No,Fiber optic,No,No,No,No,No,No,Month-to-month,Yes,Electronic check,69.7,135.2,No,0-5,Yes,Yes,Yes,Yes,4,67.6
9953-ZMKSM,Male,No,No,No,63,Yes,Yes,No,No internet service,No internet service,No internet service,No internet service,No internet service,No internet service,Two year,No,Mailed check,25.25,1559.3,No,60-72,No,No,No,No,0,24.75079365079365
4623-ZKHLY,Male,No,Yes,No,22,Yes,No,No,No internet service,No internet service,No internet service,No internet service,No internet service,No internet service,Month-to-month,Yes,Bank transfer (automatic),20.45,471.55,No,12-23,No,Yes,No,No,0,21.43409090909091
7147-AYBAA,Male,No,No,No,37,Yes,No,Fiber optic,No,No,No,No,No,No,Month-to-month,Yes,Mailed check,70.35,2552.9,No,36-47,No,Yes,No,Yes,4,68.9972972972973
8499-BRXTD,Male,No,No,No,18,Yes,No,No,No internet service,No internet service,No internet service,No internet service,No internet service,No internet service,One year,No,Mailed check,20.1,401.85,No,12-23,No,No,No,No,0,22.325000000000003
8413-YNHNV,Male,No,No,No,69,Yes,Yes,DSL,Yes,Yes,Yes,Yes,Yes,Yes,Two year,No,Mailed check,90.65,6322.1,No,60-72,No,No,No,No,0,91.62463768115944
1755-FZQEC,Male,No,No,No,39,Yes,No,No,No internet service,No internet service,No internet service,No internet service,No internet service,No internet service,One year,No,Mailed check,19.9,791.15,No,36-47,No,No,No,No,0,20.28589743589744
8070-AAWZP,Male,Yes,Yes,No,24,No,No phone service,DSL,No,No,Yes,Yes,No,No,Month-to-month,No,Mailed check,34.25,828.2,No,24-35,No,Yes,No,No,2,34.50833333333333
8630-FJLIB,Female,No,No,No,18,Yes,No,Fiber optic,No,No,No,No,No,No,Month-to-month,Yes,Electronic check,69.8,1221.65,No,12-23,No,Yes,Yes,Yes,4,67.86944444444445
8182-PNAGI,Male,No,No,No,12,Yes,No,DSL,No,No,No,Yes,No,No,Month-to-month,No,Bank transfer (automatic),50.25,593.75,Yes,12-23,No,Yes,No,No,3,49.47916666666666
4918-FYJNT,Female,Yes,Yes,No,55,Yes,Yes,Fiber optic,No,Yes,Yes,Yes,No,No,Month-to-month,No,Electronic check,90.45,5044.8,No,48-59,No,Yes,Yes,Yes,1,91.72363636363636
5172-MIGPM,Male,No,No,No,4,Yes,Yes,DSL,No,No,No,Yes,No,Yes,Month-to-month,No,Mailed check,65.55,237.2,No,0-5,No,Yes,No,No,3,59.3
6137-MFAJN,Female,No,No,No,48,No,No phone service,DSL,Yes,Yes,No,No,Yes,No,Month-to-month,Yes,Electronic check,44.8,2104.55,No,48-59,No,Yes,Yes,No,2,43.84479166666667
5202-IVJNU,Female,No,No,Yes,39,No,No phone service,DSL,No,No,Yes,No,No,No,Month-to-month,No,Credit card (automatic),30.1,1131.3,Yes,36-47,No,Yes,No,No,3,29.007692307692302
5321-NTRKC,Male,No,Yes,Yes,66,Yes,Yes,DSL,No,Yes,Yes,No,Yes,Yes,Two year,No,Bank transfer (automatic),79.85,5234.95,No,60-72,No,No,No,No,2,79.31742424242424
6235-VDHOM,Female,Yes,No,No,5,No,No phone service,DSL,No,Yes,No,No,No,No,Month-to-month,No,Electronic check,28.45,131.05,Yes,0-5,No,Yes,Yes,No,3,26.21
0378-CJKPV,Female,No,Yes,No,72,Yes,Yes,Fiber optic,Yes,Yes,Yes,Yes,Yes,Yes,Two year,No,Credit card (automatic),112.1,7965.95,No,60-72,No,No,No,Yes,0,110.63819444444444
8019-ENHXU,Male,No,Yes,No,42,Yes,Yes,Fiber optic,No,Yes,Yes,Yes,No,Yes,Month-to-month,Yes,Electronic check,99.45,4138.05,Yes,36-47,No,Yes,Yes,Yes,1,98.525
1092-WPIVQ,Female,No,Yes,Yes,18,Yes,Yes,No,No internet service,No internet service,No internet service,No internet service,No internet service,No internet service,Two year,No,Mailed check,25.1,428.45,No,12-23,No,No,No,No,0,23.802777777777777
4465-VDKIQ,Female,No,No,No,18,Yes,No,Fiber optic,No,Yes,Yes,No,No,No,Month-to-month,No,Electronic check,77.8,1358.6,No,12-23,No,Yes,Yes,Yes,2,75.47777777777777
7576-ASEJU,Female,No,Yes,Yes,41,Yes,No,DSL,Yes,No,No,Yes,Yes,Yes,One year,Yes,Credit card (automatic),74.7,3187.65,No,36-47,No,No,No,No,2,77.74756097560976
4079-ULGFR,Male,No,No,No,16,Yes,No,No,No internet service,No internet service,No internet service,No internet service,No internet service,No internet service,Month-to-month,No,Mailed check,20.0,275.7,No,12-23,No,Yes,No,No,0,17.23125
5067-XJQFU,Male,Yes,Yes,Yes,66,Yes,Yes,Fiber optic,No,Yes,Yes,Yes,Yes,Yes,One year,Yes,Electronic check,108.45,7076.35,No,60-72,No,No,Yes,Yes,1,107.21742424242424
4822-NGOCH,Female,No,No,No,13,Yes,Yes,Fiber optic,No,Yes,Yes,No,No,No,Month-to-month,Yes,Electronic check,84.45,1058.6,Yes,12-23,No,Yes,Yes,Yes,2,81.43076923076923
2027-WKXMW,Female,No,Yes,No,63,Yes,Yes,Fiber optic,No,Yes,Yes,Yes,Yes,Yes,Month-to-month,Yes,Electronic check,108.75,6871.7,No,60-72,No,Yes,Yes,Yes,1,109.07460317460315
2002-MZHWP,Female,No,No,No,1,Yes,No,No,No internet service,No internet service,No internet service,No internet service,No internet service,No internet service,Month-to-month,No,Mailed check,20.5,20.5,Yes,0-5,Yes,Yes,No,No,0,20.5
7694-VLBWQ,Male,No,Yes,No,67,Yes,Yes,Fiber optic,No,Yes,Yes,No,Yes,Yes,One year,No,Electronic check,104.1,7040.85,Yes,60-72,No,No,Yes,Yes,2,105.08731343283584
4484-CGXFK,Female,No,No,No,3,Yes,No,DSL,No,No,No,No,No,Yes,Month-to-month,Yes,Electronic check,55.3,196.15,Yes,0-5,Yes,Yes,Yes,No,4,65.38333333333334
7130-VTEWQ,Female,Yes,No,No,8,Yes,Yes,Fiber optic,No,No,No,No,No,No,Month-to-month,Yes,Electronic check,75.75,606.25,Yes,6-11,No,Yes,Yes,Yes,4,75.78125
8149-AIQCG,Male,No,No,No,39,Yes,Yes,Fiber optic,No,No,No,No,No,No,Month-to-month,Yes,Credit card (automatic),73.15,2730.85,No,36-47,No,Yes,No,Yes,4,70.02179487179487
0895-LNKRC,Male,No,Yes,Yes,6,Yes,No,No,No internet service,No internet service,No internet service,No internet service,No internet service,No internet service,One year,No,Mailed check,19.45,113.5,No,6-11,No,No,No,No,0,18.916666666666668
6082-OQFBA,Male,No,Yes,Yes,23,Yes,No,No,No internet service,No internet service,No internet service,No internet service,No internet service,No internet service,One year,No,Mailed check,19.65,436.9,No,12-23,No,No,No,No,0,18.995652173913044
9524-EGPJC,Female,No,No,No,18,Yes,Yes,Fiber optic,No,No,No,Yes,No,Yes,Month-to-month,Yes,Electronic check,90.1,1612.75,Yes,12-23,No,Yes,Yes,Yes,3,89.59722222222223
0135-NMXAP,Female,No,No,No,12,Yes,Yes,Fiber optic,No,Yes,No,No,Yes,No,Month-to-month,Yes,Bank transfer (automatic),89.75,1052.4,Yes,12-23,No,Yes,No,Yes,3,87.7
9086-YJYXS,Male,No,Yes,Yes,34,Yes,Yes,DSL,No,No,Yes,No,Yes,Yes,One year,No,Bank transfer (automatic),77.2,2753.8,No,24-35,No,No,No,No,3,80.99411764705883
0147-ESWWR,Female,Yes,Yes,No,39,Yes,Yes,Fiber optic,No,No,No,Yes,Yes,Yes,Month-to-month,Yes,Electronic check,101.25,3949.15,No,36-47,No,Yes,Yes,Yes,3,101.26025641025642
9919-KNPOO,Female,No,Yes,No,21,Yes,Yes,Fiber optic,No,No,No,No,Yes,Yes,Month-to-month,Yes,Electronic check,94.3,1948.35,No,12-23,No,Yes,Yes,Yes,4,92.77857142857142
6362-QHAFM,Male,No,Yes,No,42,Yes,Yes,Fiber optic,No,No,Yes,Yes,Yes,Yes,One year,Yes,Electronic check,108.3,4586.15,No,36-47,No,No,Yes,Yes,2,109.1940476190476
9565-AXSMR,Male,No,Yes,Yes,52,Yes,No,No,No internet service,No internet service,No internet service,No internet service,No internet service,No internet service,Two year,No,Mailed check,19.2,1054.75,No,48-59,No,No,No,No,0,20.283653846153847
5020-ZSTTY,Female,Yes,No,No,54,Yes,Yes,DSL,Yes,Yes,No,Yes,Yes,Yes,One year,No,Bank transfer (automatic),82.45,4350.1,Yes,48-59,No,No,No,No,1,80.55740740740741
6214-EDAKZ,Female,No,Yes,Yes,22,Yes,No,DSL,No,Yes,No,Yes,No,No,Month-to-month,No,Electronic check,55.15,1206.05,Yes,12-23,No,Yes,Yes,No,2,54.82045454545455
8734-FNWVH,Male,No,Yes,Yes,31,Yes,Yes,DSL,No,No,No,No,No,Yes,Month-to-month,No,Bank transfer (automatic),59.7,1825.5,No,24-35,No,Yes,No,No,4,58.88709677419355
4086-WITJG,Male,No,Yes,Yes,71,Yes,No,No,No internet service,No internet service,No internet service,No internet service,No internet service,No internet service,Two year,No,Credit card (automatic),19.7,1301.1,No,60-72,No,No,No,No,0,18.32535211267605
1338-CECEE,Male,No,Yes,Yes,41,Yes,Yes,DSL,No,Yes,Yes,No,Yes,No,One year,No,Bank transfer (automatic),68.5,2839.95,No,36-47,No,No,No,No,2,69.2670731707317
2486-WYVVE,Male,No,Yes,No,31,Yes,Yes,DSL,No,No,Yes,Yes,Yes,Yes,One year,Yes,Mailed check,79.3,2484.0,No,24-35,No,No,No,No,2,80.12903225806451
4393-OBCRR,Female,No,No,No,3,Yes,No,No,No internet service,No internet service,No internet service,No internet service,No internet service,No internet service,One year,No,Mailed check,20.25,71.2,No,0-5,Yes,No,No,No,0,23.73333333333333
5204-QZXPU,Male,No,No,No,19,No,No phone service,DSL,No,No,Yes,No,Yes,No,Month-to-month,Yes,Electronic check,39.65,733.35,Yes,12-23,No,Yes,Yes,No,3,38.59736842105264
6402-ZFPPI,Female,Yes,No,No,25,Yes,Yes,Fiber optic,Yes,Yes,No,No,Yes,Yes,Month-to-month,Yes,Mailed check,102.8,2660.2,Yes,24-35,No,Yes,No,Yes,2,106.408
4291-HYEBC,Female,Yes,Yes,Yes,28,No,No phone service,DSL,No,Yes,No,No,No,Yes,One year,Yes,Electronic check,39.1,1096.6,No,24-35,No,No,Yes,No,3,39.16428571428571
3814-MLAXC,Female,No,No,No,31,Yes,Yes,Fiber optic,No,No,No,Yes,No,No,Month-to-month,Yes,Credit card (automatic),79.85,2404.15,Yes,24-35,No,Yes,No,Yes,3,77.55322580645162
0404-SWRVG,Male,No,No,No,3,Yes,Yes,Fiber optic,No,No,No,No,No,No,Month-to-month,Yes,Electronic check,74.4,229.55,Yes,0-5,Yes,Yes,Yes,Yes,4,76.51666666666667
7306-YDSOI,Male,No,Yes,Yes,69,Yes,No,DSL,Yes,Yes,Yes,No,No,No,Two year,Yes,Bank transfer (automatic),59.75,4069.9,No,60-72,No,No,No,No,1,58.984057971014494
6484-LATFU,Male,No,No,No,68,Yes,Yes,No,No internet service,No internet service,No internet service,No internet service,No internet service,No internet service,Two year,No,Mailed check,24.55,1657.4,No,60-72,No,No,No,No,0,24.373529411764707
7817-BOQPW,Female,No,No,No,2,Yes,Yes,Fiber optic,No,No,No,No,No,No,Month-to-month,Yes,Electronic check,75.55,166.3,Yes,0-5,Yes,Yes,Yes,Yes,4,83.15
4849-PYRLQ,Female,Yes,No,No,56,Yes,Yes,DSL,Yes,No,Yes,Yes,No,Yes,Two year,No,Bank transfer (automatic),73.25,4054.2,No,48-59,No,No,No,No,1,72.39642857142857
6518-LGAOV,Female,No,Yes,No,38,Yes,Yes,Fiber optic,No,No,Yes,Yes,Yes,Yes,Month-to-month,Yes,Electronic check,105.0,4026.4,Yes,36-47,No,Yes,Yes,Yes,2,105.9578947368421
0568-ONFPC,Male,No,Yes,Yes,5,Yes,Yes,No,No internet service,No internet service,No internet service,No internet service,No internet service,No internet service,Month-to-month,Yes,Bank transfer (automatic),25.9,135.0,Yes,0-5,No,Yes,No,No,0,27.0
5248-KWLAR,Male,No,Yes,Yes,71,Yes,Yes,DSL,Yes,Yes,Yes,Yes,Yes,Yes,Two year,No,Electronic check,90.35,6325.25,No,60-72,No,No,Yes,No,0,89.08802816901408
1304-SEGFY,Female,No,Yes,No,72,Yes,Yes,Fiber optic,No,No,Yes,No,Yes,Yes,Two year,Yes,Electronic check,97.85,6841.3,No,60-72,No,No,Yes,Yes,3,95.01805555555556
7596-IIWYC,Female,No,No,No,27,Yes,No,No,No internet service,No internet service,No internet service,No internet service,No internet service,No internet service,Two year,Yes,Bank transfer (automatic),20.25,538.2,No,24-35,No,No,No,No,0,19.933333333333334
2402-TAIRZ,Female,No,No,No,37,Yes,No,Fiber optic,No,Yes,Yes,No,No,No,One year,No,Electronic check,80.05,3019.1,No,36-47,No,No,Yes,Yes,2,81.59729729729729
5018-GWURO,Female,No,Yes,No,56,Yes,Yes,Fiber optic,No,No,No,No,Yes,No,Month-to-month,Yes,Bank transfer (automatic),85.6,4902.8,No,48-59,No,Yes,No,Yes,4,87.55
0701-TJSEF,Male,No,No,No,9,Yes,No,DSL,Yes,No,Yes,Yes,No,Yes,Month-to-month,Yes,Bank transfer (automatic),68.25,576.95,No,6-11,No,Yes,No,No,1,64.10555555555555
3363-EWLGO,Female,No,No,No,5,Yes,No,No,No internet service,No internet service,No internet service,No internet service,No internet service,No internet service,Month-to-month,No,Mailed check,19.95,109.6,No,0-5,No,Yes,No,No,0,21.92
1543-LLLFT,Male,Yes,Yes,No,61,Yes,Yes,Fiber optic,No,Yes,Yes,Yes,Yes,No,One year,Yes,Mailed check,98.3,6066.55,No,60-72,No,No,No,Yes,1,99.4516393442623
7359-WWYJV,Male,No,Yes,No,72,Yes,Yes,Fiber optic,Yes,Yes,Yes,Yes,Yes,Yes,Two year,No,Credit card (automatic),114.45,8375.05,No,60-72,No,No,No,Yes,0,116.32013888888888
0488-GSLFR,Female,No,No,No,1,Yes,No,Fiber optic,No,No,No,No,No,No,Month-to-month,Yes,Electronic check,69.5,69.5,Yes,0-5,Yes,Yes,Yes,Yes,4,69.5
0136-IFMYD,Male,Yes,Yes,No,69,Yes,Yes,Fiber optic,No,Yes,Yes,Yes,Yes,Yes,Two year,Yes,Electronic check,109.95,7634.25,No,60-72,No,No,Yes,Yes,1,110.6413043478261
2604-XVDAM,Female,No,No,No,12,Yes,No,DSL,No,No,No,No,No,No,Month-to-month,No,Bank transfer (automatic),43.8,540.95,No,12-23,No,Yes,No,No,4,45.07916666666667
3739-YBWAB,Male,No,Yes,No,36,No,No phone service,DSL,Yes,No,Yes,No,No,No,One year,No,Mailed check,35.35,1317.95,No,36-47,No,No,No,No,2,36.609722222222224
7752-XUSCI,Female,No,No,No,60,Yes,Yes,Fiber optic,No,Yes,Yes,No,Yes,Yes,Month-to-month,Yes,Electronic check,105.9,6396.45,Yes,60-72,No,Yes,Yes,Yes,2,106.6075
3638-VBZTA,Male,No,No,Yes,68,Yes,Yes,DSL,Yes,Yes,No,Yes,Yes,Yes,Two year,Yes,Bank transfer (automatic),86.5,5882.75,No,60-72,No,No,No,No,1,86.51102941176471
3472-QPRCH,Male,No,Yes,Yes,40,Yes,Yes,No,No internet service,No internet service,No internet service,No internet service,No internet service,No internet service,Two year,No,Credit card (automatic),25.25,1006.9,No,36-47,No,No,No,No,0,25.1725
4139-JPIAM,Male,No,No,No,51,No,No phone service,DSL,Yes,No,No,Yes,No,Yes,Month-to-month,Yes,Credit card (automatic),44.45,2181.55,No,48-59,No,Yes,No,No,2,42.77549019607844
4884-ZTHVF,Female,Yes,No,No,8,Yes,No,Fiber optic,No,Yes,No,No,Yes,No,Month-to-month,Yes,Electronic check,87.1,713.6,No,6-11,No,Yes,Yes,Yes,3,89.2
7727-SHVZV,Female,No,No,No,9,Yes,No,No,No internet service,No internet service,No internet service,No internet service,No internet service,No internet service,Month-to-month,No,Bank transfer (automatic),19.5,150.35,No,6-11,No,Yes,No,No,0,16.705555555555556
4801-KFYKL,Male,No,No,Yes,8,Yes,No,No,No internet service,No internet service,No internet service,No internet service,No internet service,No internet service,Month-to-month,No,Bank transfer (automatic),19.45,159.2,No,6-11,No,Yes,No,No,0,19.9
2472-OVKUP,Male,No,Yes,No,6,Yes,No,Fiber optic,No,Yes,Yes,No,No,Yes,Month-to-month,Yes,Electronic check,91.0,531.0,Yes,6-11,No,Yes,Yes,Yes,2,88.5
2484-DGXPZ,Female,No,Yes,Yes,31,Yes,No,No,No internet service,No internet service,No internet service,No internet service,No internet service,No internet service,Month-to-month,Yes,Mailed check,19.55,658.95,Yes,24-35,No,Yes,No,No,0,21.256451612903227
7302-ZHMHP,Female,No,No,No,1,Yes,No,No,No internet service,No internet service,No internet service,No internet service,No internet service,No internet service,Month-to-month,No,Mailed check,19.15,19.15,No,0-5,Yes,Yes,No,No,0,19.15
0811-GSDTP,Female,No,No,Yes,13,No,No phone service,DSL,No,Yes,No,No,No,No,Month-to-month,No,Electronic check,30.15,382.2,No,12-23,No,Yes,Yes,No,3,29.4
2924-KHUVI,Male,No,Yes,No,56,Yes,Yes,Fiber optic,Yes,No,No,No,Yes,Yes,One year,Yes,Electronic check,100.55,5514.95,No,48-59,No,No,Yes,Yes,3,98.48125
0853-TWRVK,Male,No,Yes,No,72,Yes,Yes,Fiber optic,Yes,Yes,Yes,Yes,No,Yes,Two year,No,Bank transfer (automatic),105.6,7581.5,No,60-72,No,No,No,Yes,0,105.29861111111111
4343-EJVQB,Male,No,No,No,7,Yes,No,Fiber optic,Yes,No,No,No,No,No,Month-to-month,No,Mailed check,74.35,533.6,No,6-11,No,Yes,No,Yes,3,76.22857142857143
1452-UZOSF,Male,No,Yes,Yes,72,Yes,Yes,Fiber optic,Yes,Yes,Yes,Yes,Yes,No,Two year,Yes,Credit card (automatic),106.1,7548.6,No,60-72,No,No,No,Yes,0,104.84166666666668
8821-KVZKQ,Female,No,Yes,Yes,70,No,No phone service,DSL,No,Yes,Yes,Yes,Yes,Yes,One year,Yes,Bank transfer (automatic),58.4,4113.15,No,60-72,No,No,No,No,1,58.75928571428571
8859-YSTWS,Male,No,No,No,48,Yes,No,No,No internet service,No internet service,No internet service,No internet service,No internet service,No internet service,One year,No,Bank transfer (automatic),19.95,1004.5,No,48-59,No,No,No,No,0,20.92708333333333
7945-HLKEA,Female,No,No,No,60,Yes,Yes,DSL,Yes,No,Yes,Yes,No,No,One year,No,Electronic check,64.75,4039.5,No,60-72,No,No,Yes,No,1,67.325
3853-LYGAM,Male,No,No,No,17,Yes,Yes,Fiber optic,No,No,Yes,Yes,No,Yes,Month-to-month,Yes,Bank transfer (automatic),95.65,1640.0,No,12-23,No,Yes,No,Yes,2,96.47058823529412
0795-GMVQO,Male,No,Yes,No,67,Yes,Yes,Fiber optic,Yes,Yes,Yes,No,Yes,Yes,One year,No,Credit card (automatic),109.9,7332.4,No,60-72,No,No,No,Yes,1,109.43880597014925
4893-GYUJU,Female,No,No,No,50,Yes,No,No,No internet service,No internet service,No internet service,No internet service,No internet service,No internet service,One year,Yes,Mailed check,19.35,1033.0,No,48-59,No,No,No,No,0,20.66
9317-WZPGV,Female,Yes,No,No,2,Yes,No,Fiber optic,No,No,No,No,No,Yes,Month-to-month,Yes,Bank transfer (automatic),79.75,159.4,Yes,0-5,Yes,Yes,No,Yes,4,79.7
8874-EJNSR,Male,No,Yes,Yes,39,Yes,Yes,No,No internet service,No internet service,No internet service,No internet service,No internet service,No internet service,Two year,No,Mailed check,25.2,987.95,No,36-47,No,No,No,No,0,25.33205128205128
1796-JANOW,Female,No,No,No,2,Yes,No,No,No internet service,No internet service,No internet service,No internet service,No internet service,No internet service,Month-to-month,No,Mailed check,19.95,38.15,No,0-5,Yes,Yes,No,No,0,19.075
6174-NRBTZ,Male,No,No,No,46,No,No phone service,DSL,Yes,No,No,No,No,No,One year,Yes,Bank transfer (automatic),30.75,1489.3,No,36-47,No,No,No,No,3,32.37608695652174
4836-WNFNO,Female,No,Yes,No,72,Yes,Yes,No,No internet service,No internet service,No internet service,No internet service,No internet service,No internet service,Two year,No,Credit card (automatic),25.0,1849.2,No,60-72,No,No,No,No,0,25.683333333333334
8766-PAFNE,Male,No,Yes,No,71,Yes,No,DSL,No,Yes,Yes,Yes,Yes,Yes,Two year,Yes,Credit card (automatic),79.1,5564.85,No,60-72,No,No,No,No,1,78.3781690140845
4285-GYRQC,Female,No,Yes,No,7,Yes,No,Fiber optic,No,No,Yes,No,Yes,No,Month-to-month,Yes,Electronic check,86.25,587.1,Yes,6-11,No,Yes,Yes,Yes,3,83.87142857142858
6582-OIVSP,Female,No,No,No,1,Yes,No,DSL,No,No,No,No,No,No,Month-to-month,No,Mailed check,45.3,45.3,No,0-5,Yes,Yes,No,No,4,45.3
8780-YRMTT,Female,No,No,No,66,No,No phone service,DSL,Yes,Yes,Yes,Yes,No,No,Two year,Yes,Mailed check,47.4,3177.25,No,60-72,No,No,No,No,0,48.14015151515152
9828-QHFBK,Male,No,No,No,24,Yes,No,DSL,Yes,No,No,No,No,No,Month-to-month,Yes,Electronic check,51.15,1275.7,No,24-35,No,Yes,Yes,No,3,53.15416666666667
6513-EECDB,Male,Yes,Yes,No,1,Yes,Yes,Fiber optic,No,No,No,No,No,No,Month-to-month,Yes,Electronic check,73.55,73.55,Yes,0-5,Yes,Yes,Yes,Yes,4,73.55
2234-EOFPT,Male,No,Yes,No,72,Yes,No,DSL,Yes,Yes,No,Yes,Yes,Yes,Two year,Yes,Bank transfer (automatic),79.35,5753.25,No,60-72,No,No,No,No,1,79.90625
4000-VGMQP,Male,No,Yes,Yes,38,Yes,Yes,DSL,No,Yes,Yes,No,Yes,Yes,One year,No,Credit card (automatic),78.95,2862.55,No,36-47,No,No,No,No,2,75.33026315789475
2380-DAMQP,Female,No,Yes,No,72,Yes,Yes,Fiber optic,Yes,Yes,Yes,Yes,Yes,Yes,Two year,No,Electronic check,115.15,8349.7,No,60-72,No,No,Yes,Yes,0,115.96805555555557
5360-XGYAZ,Male,No,Yes,Yes,72,No,No phone service,DSL,Yes,Yes,Yes,Yes,Yes,Yes,Two year,Yes,Bank transfer (automatic),65.65,4664.5,No,60-72,No,No,No,No,0,64.78472222222223
4661-NJEUX,Male,No,No,No,1,Yes,No,No,No internet service,No internet service,No internet service,No internet service,No internet service,No internet service,Month-to-month,Yes,Mailed check,20.05,20.05,No,0-5,Yes,Yes,No,No,0,20.05
1986-PHGZF,Male,Yes,No,No,18,Yes,Yes,DSL,Yes,Yes,No,No,No,No,Month-to-month,Yes,Credit card (automatic),58.4,964.9,No,12-23,No,Yes,No,No,2,53.605555555555554
4747-LCAQL,Male,No,No,No,25,Yes,No,DSL,Yes,Yes,No,Yes,Yes,Yes,Month-to-month,Yes,Mailed check,79.0,1902.0,No,24-35,No,Yes,No,No,1,76.08
0440-MOGPM,Female,No,No,No,41,Yes,Yes,DSL,No,Yes,Yes,No,Yes,Yes,One year,Yes,Electronic check,80.55,3263.9,No,36-47,No,No,Yes,No,2,79.60731707317073
1498-NHTLT,Male,No,Yes,Yes,59,Yes,No,DSL,Yes,Yes,Yes,Yes,Yes,Yes,Two year,Yes,Electronic check,86.75,5186.0,No,48-59,No,No,Yes,No,0,87.89830508474576
9894-EZEWG,Female,No,No,No,1,Yes,No,Fiber optic,No,Yes,No,No,No,No,Month-to-month,Yes,Credit card (automatic),74.3,74.3,Yes,0-5,Yes,Yes,No,Yes,3,74.3
0306-JAELE,Male,No,No,No,5,Yes,No,Fiber optic,No,No,No,Yes,Yes,Yes,Month-to-month,Yes,Electronic check,96.1,453.4,Yes,0-5,No,Yes,Yes,Yes,3,90.68
9885-AIBVB,Male,No,Yes,No,29,Yes,Yes,Fiber optic,No,Yes,Yes,No,No,No,Month-to-month,Yes,Electronic check,85.8,2440.25,No,24-35,No,Yes,Yes,Yes,2,84.14655172413794
2696-NARTR,Male,No,No,No,11,Yes,No,Fiber optic,No,No,No,Yes,No,No,Month-to-month,Yes,Electronic check,73.85,926.25,Yes,6-11,No,Yes,Yes,Yes,3,84.20454545454545
4673-KKSLS,Female,No,No,No,31,Yes,No,Fiber optic,Yes,No,Yes,Yes,No,No,Month-to-month,No,Electronic check,87.6,2724.25,No,24-35,No,Yes,Yes,Yes,1,87.87903225806451
6210-KBBPI,Male,Yes,No,No,9,Yes,Yes,Fiber optic,No,Yes,No,No,Yes,Yes,Month-to-month,Yes,Credit card (automatic),99.45,919.4,Yes,6-11,No,Yes,No,Yes,3,102.15555555555557
1777-JYQPJ,Male,No,No,No,2,No,No phone service,DSL,No,No,No,No,No,No,Month-to-month,No,Mailed check,24.3,38.45,No,0-5,Yes,Yes,No,No,4,19.225
1492-KGETH,Male,No,Yes,Yes,70,Yes,Yes,DSL,Yes,Yes,Yes,Yes,No,Yes,One year,No,Bank transfer (automatic),78.35,5445.95,No,60-72,No,No,No,No,0,77.79928571428572
4366-CTOUZ,Female,No,No,No,50,Yes,No,Fiber optic,No,Yes,No,Yes,Yes,Yes,Two year,Yes,Mailed check,100.2,5038.45,No,48-59,No,No,No,Yes,2,100.769
8095-WANWK,Female,No,No,No,10,Yes,No,DSL,No,No,No,No,No,No,Month-to-month,No,Mailed check,45.25,428.7,No,6-11,No,Yes,No,No,4,42.87
5724-BIDBU,Male,No,Yes,No,49,Yes,Yes,DSL,Yes,No,No,No,No,No,One year,Yes,Electronic check,55.35,2633.95,No,48-59,No,No,Yes,No,3,53.754081632653055
8659-IOOPU,Female,No,Yes,Yes,71,Yes,Yes,Fiber optic,Yes,No,Yes,Yes,No,Yes,Two year,No,Electronic check,100.45,7159.7,No,60-72,No,No,Yes,Yes,1,100.84084507042252
2019-HDCZY,Male,No,Yes,No,63,Yes,Yes,Fiber optic,No,No,Yes,No,Yes,Yes,Two year,No,Electronic check,102.6,6296.75,No,60-72,No,No,Yes,Yes,3,99.9484126984127
0895-DQHEW,Male,No,Yes,No,54,Yes,Yes,Fiber optic,No,Yes,Yes,No,Yes,Yes,Month-to-month,Yes,Electronic check,104.3,5278.15,Yes,48-59,No,Yes,Yes,Yes,2,97.74351851851851
3721-CNZHX,Male,No,No,No,15,Yes,No,No,No internet service,No internet service,No internet service,No internet service,No internet service,No internet service,One year,No,Mailed check,19.8,304.6,No,12-23,No,No,No,No,0,20.30666666666667
3039-MJSLN,Male,No,No,Yes,3,Yes,No,No,No internet service,No internet service,No internet service,No internet service,No internet service,No internet service,Month-to-month,No,Bank transfer (automatic),20.2,50.6,No,0-5,Yes,Yes,No,No,0,16.866666666666667
3521-MNKLV,Male,No,No,No,24,Yes,No,DSL,No,No,Yes,No,No,No,Month-to-month,Yes,Mailed check,49.7,1167.8,No,24-35,No,Yes,No,No,3,48.65833333333333
4504-YOULA,Female,No,Yes,Yes,35,Yes,Yes,DSL,Yes,Yes,No,No,No,No,Month-to-month,Yes,Credit card (automatic),59.45,2136.9,No,24-35,No,Yes,No,No,2,61.05428571428572
9878-TNQGW,Male,No,No,No,2,Yes,No,Fiber optic,No,No,No,No,No,Yes,Month-to-month,Yes,Electronic check,80.95,171.15,Yes,0-5,Yes,Yes,Yes,Yes,4,85.575
0343-QLUZP,Male,No,No,No,60,No,No phone service,DSL,Yes,Yes,Yes,No,No,No,Two year,No,Bank transfer (automatic),39.6,2424.5,No,60-72,No,No,No,No,1,40.40833333333333
2880-FPNAE,Male,Yes,Yes,No,2,Yes,No,Fiber optic,No,No,Yes,No,No,No,Month-to-month,Yes,Electronic check,74.2,140.1,No,0-5,Yes,Yes,Yes,Yes,3,70.05
2034-CGRHZ,Male,Yes,No,No,24,Yes,Yes,Fiber optic,No,Yes,Yes,No,Yes,Yes,Month-to-month,Yes,Credit card (automatic),102.95,2496.7,Yes,24-35,No,Yes,No,Yes,2,104.02916666666664
8259-DZLIZ,Female,No,Yes,Yes,64,Yes,Yes,DSL,No,Yes,No,No,No,No,One year,Yes,Bank transfer (automatic),53.85,3399.85,No,60-72,No,No,No,No,3,53.12265625
4847-TAJYI,Female,Yes,No,No,6,Yes,No,Fiber optic,No,No,No,No,Yes,Yes,Month-to-month,Yes,Electronic check,89.35,567.8,No,6-11,No,Yes,Yes,Yes,4,94.63333333333333
5649-VUKMC,Female,No,No,No,12,Yes,No,Fiber optic,No,No,Yes,No,Yes,Yes,One year,No,Mailed check,95.5,1115.15,Yes,12-23,No,No,No,Yes,3,92.92916666666667
9348-YVOMK,Male,No,No,No,4,Yes,No,DSL,No,No,No,No,No,No,Month-to-month,Yes,Credit card (automatic),44.8,176.2,No,0-5,No,Yes,No,No,4,44.05
5567-WSELE,Male,Yes,Yes,No,3,Yes,Yes,Fiber optic,No,No,No,No,Yes,Yes,Month-to-month,Yes,Electronic check,94.6,279.55,Yes,0-5,Yes,Yes,Yes,Yes,4,93.18333333333334
6992-TKNYO,Male,No,Yes,No,38,Yes,Yes,DSL,No,No,Yes,Yes,No,Yes,One year,No,Credit card (automatic),69.0,2669.45,No,36-47,No,No,No,No,2,70.2486842105263
0487-RPVUM,Male,No,Yes,No,61,Yes,Yes,Fiber optic,Yes,No,Yes,Yes,Yes,No,Month-to-month,No,Bank transfer (automatic),99.4,5943.65,No,60-72,No,Yes,No,Yes,1,97.43688524590164
5922-ABDVO,Female,No,Yes,No,19,Yes,Yes,Fiber optic,No,No,Yes,No,No,Yes,Month-to-month,No,Mailed check,89.65,1761.05,Yes,12-23,No,Yes,No,Yes,3,92.68684210526315
7774-OJSXI,Male,No,No,No,31,Yes,Yes,Fiber optic,No,Yes,Yes,No,Yes,Yes,One year,Yes,Electronic check,103.45,3066.45,Yes,24-35,No,No,Yes,Yes,2,98.91774193548386
2724-FJDYW,Male,No,No,Yes,39,No,No phone service,DSL,No,No,Yes,Yes,Yes,Yes,One year,No,Bank transfer (automatic),54.85,2191.7,No,36-47,No,No,No,No,2,56.197435897435895
7753-USQYQ,Male,No,No,No,55,Yes,No,DSL,No,Yes,No,Yes,No,Yes,One year,Yes,Electronic check,64.2,3627.3,No,48-59,No,No,Yes,No,2,65.9509090909091
8559-WNQZS,Male,No,No,No,1,Yes,No,No,No internet service,No internet service,No internet service,No internet service,No internet service,No internet service,Two year,No,Mailed check,20.45,20.45,No,0-5,Yes,No,No,No,0,20.45
3285-UCQVC,Female,No,No,No,37,No,No phone service,DSL,No,No,No,Yes,No,No,Month-to-month,No,Credit card (automatic),28.6,973.55,Yes,36-47,No,Yes,No,No,3,26.31216216216216
7969-AULMZ,Female,No,No,No,21,Yes,Yes,Fiber optic,No,No,No,No,Yes,Yes,Month-to-month,Yes,Electronic check,97.35,2119.5,Yes,12-23,No,Yes,Yes,Yes,4,100.92857142857144
3422-WJOYD,Male,No,Yes,No,28,Yes,No,DSL,Yes,No,No,Yes,No,No,One year,No,Mailed check,54.35,1426.45,No,24-35,No,No,No,No,2,50.94464285714286
9447-YPTBX,Female,No,Yes,No,50,Yes,No,No,No internet service,No internet service,No internet service,No internet service,No internet service,No internet service,One year,Yes,Bank transfer (automatic),19.85,943.1,No,48-59,No,No,No,No,0,18.862
5736-YEJAX,Male,No,No,Yes,69,Yes,Yes,DSL,Yes,Yes,Yes,Yes,Yes,No,Two year,Yes,Credit card (automatic),79.45,5502.55,No,60-72,No,No,No,No,0,79.74710144927536
2873-ZLIWT,Female,No,Yes,Yes,40,Yes,Yes,Fiber optic,No,No,Yes,Yes,No,No,Month-to-month,Yes,Electronic check,84.85,3303.05,Yes,36-47,No,Yes,Yes,Yes,2,82.57625
8213-TAZPM,Female,No,Yes,Yes,69,Yes,Yes,Fiber optic,No,Yes,Yes,Yes,Yes,Yes,One year,Yes,Bank transfer (automatic),108.75,7493.05,No,60-72,No,No,No,Yes,1,108.59492753623188
5793-YOLJN,Female,No,Yes,Yes,55,Yes,No,No,No internet service,No internet service,No internet service,No internet service,No internet service,No internet service,Two year,No,Mailed check,21.0,1210.3,No,48-59,No,No,No,No,0,22.005454545454544
7030-NJVDP,Male,No,Yes,No,24,Yes,No,Fiber optic,Yes,No,No,Yes,No,Yes,Month-to-month,Yes,Electronic check,89.25,2210.2,No,24-35,No,Yes,Yes,Yes,2,92.09166666666664
5161-XEUVX,Male,No,Yes,No,37,Yes,Yes,Fiber optic,No,No,Yes,Yes,Yes,No,Two year,No,Mailed check,94.3,3460.95,No,36-47,No,No,No,Yes,2,93.5391891891892
5862-BRIXZ,Male,No,No,No,46,No,No phone service,DSL,Yes,No,Yes,Yes,Yes,Yes,Two year,Yes,Bank transfer (automatic),60.75,2893.4,No,36-47,No,No,No,No,1,62.9
3745-HRPHI,Male,No,Yes,Yes,66,No,No phone service,DSL,No,No,Yes,Yes,Yes,Yes,Two year,No,Bank transfer (automatic),54.65,3632.0,No,60-72,No,No,No,No,2,55.03030303030303
7808-DVWEP,Male,No,Yes,No,3,Yes,No,No,No internet service,No internet service,No internet service,No internet service,No internet service,No internet service,Month-to-month,No,Bank transfer (automatic),20.0,49.65,No,0-5,Yes,Yes,No,No,0,16.55
9691-HKOVS,Female,No,Yes,No,55,Yes,Yes,DSL,Yes,Yes,Yes,Yes,Yes,Yes,One year,Yes,Electronic check,90.15,4916.95,No,48-59,No,No,Yes,No,0,89.3990909090909
6865-JZNKO,Female,No,No,No,30,Yes,No,DSL,Yes,Yes,No,No,No,No,Month-to-month,Yes,Bank transfer (automatic),55.3,1530.6,No,24-35,No,Yes,No,No,2,51.02
1015-JPFYW,Male,No,No,Yes,7,Yes,No,No,No internet service,No internet service,No internet service,No internet service,No internet service,No internet service,One year,No,Mailed check,19.45,136.75,No,6-11,No,No,No,No,0,19.535714285714285
8884-ADFVN,Male,Yes,Yes,No,7,Yes,Yes,Fiber optic,No,No,Yes,No,Yes,Yes,Month-to-month,Yes,Electronic check,101.95,700.85,Yes,6-11,No,Yes,Yes,Yes,3,100.12142857142858
0067-DKWBL,Male,Yes,No,No,2,Yes,No,DSL,Yes,No,No,No,No,No,Month-to-month,Yes,Electronic check,49.25,91.1,Yes,0-5,Yes,Yes,Yes,No,3,45.55
2700-LUEVA,Male,No,No,No,1,Yes,No,No,No internet service,No internet service,No internet service,No internet service,No internet service,No internet service,Month-to-month,No,Credit card (automatic),20.75,20.75,No,0-5,Yes,Yes,No,No,0,20.75
1027-LKKQQ,Female,No,Yes,Yes,72,Yes,No,DSL,Yes,No,Yes,Yes,Yes,Yes,Two year,Yes,Bank transfer (automatic),80.45,5886.85,No,60-72,No,No,No,No,1,81.76180555555555
6549-YMFAW,Male,Yes,Yes,No,9,Yes,No,No,No internet service,No internet service,No internet service,No internet service,No internet service,No internet service,Month-to-month,Yes,Mailed check,21.25,204.55,No,6-11,No,Yes,No,No,0,22.727777777777774
9742-XOKTS,Male,No,Yes,Yes,67,Yes,Yes,Fiber optic,Yes,Yes,No,Yes,No,No,One year,No,Electronic check,89.55,6038.55,No,60-72,No,No,Yes,Yes,1,90.12761194029852
7326-RIGQZ,Male,No,Yes,Yes,6,Yes,No,Fiber optic,No,No,No,No,No,No,Month-to-month,Yes,Electronic check,69.8,377.85,No,6-11,No,Yes,Yes,Yes,4,62.975
9512-PHSMG,Female,No,Yes,No,10,Yes,No,No,No internet service,No internet service,No internet service,No internet service,No internet service,No internet service,Month-to-month,Yes,Mailed check,20.55,252.75,No,6-11,No,Yes,No,No,0,25.275
1724-BQUHA,Male,Yes,No,No,5,Yes,No,Fiber optic,No,No,No,No,Yes,Yes,Month-to-month,Yes,Electronic check,89.5,477.7,Yes,0-5,No,Yes,Yes,Yes,4,95.54
2509-TFPJU,Male,No,Yes,No,72,Yes,Yes,No,No internet service,No internet service,No internet service,No internet service,No internet service,No internet service,Two year,No,Credit card (automatic),25.75,1864.2,No,60-72,No,No,No,No,0,25.891666666666666
0612-RTZZA,Female,Yes,No,No,1,No,No phone service,DSL,No,No,No,No,No,No,Month-to-month,No,Electronic check,25.25,25.25,Yes,0-5,Yes,Yes,Yes,No,4,25.25
3900-AQPHZ,Female,No,No,No,1,Yes,No,No,No internet service,No internet service,No internet service,No internet service,No internet service,No internet service,Month-to-month,No,Mailed check,19.9,19.9,Yes,0-5,Yes,Yes,No,No,0,19.9
3212-KXOCR,Male,No,No,No,52,Yes,No,No,No internet service,No internet service,No internet service,No internet service,No internet service,No internet service,Two year,No,Bank transfer (automatic),21.0,1107.2,No,48-59,No,No,No,No,0,21.29230769230769
3214-IYUUQ,Female,No,Yes,No,61,Yes,No,Fiber optic,Yes,Yes,No,Yes,No,Yes,One year,No,Bank transfer (automatic),93.7,5860.7,No,60-72,No,No,No,Yes,1,96.07704918032786
6692-UDPJC,Female,No,Yes,Yes,14,Yes,Yes,Fiber optic,No,No,No,Yes,Yes,No,Month-to-month,Yes,Electronic check,91.65,1301.0,Yes,12-23,No,Yes,Yes,Yes,3,92.92857142857144
0314-TKOSI,Female,No,No,No,6,Yes,No,DSL,Yes,Yes,No,No,No,No,Month-to-month,No,Mailed check,55.15,322.9,No,6-11,No,Yes,No,No,2,53.81666666666666
4487-ZYJZK,Female,No,Yes,Yes,38,Yes,No,No,No internet service,No internet service,No internet service,No internet service,No internet service,No internet service,One year,No,Credit card (automatic),19.6,763.1,No,36-47,No,No,No,No,0,20.08157894736842
5686-CMAWK,Male,No,No,No,17,Yes,Yes,Fiber optic,No,No,Yes,Yes,No,No,One year,No,Electronic check,86.75,1410.25,No,12-23,No,No,Yes,Yes,2,82.95588235294117
4729-XKASR,Male,No,No,Yes,1,No,No phone service,DSL,No,No,No,No,No,No,Month-to-month,No,Electronic check,24.75,24.75,Yes,0-5,Yes,Yes,Yes,No,4,24.75
4001-TSBTV,Female,No,Yes,Yes,58,Yes,No,Fiber optic,No,Yes,Yes,No,Yes,No,Month-to-month,Yes,Electronic check,91.55,5511.65,No,48-59,No,Yes,Yes,Yes,2,95.02844827586206
4908-XAXAY,Female,Yes,No,No,49,Yes,No,Fiber optic,No,Yes,Yes,No,No,Yes,One year,Yes,Bank transfer (automatic),89.85,4287.2,No,48-59,No,No,No,Yes,2,87.4938775510204
3043-SUDUA,Female,No,No,No,32,Yes,No,No,No internet service,No internet service,No internet service,No internet service,No internet service,No internet service,Month-to-month,No,Bank transfer (automatic),19.9,601.55,No,24-35,No,Yes,No,No,0,18.7984375
6339-DKLMK,Female,No,No,No,13,No,No phone service,DSL,No,Yes,No,No,No,No,Month-to-month,Yes,Electronic check,31.65,389.95,No,12-23,No,Yes,Yes,No,3,29.996153846153845
5788-YPOEG,Female,No,Yes,Yes,34,Yes,No,DSL,Yes,Yes,Yes,Yes,Yes,Yes,Two year,No,Mailed check,84.75,2839.45,No,24-35,No,No,No,No,0,83.51323529411764
9373-WSLOY,Male,Yes,Yes,No,33,No,No phone service,DSL,No,Yes,Yes,Yes,Yes,No,Month-to-month,Yes,Electronic check,50.0,1750.85,No,24-35,No,Yes,Yes,No,1,53.056060606060605
5676-CFLYY,Male,No,Yes,Yes,71,Yes,No,DSL,No,Yes,No,Yes,Yes,Yes,Two year,Yes,Credit card (automatic),73.35,5154.5,No,60-72,No,No,No,No,2,72.59859154929578
2878-DHMIN,Male,No,Yes,Yes,35,Yes,No,No,No internet service,No internet service,No internet service,No internet service,No internet service,No internet service,One year,No,Electronic check,19.9,666.0,No,24-35,No,No,Yes,No,0,19.02857142857143
0114-RSRRW,Female,No,Yes,No,10,Yes,No,No,No internet service,No internet service,No internet service,No internet service,No internet service,No internet service,Month-to-month,Yes,Bank transfer (automatic),19.95,187.75,No,6-11,No,Yes,No,No,0,18.775
8402-OOOHJ,Female,No,No,No,41,Yes,No,No,No internet service,No internet service,No internet service,No internet service,No internet service,No internet service,Two year,No,Mailed check,20.65,835.15,No,36-47,No,No,No,No,0,20.36951219512195
6497-TILVL,Female,No,Yes,Yes,7,Yes,No,DSL,Yes,No,No,No,No,No,Month-to-month,No,Mailed check,50.7,350.35,No,6-11,No,Yes,No,No,3,50.05
7234-KMNRQ,Male,No,No,No,4,Yes,No,No,No internet service,No internet service,No internet service,No internet service,No internet service,No internet service,Month-to-month,No,Mailed check,19.0,73.45,No,0-5,No,Yes,No,No,0,18.3625
4811-JBUVU,Male,No,No,No,30,Yes,Yes,Fiber optic,No,No,No,Yes,No,Yes,Month-to-month,Yes,Credit card (automatic),89.9,2723.15,No,24-35,No,Yes,No,Yes,3,90.77166666666668
4098-NAUKP,Male,Yes,Yes,Yes,68,Yes,Yes,Fiber optic,No,Yes,Yes,No,No,No,Month-to-month,Yes,Electronic check,84.65,5683.6,No,60-72,No,Yes,Yes,Yes,2,83.58235294117648
7153-OANIO,Male,No,No,No,1,Yes,No,Fiber optic,No,No,No,No,No,No,Month-to-month,No,Electronic check,69.95,69.95,Yes,0-5,Yes,Yes,Yes,Yes,4,69.95
6476-EPYZR,Male,No,Yes,Yes,12,Yes,No,No,No internet service,No internet service,No internet service,No internet service,No internet service,No internet service,Month-to-month,No,Mailed check,20.5,255.5,No,12-23,No,Yes,No,No,0,21.291666666666668
4223-WOZCM,Male,Yes,No,No,2,Yes,No,DSL,No,No,Yes,No,No,No,Month-to-month,No,Mailed check,49.95,107.1,No,0-5,Yes,Yes,No,No,3,53.55
7621-VPNET,Female,No,Yes,No,42,Yes,Yes,Fiber optic,No,No,Yes,Yes,No,No,Month-to-month,Yes,Credit card (automatic),85.9,3729.75,No,36-47,No,Yes,No,Yes,2,88.80357142857143
7566-DSRLQ,Female,No,Yes,No,72,Yes,Yes,Fiber optic,No,Yes,Yes,Yes,Yes,Yes,Two year,Yes,Electronic check,110.15,7998.8,No,60-72,No,No,Yes,Yes,1,111.09444444444443
2542-HYGIQ,Female,No,No,No,1,Yes,No,No,No internet service,No internet service,No internet service,No internet service,No internet service,No internet service,Month-to-month,No,Credit card (automatic),19.95,19.95,No,0-5,Yes,Yes,No,No,0,19.95
8174-LNWMW,Female,No,No,No,31,Yes,No,No,No internet service,No internet service,No internet service,No internet service,No internet service,No internet service,Two year,No,Credit card (automatic),20.9,689.35,No,24-35,No,No,No,No,0,22.23709677419355
3348-CFRNX,Female,No,Yes,No,28,Yes,No,Fiber optic,Yes,No,No,No,Yes,Yes,Month-to-month,Yes,Mailed check,92.35,2602.9,Yes,24-35,No,Yes,No,Yes,3,92.96071428571427
9488-FYQAU,Female,No,Yes,No,63,Yes,Yes,Fiber optic,No,Yes,Yes,Yes,Yes,Yes,Two year,Yes,Bank transfer (automatic),109.25,6841.4,No,60-72,No,No,No,Yes,1,108.59365079365078
8637-XJIVR,Female,No,No,No,12,Yes,Yes,Fiber optic,Yes,No,No,No,No,No,Month-to-month,Yes,Electronic check,78.95,927.35,Yes,12-23,No,Yes,Yes,Yes,3,77.27916666666667
3137-LUPIX,Female,No,No,No,4,Yes,Yes,DSL,No,No,No,Yes,Yes,No,Month-to-month,Yes,Mailed check,64.4,253.0,No,0-5,No,Yes,No,No,3,63.25
0504-HHAPI,Female,Yes,No,No,27,Yes,Yes,Fiber optic,No,No,Yes,No,No,Yes,Month-to-month,No,Credit card (automatic),88.3,2467.75,Yes,24-35,No,Yes,No,Yes,3,91.39814814814817
1245-HARPS,Female,No,Yes,No,14,Yes,No,No,No internet service,No internet service,No internet service,No internet service,No internet service,No internet service,Two year,No,Mailed check,20.4,292.4,No,12-23,No,No,No,No,0,20.885714285714283
4826-XTSOH,Male,Yes,Yes,No,1,Yes,Yes,Fiber optic,No,No,No,No,Yes,No,Month-to-month,Yes,Electronic check,86.05,86.05,Yes,0-5,Yes,Yes,Yes,Yes,4,86.05
5149-CUZUJ,Male,No,Yes,Yes,28,Yes,No,Fiber optic,No,Yes,Yes,Yes,Yes,No,One year,No,Bank transfer (automatic),92.9,2768.35,No,24-35,No,No,No,Yes,1,98.86964285714284
9578-FOMUK,Male,No,No,Yes,15,Yes,Yes,No,No internet service,No internet service,No internet service,No internet service,No internet service,No internet service,Month-to-month,Yes,Electronic check,24.8,324.15,No,12-23,No,Yes,Yes,No,0,21.61
4565-NLZBV,Female,No,Yes,No,71,Yes,Yes,No,No internet service,No internet service,No internet service,No internet service,No internet service,No internet service,Two year,Yes,Bank transfer (automatic),24.65,1710.15,No,60-72,No,No,No,No,0,24.086619718309866
9734-UYXQI,Female,No,No,No,2,Yes,Yes,DSL,No,No,No,No,No,No,Month-to-month,Yes,Electronic check,49.4,106.55,Yes,0-5,Yes,Yes,Yes,No,4,53.275
6982-UQZLY,Female,Yes,Yes,No,1,Yes,No,No,No internet service,No internet service,No internet service,No internet service,No internet service,No internet service,Month-to-month,Yes,Mailed check,20.85,20.85,Yes,0-5,Yes,Yes,No,No,0,20.85
8785-EPNCG,Male,No,No,No,11,Yes,Yes,No,No internet service,No internet service,No internet service,No internet service,No internet service,No internet service,Month-to-month,No,Credit card (automatic),23.15,245.2,Yes,6-11,No,Yes,No,No,0,22.29090909090909
1449-XQEMT,Male,No,No,No,3,Yes,No,No,No internet service,No internet service,No internet service,No internet service,No internet service,No internet service,Month-to-month,Yes,Mailed check,19.8,58.15,Yes,0-5,Yes,Yes,No,No,0,19.383333333333333
9063-ZGTUY,Female,No,Yes,Yes,61,Yes,No,No,No internet service,No internet service,No internet service,No internet service,No internet service,No internet service,Month-to-month,Yes,Mailed check,19.4,1182.55,Yes,60-72,No,Yes,No,No,0,19.38606557377049
0016-QLJIS,Female,No,Yes,Yes,65,Yes,Yes,DSL,Yes,Yes,Yes,Yes,Yes,Yes,Two year,Yes,Mailed check,90.45,5957.9,No,60-72,No,No,No,No,0,91.66
1935-IMVBB,Male,No,Yes,No,56,Yes,No,Fiber optic,No,No,No,No,Yes,Yes,Month-to-month,No,Mailed check,89.7,4952.95,No,48-59,No,Yes,No,Yes,4,88.44553571428571
3253-HKOKL,Female,No,Yes,Yes,52,Yes,No,Fiber optic,Yes,No,Yes,No,Yes,Yes,One year,No,Electronic check,100.3,5244.45,No,48-59,No,No,Yes,Yes,2,100.85480769230767
8740-XLHDR,Male,No,No,No,5,No,No phone service,DSL,Yes,Yes,Yes,Yes,No,No,Month-to-month,Yes,Mailed check,43.25,219.0,Yes,0-5,No,Yes,No,No,0,43.8
1342-JPNKI,Male,No,No,No,10,Yes,Yes,Fiber optic,No,No,No,No,Yes,No,Month-to-month,Yes,Bank transfer (automatic),86.05,834.1,Yes,6-11,No,Yes,No,Yes,4,83.41
3213-VVOLG,Male,No,Yes,Yes,0,Yes,Yes,No,No internet service,No internet service,No internet service,No internet service,No internet service,No internet service,Two year,No,Mailed check,25.35,0.0,No,0-5,Yes,No,No,No,0,0.0
6469-MRVET,Male,No,Yes,Yes,1,Yes,No,No,No internet service,No internet service,No internet service,No internet service,No internet service,No internet service,One year,Yes,Electronic check,20.2,20.2,No,0-5,Yes,No,Yes,No,0,20.2
6575-SUVOI,Female,Yes,Yes,No,25,Yes,Yes,DSL,Yes,No,No,Yes,Yes,No,Month-to-month,Yes,Credit card (automatic),69.5,1752.65,No,24-35,No,Yes,No,No,2,70.10600000000001
6060-QBMGV,Male,No,Yes,No,70,Yes,No,No,No internet service,No internet service,No internet service,No internet service,No internet service,No internet service,Two year,No,Credit card (automatic),19.85,1433.8,No,60-72,No,No,No,No,0,20.482857142857146
5174-ITUMV,Male,No,Yes,Yes,67,Yes,Yes,Fiber optic,No,Yes,Yes,No,Yes,Yes,One year,Yes,Electronic check,105.4,6989.45,No,60-72,No,No,Yes,Yes,2,104.32014925373134
7269-JISCY,Female,No,No,No,55,Yes,No,DSL,No,No,No,No,No,No,One year,No,Bank transfer (automatic),45.05,2462.6,No,48-59,No,No,No,No,4,44.77454545454545
2276-YDAVZ,Female,No,No,No,3,Yes,Yes,Fiber optic,No,No,No,No,No,No,Month-to-month,Yes,Credit card (automatic),75.1,270.7,Yes,0-5,Yes,Yes,No,Yes,4,90.23333333333332
1337-BOZWO,Male,No,Yes,Yes,18,No,No phone service,DSL,No,Yes,Yes,No,Yes,No,One year,No,Credit card (automatic),46.4,812.4,No,12-23,No,No,No,No,2,45.13333333333333
5832-EXGTT,Male,No,Yes,Yes,29,Yes,No,DSL,Yes,No,No,No,No,Yes,Month-to-month,Yes,Mailed check,60.2,1834.15,No,24-35,No,Yes,No,No,3,63.24655172413794
9617-UDPEU,Female,No,No,No,22,Yes,No,No,No internet service,No internet service,No internet service,No internet service,No internet service,No internet service,One year,Yes,Mailed check,19.25,412.55,No,12-23,No,No,No,No,0,18.75227272727273
2632-IVXVF,Female,No,Yes,Yes,68,Yes,Yes,Fiber optic,Yes,No,Yes,Yes,Yes,Yes,Two year,No,Credit card (automatic),111.75,7511.3,No,60-72,No,No,No,Yes,1,110.46029411764708
7009-LGECI,Female,No,No,No,4,Yes,No,DSL,Yes,No,No,No,No,No,Month-to-month,Yes,Bank transfer (automatic),50.55,235.65,No,0-5,No,Yes,No,No,3,58.9125
3506-LCJDC,Male,No,Yes,Yes,1,Yes,No,No,No internet service,No internet service,No internet service,No internet service,No internet service,No internet service,Month-to-month,No,Bank transfer (automatic),19.95,19.95,Yes,0-5,Yes,Yes,No,No,0,19.95
7611-YKYTC,Male,No,Yes,Yes,22,Yes,No,Fiber optic,Yes,No,No,No,No,No,Month-to-month,No,Bank transfer (automatic),75.0,1573.95,No,12-23,No,Yes,No,Yes,3,71.54318181818182
8706-HRADD,Male,No,No,No,21,No,No phone service,DSL,Yes,No,No,Yes,Yes,No,Month-to-month,Yes,Mailed check,43.55,1011.5,No,12-23,No,Yes,No,No,2,48.16666666666666
9626-VFRGG,Female,No,No,Yes,41,Yes,Yes,Fiber optic,No,Yes,No,No,Yes,No,Month-to-month,Yes,Bank transfer (automatic),88.5,3645.05,No,36-47,No,Yes,No,Yes,3,88.90365853658537
4791-QRGMF,Male,No,Yes,No,59,Yes,Yes,Fiber optic,No,No,Yes,No,Yes,Yes,One year,Yes,Bank transfer (automatic),99.5,5961.1,Yes,48-59,No,No,No,Yes,3,101.035593220339
4232-JGKIY,Male,No,No,No,1,Yes,No,No,No internet service,No internet service,No internet service,No internet service,No internet service,No internet service,Month-to-month,No,Electronic check,19.2,19.2,No,0-5,Yes,Yes,Yes,No,0,19.2
5787-KXGIY,Male,No,Yes,No,72,Yes,No,No,No internet service,No internet service,No internet service,No internet service,No internet service,No internet service,Two year,No,Credit card (automatic),19.3,1304.8,No,60-72,No,No,No,No,0,18.12222222222222
4450-DLLMH,Male,No,No,No,2,Yes,No,Fiber optic,No,No,No,No,No,No,Month-to-month,Yes,Credit card (automatic),71.3,157.75,No,0-5,Yes,Yes,No,Yes,4,78.875
6383-ZTSIW,Female,Yes,Yes,No,39,Yes,No,Fiber optic,Yes,Yes,No,No,Yes,Yes,One year,No,Mailed check,99.1,3877.95,No,36-47,No,No,No,Yes,2,99.43461538461538
1395-WSWXR,Male,No,No,No,24,Yes,No,No,No internet service,No internet service,No internet service,No internet service,No internet service,No internet service,Two year,No,Mailed check,20.75,487.05,No,24-35,No,No,No,No,0,20.29375
3855-ONCAR,Female,No,Yes,Yes,4,Yes,No,Fiber optic,No,No,No,No,Yes,No,Month-to-month,Yes,Mailed check,78.9,299.75,No,0-5,No,Yes,No,Yes,4,74.9375
5287-QWLKY,Male,Yes,Yes,Yes,71,Yes,Yes,Fiber optic,Yes,Yes,No,No,Yes,Yes,Month-to-month,Yes,Credit card (automatic),105.1,7548.1,Yes,60-72,No,Yes,No,Yes,2,106.3112676056338
6993-YGFJV,Male,No,Yes,No,69,Yes,Yes,Fiber optic,Yes,Yes,Yes,Yes,Yes,Yes,Two year,Yes,Bank transfer (automatic),112.55,7806.5,No,60-72,No,No,No,Yes,0,113.1376811594203
1970-KKFWL,Female,No,No,No,35,Yes,Yes,No,No internet service,No internet service,No internet service,No internet service,No internet service,No internet service,Two year,No,Bank transfer (automatic),23.3,797.1,No,24-35,No,No,No,No,0,22.774285714285718
4456-RHSNB,Female,No,Yes,Yes,19,Yes,No,DSL,No,No,Yes,No,No,No,Month-to-month,Yes,Bank transfer (automatic),49.6,962.9,No,12-23,No,Yes,No,No,3,50.67894736842105
3508-CFVZL,Female,No,No,No,71,Yes,Yes,Fiber optic,Yes,Yes,Yes,Yes,Yes,Yes,Two year,No,Mailed check,111.3,7985.9,No,60-72,No,No,No,Yes,0,112.4774647887324
7089-RKVSZ,Male,No,Yes,Yes,8,Yes,Yes,No,No internet service,No internet service,No internet service,No internet service,No internet service,No internet service,One year,No,Mailed check,24.4,203.95,No,6-11,No,No,No,No,0,25.49375
5329-KRDTM,Male,Yes,Yes,No,72,Yes,Yes,DSL,No,Yes,Yes,Yes,Yes,No,Two year,No,Credit card (automatic),77.35,5396.25,No,60-72,No,No,No,No,1,74.94791666666667
2378-YIZKA,Female,No,Yes,Yes,68,Yes,No,DSL,Yes,Yes,Yes,Yes,Yes,Yes,Two year,Yes,Credit card (automatic),85.0,5607.75,No,60-72,No,No,No,No,0,82.46691176470588
3374-TTZTK,Male,No,Yes,No,52,Yes,No,Fiber optic,Yes,Yes,Yes,Yes,Yes,Yes,Two year,Yes,Electronic check,106.3,5487.0,No,48-59,No,No,Yes,Yes,0,105.51923076923076
8232-UTFOZ,Male,No,No,No,69,Yes,No,No,No internet service,No internet service,No internet service,No internet service,No internet service,No internet service,Two year,No,Credit card (automatic),19.95,1399.35,No,60-72,No,No,No,No,0,20.28043478260869
1159-WFSGR,Female,No,Yes,Yes,16,Yes,No,No,No internet service,No internet service,No internet service,No internet service,No internet service,No internet service,Month-to-month,No,Electronic check,20.4,321.4,No,12-23,No,Yes,Yes,No,0,20.0875
9443-JUBUO,Male,No,Yes,Yes,72,No,No phone service,DSL,Yes,Yes,Yes,Yes,Yes,Yes,Two year,Yes,Credit card (automatic),65.25,4478.85,No,60-72,No,No,No,No,0,62.20625
7982-VCELR,Female,No,No,No,36,Yes,No,Fiber optic,No,Yes,No,No,Yes,Yes,Month-to-month,Yes,Credit card (automatic),94.8,3565.65,No,36-47,No,Yes,No,Yes,3,99.04583333333332
6734-CKRSM,Female,No,No,No,3,Yes,No,No,No internet service,No internet service,No internet service,No internet service,No internet service,No internet service,Month-to-month,No,Mailed check,20.0,63.6,No,0-5,Yes,Yes,No,No,0,21.2
9833-TGFHX,Male,No,Yes,Yes,42,Yes,Yes,Fiber optic,Yes,No,No,No,Yes,Yes,One year,No,Electronic check,97.1,4016.75,No,36-47,No,No,Yes,Yes,3,95.63690476190476
6619-RPLQZ,Female,No,Yes,Yes,45,Yes,No,No,No internet service,No internet service,No internet service,No internet service,No internet service,No internet service,Two year,No,Mailed check,20.85,892.15,No,36-47,No,No,No,No,0,19.82555555555556
6568-POCUI,Female,No,Yes,No,45,Yes,No,Fiber optic,No,No,No,Yes,Yes,Yes,Two year,Yes,Credit card (automatic),95.2,4285.8,No,36-47,No,No,No,Yes,3,95.24
0582-AVCLN,Female,No,No,No,38,Yes,No,No,No internet service,No internet service,No internet service,No internet service,No internet service,No internet service,Two year,No,Mailed check,20.3,743.05,No,36-47,No,No,No,No,0,19.553947368421053
3066-RRJIO,Female,No,No,No,1,Yes,No,Fiber optic,No,No,No,No,No,No,Month-to-month,Yes,Mailed check,69.95,69.95,Yes,0-5,Yes,Yes,No,Yes,4,69.95
7253-UVNDW,Female,No,No,No,46,Yes,No,DSL,No,No,Yes,Yes,No,No,Two year,No,Credit card (automatic),54.35,2460.15,Yes,36-47,No,No,No,No,2,53.48152173913044
8564-LDKFL,Male,No,Yes,No,40,Yes,Yes,Fiber optic,No,Yes,Yes,No,Yes,Yes,One year,Yes,Bank transfer (automatic),106.0,4178.65,No,36-47,No,No,No,Yes,2,104.46625
2927-CVULT,Female,No,Yes,Yes,53,Yes,Yes,Fiber optic,Yes,Yes,Yes,Yes,No,Yes,Two year,Yes,Bank transfer (automatic),104.05,5566.4,No,48-59,No,No,No,Yes,0,105.0264150943396
7225-CBZPL,Male,Yes,Yes,No,17,Yes,Yes,Fiber optic,No,No,No,No,Yes,Yes,Month-to-month,Yes,Electronic check,94.8,1563.9,No,12-23,No,Yes,Yes,Yes,4,91.99411764705884
5236-PERKL,Female,No,No,No,57,Yes,Yes,Fiber optic,Yes,Yes,Yes,No,Yes,Yes,Two year,Yes,Bank transfer (automatic),112.95,6465.0,Yes,48-59,No,No,No,Yes,1,113.42105263157896
2799-TSLAG,Female,No,Yes,Yes,65,Yes,Yes,No,No internet service,No internet service,No internet service,No internet service,No internet service,No internet service,Two year,Yes,Bank transfer (automatic),25.3,1748.55,No,60-72,No,No,No,No,0,26.90076923076923
4973-MGTON,Female,No,Yes,No,71,Yes,No,DSL,Yes,Yes,Yes,Yes,Yes,Yes,Two year,Yes,Credit card (automatic),84.4,5969.3,No,60-72,No,No,No,No,0,84.07464788732395
8670-MEFCP,Female,No,Yes,Yes,36,Yes,Yes,DSL,Yes,Yes,Yes,Yes,Yes,Yes,Two year,Yes,Credit card (automatic),92.9,3379.25,No,36-47,No,No,No,No,0,93.86805555555556
9964-WBQDJ,Female,No,Yes,No,71,Yes,Yes,No,No internet service,No internet service,No internet service,No internet service,No internet service,No internet service,Two year,Yes,Credit card (automatic),24.4,1725.4,No,60-72,No,No,No,No,0,24.301408450704223
9651-GTSAQ,Female,No,Yes,No,53,Yes,No,Fiber optic,Yes,Yes,Yes,No,Yes,Yes,One year,Yes,Bank transfer (automatic),106.1,5769.75,Yes,48-59,No,No,No,Yes,1,108.8632075471698
8985-OOPOS,Female,No,No,No,1,Yes,No,DSL,No,No,Yes,Yes,Yes,Yes,One year,No,Credit card (automatic),74.1,74.1,No,0-5,Yes,No,No,No,2,74.1
5716-LIBJC,Female,No,No,Yes,13,Yes,Yes,Fiber optic,No,Yes,Yes,No,Yes,Yes,One year,Yes,Credit card (automatic),104.15,1299.1,No,12-23,No,No,No,Yes,2,99.93076923076924
7883-ROJOC,Female,No,Yes,No,19,Yes,No,DSL,No,No,No,No,No,No,Month-to-month,No,Mailed check,44.9,839.65,No,12-23,No,Yes,No,No,4,44.19210526315789
4187-CINZD,Female,Yes,No,No,46,Yes,No,Fiber optic,No,Yes,No,No,Yes,Yes,One year,No,Credit card (automatic),95.25,4424.2,Yes,36-47,No,No,No,Yes,3,96.1782608695652
8705-WZCYL,Male,No,No,No,1,Yes,No,DSL,No,No,No,No,No,No,Month-to-month,Yes,Electronic check,44.8,44.8,No,0-5,Yes,Yes,Yes,No,4,44.8
3282-ZISZV,Male,No,No,Yes,32,Yes,Yes,DSL,No,Yes,Yes,Yes,Yes,Yes,One year,No,Credit card (automatic),83.7,2633.3,No,24-35,No,No,No,No,1,82.290625
1775-KWJKQ,Male,No,Yes,Yes,72,Yes,Yes,DSL,Yes,Yes,Yes,Yes,Yes,Yes,Two year,No,Credit card (automatic),89.85,6562.9,No,60-72,No,No,No,No,0,91.15138888888887
9648-BCHKM,Female,No,Yes,Yes,18,Yes,Yes,No,No internet service,No internet service,No internet service,No internet service,No internet service,No internet service,Two year,Yes,Credit card (automatic),24.65,471.35,No,12-23,No,No,No,No,0,26.186111111111117
2452-KDRRH,Male,Yes,No,No,67,Yes,Yes,Fiber optic,No,No,Yes,No,Yes,Yes,Month-to-month,Yes,Credit card (automatic),101.4,6841.05,No,60-72,No,Yes,No,Yes,3,102.10522388059702
7932-WPTDS,Female,Yes,Yes,No,1,No,No phone service,DSL,No,No,No,No,No,No,Month-to-month,Yes,Electronic check,24.8,24.8,Yes,0-5,Yes,Yes,Yes,No,4,24.8
3500-RMZLT,Female,Yes,No,No,15,Yes,No,Fiber optic,Yes,No,Yes,Yes,No,Yes,Month-to-month,Yes,Mailed check,96.3,1426.75,Yes,12-23,No,Yes,No,Yes,1,95.11666666666666
0956-ACVZC,Female,No,No,No,54,Yes,No,Fiber optic,No,No,Yes,No,Yes,Yes,One year,Yes,Credit card (automatic),94.1,5060.9,No,48-59,No,No,No,Yes,3,93.72037037037036
0565-JUPYD,Male,No,No,No,63,Yes,Yes,Fiber optic,Yes,Yes,Yes,Yes,Yes,No,One year,No,Credit card (automatic),104.5,6590.8,No,60-72,No,No,No,Yes,0,104.61587301587302
5696-EXCYS,Male,No,No,No,17,Yes,No,No,No internet service,No internet service,No internet service,No internet service,No internet service,No internet service,Two year,No,Credit card (automatic),19.45,369.05,No,12-23,No,No,No,No,0,21.708823529411767
8999-XXGNS,Female,Yes,Yes,No,72,Yes,Yes,Fiber optic,No,Yes,Yes,No,Yes,Yes,One year,Yes,Credit card (automatic),105.75,7629.85,No,60-72,No,No,No,Yes,2,105.9701388888889
7964-YESJC,Female,No,Yes,No,24,Yes,Yes,DSL,Yes,Yes,Yes,No,No,No,Month-to-month,No,Mailed check,66.3,1559.45,No,24-35,No,Yes,No,No,1,64.97708333333334
0260-ZDLGK,Female,No,No,Yes,9,Yes,No,DSL,No,No,Yes,Yes,Yes,Yes,Month-to-month,Yes,Mailed check,72.9,651.4,Yes,6-11,No,Yes,No,No,2,72.37777777777778
3654-ARMGP,Female,No,No,No,61,Yes,Yes,DSL,No,Yes,Yes,Yes,Yes,Yes,Two year,No,Credit card (automatic),88.65,5321.25,No,60-72,No,No,No,No,1,87.23360655737704
4129-LYCOI,Female,No,No,Yes,67,Yes,Yes,Fiber optic,No,Yes,No,Yes,Yes,Yes,Two year,Yes,Electronic check,104.0,7039.05,No,60-72,No,No,Yes,Yes,2,105.06044776119404
7242-QZLXF,Male,No,No,Yes,1,No,No phone service,DSL,No,No,No,No,No,No,Month-to-month,Yes,Electronic check,25.3,25.3,Yes,0-5,Yes,Yes,Yes,No,4,25.3
1272-ILHFG,Male,No,Yes,Yes,15,Yes,No,No,No internet service,No internet service,No internet service,No internet service,No internet service,No internet service,One year,No,Mailed check,19.65,332.65,No,12-23,No,No,No,No,0,22.176666666666662
1098-TDVUQ,Female,No,No,No,1,Yes,No,No,No internet service,No internet service,No internet service,No internet service,No internet service,No internet service,Month-to-month,Yes,Bank transfer (automatic),19.25,19.25,No,0-5,Yes,Yes,No,No,0,19.25
6681-ZSEXG,Male,No,Yes,No,56,Yes,Yes,DSL,No,Yes,Yes,No,No,No,Two year,No,Credit card (automatic),59.5,3389.25,No,48-59,No,No,No,No,2,60.52232142857143
9094-AZPHK,Female,No,No,No,15,Yes,Yes,Fiber optic,No,Yes,No,No,Yes,Yes,Month-to-month,Yes,Electronic check,100.15,1415.0,No,12-23,No,Yes,Yes,Yes,3,94.33333333333331
2040-VZIKE,Female,No,Yes,No,49,Yes,Yes,Fiber optic,Yes,No,No,No,Yes,Yes,Month-to-month,Yes,Mailed check,100.85,4847.35,No,48-59,No,Yes,No,Yes,3,98.92551020408165
6275-YDUVO,Female,No,No,No,2,Yes,No,Fiber optic,No,No,Yes,No,No,Yes,Month-to-month,Yes,Mailed check,86.2,178.7,Yes,0-5,Yes,Yes,No,Yes,3,89.35
0654-HMSHN,Male,No,Yes,Yes,21,Yes,Yes,Fiber optic,No,Yes,Yes,No,Yes,Yes,Month-to-month,No,Electronic check,104.4,2157.95,Yes,12-23,No,Yes,Yes,Yes,2,102.7595238095238
3806-DXQOM,Female,No,No,No,4,No,No phone service,DSL,Yes,Yes,No,No,No,No,Month-to-month,Yes,Electronic check,33.65,137.85,Yes,0-5,No,Yes,Yes,No,2,34.4625
4430-YHXGG,Female,No,No,Yes,4,Yes,Yes,No,No internet service,No internet service,No internet service,No internet service,No internet service,No internet service,Month-to-month,Yes,Mailed check,25.45,84.2,No,0-5,No,Yes,No,No,0,21.05
8929-KSWIH,Male,No,No,No,25,Yes,No,Fiber optic,No,No,Yes,Yes,Yes,Yes,Two year,No,Bank transfer (automatic),99.3,2513.5,No,24-35,No,No,No,Yes,2,100.54
4713-ZBURT,Male,No,No,Yes,45,Yes,Yes,Fiber optic,No,No,Yes,No,Yes,Yes,Two year,No,Bank transfer (automatic),99.7,4634.35,No,36-47,No,No,No,Yes,3,102.98555555555556
9758-MFWGD,Female,Yes,Yes,Yes,48,No,No phone service,DSL,No,Yes,No,No,No,No,One year,No,Bank transfer (automatic),29.9,1388.75,No,48-59,No,No,No,No,3,28.932291666666668
4210-QFJMF,Female,No,No,No,4,Yes,No,Fiber optic,No,No,No,No,No,Yes,Month-to-month,Yes,Electronic check,79.15,317.25,Yes,0-5,No,Yes,Yes,Yes,4,79.3125
8436-BJUMM,Male,No,Yes,Yes,26,Yes,Yes,Fiber optic,No,No,No,No,Yes,No,Month-to-month,Yes,Electronic check,83.75,2070.6,Yes,24-35,No,Yes,Yes,Yes,4,79.63846153846154
7993-PYKOF,Male,No,Yes,No,8,Yes,No,Fiber optic,Yes,No,No,No,No,No,Month-to-month,No,Electronic check,75.0,632.95,Yes,6-11,No,Yes,Yes,Yes,3,79.11875
1265-XTECC,Female,Yes,Yes,No,68,Yes,Yes,Fiber optic,Yes,Yes,No,No,No,Yes,One year,Yes,Credit card (automatic),96.55,6581.9,Yes,60-72,No,No,No,Yes,2,96.79264705882352
3415-TAILE,Female,No,Yes,Yes,2,Yes,No,DSL,No,No,No,No,Yes,Yes,Month-to-month,No,Mailed check,65.7,134.35,Yes,0-5,Yes,Yes,No,No,4,67.175
4587-VVTOX,Female,No,Yes,No,6,Yes,Yes,Fiber optic,No,Yes,Yes,No,Yes,Yes,Month-to-month,Yes,Electronic check,105.3,545.2,Yes,6-11,No,Yes,Yes,Yes,2,90.86666666666667
9717-QEBGU,Male,No,No,No,2,Yes,No,Fiber optic,No,No,No,No,No,No,Month-to-month,Yes,Electronic check,70.3,144.0,No,0-5,Yes,Yes,Yes,Yes,4,72.0
8745-PVESG,Female,No,No,No,57,No,No phone service,DSL,Yes,No,Yes,Yes,No,No,One year,Yes,Credit card (automatic),41.1,2258.25,No,48-59,No,No,No,No,1,39.61842105263158
3106-ULWFW,Female,No,Yes,No,8,Yes,Yes,Fiber optic,No,No,No,No,No,Yes,Month-to-month,Yes,Credit card (automatic),85.2,627.4,Yes,6-11,No,Yes,No,Yes,4,78.425
1622-HSHSF,Female,No,No,No,1,Yes,No,No,No internet service,No internet service,No internet service,No internet service,No internet service,No internet service,Month-to-month,Yes,Mailed check,19.55,19.55,No,0-5,Yes,Yes,No,No,0,19.55
2826-UWHIS,Male,No,Yes,No,45,Yes,Yes,Fiber optic,No,Yes,No,No,No,No,Month-to-month,No,Bank transfer (automatic),81.4,3775.85,No,36-47,No,Yes,No,Yes,3,83.90777777777778
2719-BDAQO,Male,No,No,No,17,Yes,No,Fiber optic,Yes,No,No,No,Yes,Yes,Month-to-month,No,Electronic check,93.85,1625.65,Yes,12-23,No,Yes,Yes,Yes,3,95.62647058823528
0311-QYWSS,Female,No,No,No,6,Yes,No,DSL,Yes,No,No,No,No,No,Month-to-month,Yes,Electronic check,49.45,314.6,No,6-11,No,Yes,Yes,No,3,52.43333333333334
1536-YHDOE,Male,No,Yes,Yes,17,Yes,Yes,DSL,Yes,No,No,Yes,No,No,One year,Yes,Mailed check,62.1,1096.65,No,12-23,No,No,No,No,2,64.50882352941177
1571-SAVHK,Male,No,No,No,12,Yes,Yes,Fiber optic,No,No,No,Yes,Yes,Yes,Month-to-month,Yes,Mailed check,99.95,1132.75,Yes,12-23,No,Yes,No,Yes,3,94.39583333333331
9800-ONTFE,Female,No,Yes,Yes,22,Yes,Yes,Fiber optic,No,No,No,No,No,No,Month-to-month,Yes,Bank transfer (automatic),75.8,1615.1,No,12-23,No,Yes,No,Yes,4,73.41363636363636
3001-UNBTL,Male,Yes,Yes,Yes,29,Yes,Yes,Fiber optic,No,No,Yes,No,Yes,Yes,Month-to-month,Yes,Electronic check,103.95,2964.8,No,24-35,No,Yes,Yes,Yes,3,102.2344827586207
5879-HMFFH,Female,No,Yes,No,72,Yes,Yes,DSL,Yes,Yes,Yes,Yes,Yes,Yes,Two year,No,Bank transfer (automatic),88.05,6520.8,No,60-72,No,No,No,No,0,90.56666666666666
5447-WZAFP,Female,No,No,No,53,Yes,No,Fiber optic,No,Yes,Yes,No,Yes,Yes,One year,Yes,Mailed check,100.3,5200.8,No,48-59,No,No,No,Yes,2,98.12830188679246
2256-YLYLP,Male,No,Yes,Yes,68,Yes,No,DSL,No,No,Yes,Yes,Yes,Yes,Two year,Yes,Bank transfer (automatic),72.95,4953.25,No,60-72,No,No,No,No,2,72.84191176470588
8865-TNMNX,Male,No,Yes,Yes,10,Yes,No,DSL,No,Yes,No,No,No,No,One year,No,Mailed check,49.55,475.7,No,6-11,No,No,No,No,3,47.57
4351-QLCSU,Female,No,No,No,1,Yes,No,DSL,No,No,No,No,Yes,No,Month-to-month,Yes,Credit card (automatic),55.0,55.0,Yes,0-5,Yes,Yes,No,No,4,55.0
3494-JCHRQ,Male,No,No,No,1,Yes,No,Fiber optic,No,No,No,No,No,No,Month-to-month,Yes,Electronic check,70.05,70.05,Yes,0-5,Yes,Yes,Yes,Yes,4,70.05
7421-ZLUPA,Female,No,No,No,8,No,No phone service,DSL,No,Yes,No,No,No,No,Month-to-month,Yes,Mailed check,29.25,226.95,No,6-11,No,Yes,No,No,3,28.36875
7353-YOWFP,Female,No,No,No,7,Yes,No,No,No internet service,No internet service,No internet service,No internet service,No internet service,No internet service,One year,No,Mailed check,20.25,129.15,No,6-11,No,No,No,No,0,18.45
4023-RTIQM,Female,Yes,Yes,No,31,No,No phone service,DSL,Yes,Yes,Yes,No,No,Yes,One year,Yes,Credit card (automatic),50.4,1580.1,No,24-35,No,No,No,No,1,50.97096774193548
4513-CXYIX,Female,Yes,Yes,No,71,Yes,Yes,Fiber optic,Yes,No,No,No,No,No,Two year,Yes,Credit card (automatic),80.7,5676.0,No,60-72,No,No,No,Yes,3,79.94366197183099
7197-VOJMM,Male,No,Yes,No,67,Yes,No,DSL,Yes,Yes,No,Yes,No,Yes,Two year,Yes,Credit card (automatic),69.2,4671.65,No,60-72,No,No,No,No,1,69.72611940298506
3765-JXVKY,Female,No,No,No,1,Yes,No,Fiber optic,No,Yes,No,No,No,No,Month-to-month,Yes,Electronic check,74.7,74.7,Yes,0-5,Yes,Yes,Yes,Yes,3,74.7
6185-TASNN,Male,Yes,No,No,1,Yes,No,DSL,No,No,No,No,No,No,Month-to-month,No,Electronic check,46.3,46.3,No,0-5,Yes,Yes,Yes,No,4,46.3
5671-UUNXD,Female,Yes,Yes,No,50,Yes,Yes,Fiber optic,No,No,No,Yes,Yes,Yes,One year,Yes,Electronic check,100.65,5189.75,No,48-59,No,No,Yes,Yes,3,103.795
7722-VJRQD,Male,No,Yes,Yes,72,No,No phone service,DSL,Yes,No,Yes,Yes,Yes,Yes,Two year,No,Bank transfer (automatic),60.95,4549.05,No,60-72,No,No,No,No,1,63.181250000000006
2615-YVMYX,Male,Yes,Yes,No,71,Yes,Yes,Fiber optic,Yes,Yes,Yes,No,Yes,Yes,Month-to-month,Yes,Electronic check,107.5,7713.55,No,60-72,No,Yes,Yes,Yes,1,108.64154929577464
3005-NFMTA,Male,Yes,No,No,55,Yes,Yes,Fiber optic,Yes,No,No,No,Yes,Yes,Month-to-month,Yes,Electronic check,98.8,5617.75,Yes,48-59,No,Yes,Yes,Yes,3,102.14090909090908
3508-VLHCZ,Female,No,Yes,Yes,71,Yes,Yes,DSL,Yes,Yes,Yes,Yes,Yes,Yes,Two year,Yes,Credit card (automatic),90.55,6239.05,No,60-72,No,No,No,No,0,87.87394366197184
1663-MHLHE,Male,No,No,No,1,Yes,No,No,No internet service,No internet service,No internet service,No internet service,No internet service,No internet service,Month-to-month,No,Mailed check,19.2,19.2,No,0-5,Yes,Yes,No,No,0,19.2
3473-XIIIT,Female,No,Yes,No,16,Yes,Yes,Fiber optic,No,Yes,No,No,Yes,Yes,Month-to-month,Yes,Electronic check,100.0,1534.75,Yes,12-23,No,Yes,Yes,Yes,3,95.921875
0697-ZMSWS,Male,No,No,No,4,Yes,Yes,Fiber optic,No,No,No,No,No,Yes,Month-to-month,Yes,Electronic check,85.65,338.9,Yes,0-5,No,Yes,Yes,Yes,4,84.725
6772-KSATR,Male,No,No,No,1,Yes,Yes,Fiber optic,Yes,No,No,No,No,No,Month-to-month,Yes,Electronic check,81.7,81.7,Yes,0-5,Yes,Yes,Yes,Yes,3,81.7
9769-TSBZE,Female,No,No,Yes,70,Yes,Yes,DSL,Yes,Yes,No,Yes,No,No,Two year,No,Electronic check,66.0,4891.5,No,60-72,No,No,Yes,No,1,69.87857142857143
5456-ITGIC,Male,Yes,Yes,No,72,No,No phone service,DSL,Yes,Yes,Yes,Yes,Yes,Yes,Two year,Yes,Credit card (automatic),64.45,4641.1,No,60-72,No,No,No,No,0,64.45972222222223
4815-TUMEQ,Female,No,No,No,10,Yes,No,No,No internet service,No internet service,No internet service,No internet service,No internet service,No internet service,One year,Yes,Mailed check,19.3,185.2,No,6-11,No,No,No,No,0,18.52
8946-BFWSG,Male,No,Yes,Yes,63,Yes,Yes,No,No internet service,No internet service,No internet service,No internet service,No internet service,No internet service,Two year,No,Mailed check,25.25,1573.05,No,60-72,No,No,No,No,0,24.96904761904762
5760-IFJOZ,Male,No,No,No,3,Yes,Yes,Fiber optic,No,Yes,Yes,No,Yes,Yes,Month-to-month,No,Mailed check,107.95,313.6,No,0-5,Yes,Yes,No,Yes,2,104.53333333333336
6848-YLDFR,Male,No,Yes,Yes,58,Yes,No,DSL,No,Yes,No,Yes,Yes,Yes,One year,Yes,Credit card (automatic),75.2,4300.8,No,48-59,No,No,No,No,2,74.15172413793104
5433-KYGHE,Female,No,No,Yes,14,Yes,Yes,Fiber optic,Yes,No,No,Yes,No,No,Month-to-month,Yes,Mailed check,86.0,1164.05,No,12-23,No,Yes,No,Yes,2,83.14642857142857
5915-ANOEI,Male,No,Yes,No,70,Yes,Yes,DSL,Yes,Yes,Yes,Yes,Yes,No,Two year,No,Mailed check,79.15,5536.5,No,60-72,No,No,No,No,0,79.09285714285714
6718-BDGHG,Female,No,Yes,No,43,Yes,Yes,DSL,No,No,No,Yes,Yes,No,One year,Yes,Bank transfer (automatic),64.85,2908.2,No,36-47,No,No,No,No,3,67.63255813953488
5899-MQZZL,Female,No,No,No,13,Yes,Yes,Fiber optic,No,No,No,No,No,No,Month-to-month,Yes,Mailed check,75.0,999.45,Yes,12-23,No,Yes,No,Yes,4,76.88076923076923
4763-PGDPO,Female,No,No,No,4,Yes,No,Fiber optic,No,No,No,No,No,No,Month-to-month,No,Electronic check,70.4,281.0,Yes,0-5,No,Yes,Yes,Yes,4,70.25
3190-FZATL,Male,No,No,Yes,14,Yes,No,No,No internet service,No internet service,No internet service,No internet service,No internet service,No internet service,Month-to-month,No,Mailed check,19.95,268.4,No,12-23,No,Yes,No,No,0,19.17142857142857
7044-YAACC,Male,Yes,Yes,No,4,Yes,No,Fiber optic,No,No,No,No,No,No,Month-to-month,Yes,Electronic check,70.2,280.35,No,0-5,No,Yes,Yes,Yes,4,70.0875
3577-AMVUX,Male,No,No,No,1,Yes,No,DSL,No,No,Yes,Yes,No,No,Month-to-month,No,Mailed check,55.05,55.05,No,0-5,Yes,Yes,No,No,2,55.05
2575-GFSOE,Female,No,Yes,Yes,7,Yes,No,Fiber optic,No,No,No,No,No,No,Month-to-month,Yes,Electronic check,69.0,506.9,Yes,6-11,No,Yes,Yes,Yes,4,72.41428571428571
1872-EBWSC,Female,No,No,No,29,Yes,No,No,No internet service,No internet service,No internet service,No internet service,No internet service,No internet service,One year,No,Mailed check,20.35,617.35,No,24-35,No,No,No,No,0,21.28793103448276
5345-BMKWB,Male,No,Yes,No,8,Yes,No,No,No internet service,No internet service,No internet service,No internet service,No internet service,No internet service,Month-to-month,No,Mailed check,20.25,158.35,No,6-11,No,Yes,No,No,0,19.79375
8782-LKFPK,Male,No,No,No,44,Yes,Yes,Fiber optic,No,No,Yes,No,No,Yes,Month-to-month,Yes,Mailed check,90.4,4063.0,No,36-47,No,Yes,No,Yes,3,92.3409090909091
2038-YSEZE,Female,No,No,No,29,Yes,Yes,DSL,Yes,Yes,No,Yes,No,No,Month-to-month,No,Mailed check,67.45,1801.1,No,24-35,No,Yes,No,No,1,62.10689655172413
7665-TOALD,Female,No,No,No,1,Yes,No,Fiber optic,No,No,No,No,No,No,Month-to-month,Yes,Electronic check,69.6,69.6,Yes,0-5,Yes,Yes,Yes,Yes,4,69.6
2612-RANWT,Female,No,No,No,12,Yes,Yes,Fiber optic,No,No,Yes,No,Yes,Yes,Month-to-month,Yes,Bank transfer (automatic),100.15,1164.3,Yes,12-23,No,Yes,No,Yes,3,97.025
2382-BCKQJ,Female,No,No,Yes,62,Yes,Yes,Fiber optic,No,No,Yes,No,Yes,Yes,One year,Yes,Electronic check,100.15,6413.65,Yes,60-72,No,No,Yes,Yes,3,103.44596774193548
6261-RCVNS,Female,No,No,No,42,Yes,No,DSL,Yes,Yes,Yes,Yes,No,Yes,One year,No,Credit card (automatic),73.9,3160.55,Yes,36-47,No,No,No,No,0,75.25119047619049
3716-BDVDB,Male,No,No,No,1,Yes,No,Fiber optic,No,No,No,No,No,No,Month-to-month,Yes,Electronic check,69.1,69.1,Yes,0-5,Yes,Yes,Yes,Yes,4,69.1
0022-TCJCI,Male,Yes,No,No,45,Yes,No,DSL,Yes,No,Yes,No,No,Yes,One year,No,Credit card (automatic),62.7,2791.5,Yes,36-47,No,No,No,No,2,62.03333333333333
7641-EUYET,Male,Yes,Yes,Yes,46,Yes,Yes,Fiber optic,Yes,Yes,Yes,No,Yes,No,Month-to-month,Yes,Electronic check,100.7,4541.2,Yes,36-47,No,Yes,Yes,Yes,1,98.72173913043478
0746-JTRFU,Male,No,No,No,2,No,No phone service,DSL,No,No,No,No,No,No,Month-to-month,Yes,Electronic check,25.05,56.35,Yes,0-5,Yes,Yes,Yes,No,4,28.175
7270-BDIOA,Female,No,No,No,22,Yes,Yes,Fiber optic,No,No,No,Yes,Yes,No,Month-to-month,Yes,Electronic check,90.0,1993.8,Yes,12-23,No,Yes,Yes,Yes,3,90.62727272727273
0308-IVGOK,Female,No,No,No,11,No,No phone service,DSL,No,Yes,Yes,Yes,No,No,One year,Yes,Credit card (automatic),40.4,422.6,No,6-11,No,No,No,No,1,38.41818181818182
0640-YJTPY,Male,No,Yes,Yes,72,Yes,No,No,No internet service,No internet service,No internet service,No internet service,No internet service,No internet service,Two year,No,Bank transfer (automatic),21.0,1493.75,No,60-72,No,No,No,No,0,20.74652777777778
9253-VIFJQ,Male,No,Yes,No,65,Yes,Yes,DSL,Yes,Yes,Yes,No,No,No,One year,No,Credit card (automatic),67.05,4309.55,No,60-72,No,No,No,No,1,66.30076923076923
5774-XZTQC,Female,No,Yes,Yes,7,Yes,No,No,No internet service,No internet service,No internet service,No internet service,No internet service,No internet service,Month-to-month,No,Mailed check,20.45,150.75,No,6-11,No,Yes,No,No,0,21.535714285714285
4183-MYFRB,Female,No,No,No,21,Yes,No,Fiber optic,No,Yes,Yes,No,No,Yes,Month-to-month,Yes,Electronic check,90.05,1862.9,No,12-23,No,Yes,Yes,Yes,2,88.70952380952382
9722-UJOJR,Male,No,Yes,Yes,29,Yes,No,Fiber optic,No,No,No,No,No,No,Month-to-month,Yes,Electronic check,70.75,1974.8,Yes,24-35,No,Yes,Yes,Yes,4,68.09655172413792
6661-EIPZC,Female,No,Yes,Yes,48,No,No phone service,DSL,No,No,No,Yes,No,No,Month-to-month,Yes,Credit card (automatic),29.5,1423.05,No,48-59,No,Yes,No,No,3,29.646875
7876-AEHIG,Female,No,No,Yes,51,No,No phone service,DSL,Yes,No,Yes,Yes,Yes,Yes,One year,No,Bank transfer (automatic),60.15,3077.0,No,48-59,No,No,No,No,1,60.333333333333336
9367-TCUYN,Female,No,No,No,12,Yes,No,No,No internet service,No internet service,No internet service,No internet service,No internet service,No internet service,Month-to-month,No,Mailed check,20.1,223.6,No,12-23,No,Yes,No,No,0,18.633333333333333
8879-ZKJOF,Female,No,No,No,41,Yes,No,DSL,Yes,No,Yes,Yes,Yes,Yes,One year,Yes,Bank transfer (automatic),79.85,3320.75,No,36-47,No,No,No,No,1,80.9939024390244
1480-BKXGA,Male,Yes,Yes,No,72,Yes,Yes,Fiber optic,Yes,Yes,Yes,Yes,Yes,Yes,Two year,Yes,Bank transfer (automatic),116.05,8404.9,No,60-72,No,No,No,Yes,0,116.73472222222222
6797-UCJHZ,Female,Yes,Yes,No,66,Yes,Yes,Fiber optic,No,Yes,Yes,No,Yes,Yes,One year,No,Credit card (automatic),104.6,6819.45,No,60-72,No,No,No,Yes,2,103.325
3799-ISUZQ,Male,No,Yes,Yes,7,Yes,No,Fiber optic,No,No,No,No,No,No,Month-to-month,Yes,Bank transfer (automatic),69.95,529.5,Yes,6-11,No,Yes,No,Yes,4,75.64285714285714
6741-EGCBI,Male,Yes,No,No,30,Yes,Yes,Fiber optic,Yes,No,No,No,No,Yes,Month-to-month,Yes,Credit card (automatic),90.5,2595.85,No,24-35,No,Yes,No,Yes,3,86.52833333333334
8544-GOQSH,Female,No,No,No,14,Yes,No,Fiber optic,No,Yes,No,Yes,No,No,Month-to-month,Yes,Credit card (automatic),80.05,1112.3,No,12-23,No,Yes,No,Yes,2,79.45
7668-XCFYV,Female,Yes,Yes,No,17,Yes,Yes,Fiber optic,No,No,No,No,Yes,Yes,Month-to-month,Yes,Electronic check,92.55,1614.7,No,12-23,No,Yes,Yes,Yes,4,94.98235294117649
5914-GXMDA,Female,No,Yes,No,32,Yes,No,No,No internet service,No internet service,No internet service,No internet service,No internet service,No internet service,One year,No,Mailed check,19.3,593.2,No,24-35,No,No,No,No,0,18.5375
6821-JPCDC,Female,No,Yes,No,48,Yes,No,Fiber optic,No,Yes,Yes,No,Yes,Yes,One year,Yes,Electronic check,97.05,4692.95,No,48-59,No,No,Yes,Yes,2,97.76979166666666
9548-ZMVTX,Male,No,Yes,Yes,72,Yes,Yes,Fiber optic,No,Yes,Yes,Yes,No,No,Two year,No,Bank transfer (automatic),90.45,6565.85,No,60-72,No,No,No,Yes,1,91.19236111111113
9269-CQOOL,Male,No,No,Yes,3,Yes,No,DSL,No,No,No,No,Yes,No,Month-to-month,Yes,Credit card (automatic),54.7,169.45,Yes,0-5,Yes,Yes,No,No,4,56.48333333333333
8595-SIZNC,Female,Yes,Yes,No,22,Yes,Yes,No,No internet service,No internet service,No internet service,No internet service,No internet service,No internet service,One year,No,Bank transfer (automatic),25.6,548.8,No,12-23,No,No,No,No,0,24.94545454545454
9681-OXGVC,Female,No,No,No,5,Yes,Yes,Fiber optic,No,No,Yes,No,Yes,Yes,Month-to-month,Yes,Electronic check,100.5,514.0,Yes,0-5,No,Yes,Yes,Yes,3,102.8
1384-RCUXW,Male,No,No,No,16,Yes,Yes,Fiber optic,No,Yes,No,No,No,No,Month-to-month,Yes,Mailed check,80.55,1248.9,No,12-23,No,Yes,No,Yes,3,78.05625
4868-AADLV,Male,Yes,Yes,Yes,66,Yes,Yes,Fiber optic,Yes,Yes,Yes,Yes,Yes,Yes,One year,Yes,Electronic check,116.25,7862.25,No,60-72,No,No,Yes,Yes,0,119.125
5372-FBKBN,Female,No,No,Yes,21,Yes,No,No,No internet service,No internet service,No internet service,No internet service,No internet service,No internet service,Month-to-month,No,Mailed check,20.75,452.2,No,12-23,No,Yes,No,No,0,21.53333333333333
6899-PPEEA,Female,Yes,No,No,37,Yes,Yes,Fiber optic,No,No,No,No,Yes,Yes,Month-to-month,Yes,Electronic check,96.55,3580.3,Yes,36-47,No,Yes,Yes,Yes,4,96.76486486486488
7564-GHCVB,Female,No,Yes,Yes,72,Yes,Yes,Fiber optic,Yes,No,No,No,No,No,Two year,No,Bank transfer (automatic),79.05,5730.7,No,60-72,No,No,No,Yes,3,79.59305555555555
1834-WULEG,Male,No,Yes,Yes,24,Yes,No,No,No internet service,No internet service,No internet service,No internet service,No internet service,No internet service,One year,No,Mailed check,20.25,439.75,No,24-35,No,No,No,No,0,18.322916666666668
2324-AALNO,Female,No,No,No,48,Yes,Yes,No,No internet service,No internet service,No internet service,No internet service,No internet service,No internet service,One year,No,Bank transfer (automatic),24.55,1203.95,No,48-59,No,No,No,No,0,25.082291666666663
2122-SZZZD,Male,No,No,No,44,Yes,No,No,No internet service,No internet service,No internet service,No internet service,No internet service,No internet service,One year,No,Credit card (automatic),19.5,835.5,No,36-47,No,No,No,No,0,18.988636363636363
4012-ZTHBR,Female,No,Yes,Yes,21,Yes,No,DSL,No,No,No,No,No,No,Month-to-month,Yes,Electronic check,44.95,926.25,No,12-23,No,Yes,Yes,No,4,44.10714285714285
5120-ZBLAI,Female,No,Yes,No,50,Yes,Yes,DSL,No,No,Yes,No,Yes,Yes,One year,No,Bank transfer (automatic),75.7,3876.2,No,48-59,No,No,No,No,3,77.524
7137-RYLPP,Male,Yes,Yes,No,37,Yes,Yes,Fiber optic,No,No,No,No,Yes,No,Month-to-month,Yes,Electronic check,85.7,3171.15,Yes,36-47,No,Yes,Yes,Yes,4,85.70675675675676
8947-YRTDV,Male,No,Yes,Yes,32,Yes,No,Fiber optic,Yes,Yes,Yes,No,No,Yes,One year,No,Mailed check,94.8,3131.55,No,24-35,No,No,No,Yes,1,97.8609375
2599-CIPQE,Male,No,Yes,Yes,71,Yes,No,Fiber optic,Yes,Yes,Yes,Yes,Yes,Yes,Two year,No,Credit card (automatic),109.3,7782.85,No,60-72,No,No,No,Yes,0,109.61760563380282
4998-IKFSE,Female,No,No,No,30,Yes,Yes,Fiber optic,No,No,Yes,No,Yes,Yes,Month-to-month,No,Electronic check,100.45,3096.9,No,24-35,No,Yes,Yes,Yes,3,103.23
9659-ZTWSM,Male,Yes,Yes,No,66,Yes,Yes,Fiber optic,No,Yes,Yes,Yes,Yes,Yes,One year,Yes,Bank transfer (automatic),107.35,7051.95,No,60-72,No,No,No,Yes,1,106.84772727272728
1004-NOZNR,Male,Yes,No,Yes,56,Yes,No,Fiber optic,Yes,No,No,No,Yes,Yes,One year,No,Credit card (automatic),94.8,5264.3,No,48-59,No,No,No,Yes,3,94.00535714285716
8577-QSOCG,Female,No,Yes,Yes,38,Yes,No,No,No internet service,No internet service,No internet service,No internet service,No internet service,No internet service,Two year,Yes,Mailed check,20.2,746.05,No,36-47,No,No,No,No,0,19.632894736842104
4853-OITSN,Male,No,Yes,No,5,Yes,Yes,Fiber optic,Yes,No,No,No,No,Yes,Month-to-month,Yes,Electronic check,89.15,413.25,No,0-5,No,Yes,Yes,Yes,3,82.65
7994-XIRTR,Male,Yes,No,No,54,Yes,No,DSL,No,No,Yes,Yes,No,Yes,One year,No,Bank transfer (automatic),65.25,3529.95,No,48-59,No,No,No,No,2,65.36944444444444
8687-BAFGU,Male,No,No,No,1,Yes,No,Fiber optic,No,No,No,Yes,No,No,Month-to-month,No,Electronic check,74.0,74.0,No,0-5,Yes,Yes,Yes,Yes,3,74.0
5057-LCOUI,Female,No,No,No,39,No,No phone service,DSL,No,No,Yes,No,Yes,Yes,Month-to-month,Yes,Electronic check,50.75,2011.4,Yes,36-47,No,Yes,Yes,No,3,51.57435897435898
9357-UJRUN,Male,No,Yes,No,24,Yes,Yes,DSL,Yes,No,No,Yes,No,No,One year,Yes,Electronic check,58.35,1346.9,No,24-35,No,No,Yes,No,2,56.12083333333334
9058-CBREO,Female,Yes,No,No,1,Yes,Yes,DSL,No,No,No,No,No,No,Month-to-month,No,Mailed check,50.55,50.55,Yes,0-5,Yes,Yes,No,No,4,50.55
6933-VLYFX,Male,No,Yes,Yes,31,No,No phone service,DSL,Yes,No,Yes,Yes,Yes,Yes,One year,No,Electronic check,59.95,1848.8,No,24-35,No,No,Yes,No,1,59.63870967741936
6075-SLNIL,Male,No,No,No,38,Yes,Yes,Fiber optic,No,Yes,Yes,No,No,Yes,Month-to-month,Yes,Credit card (automatic),95.1,3691.2,No,36-47,No,Yes,No,Yes,2,97.13684210526316
9489-JMTTN,Female,No,Yes,Yes,72,Yes,Yes,DSL,Yes,Yes,Yes,Yes,Yes,Yes,Two year,No,Credit card (automatic),89.75,6595.9,No,60-72,No,No,No,No,0,91.60972222222222
3807-BPOMJ,Female,No,Yes,No,55,Yes,No,Fiber optic,Yes,No,No,No,Yes,Yes,One year,Yes,Electronic check,94.75,5276.1,No,48-59,No,No,Yes,Yes,3,95.92909090909092
8404-GFGCZ,Male,No,Yes,No,4,Yes,Yes,DSL,No,No,Yes,No,Yes,No,Month-to-month,No,Electronic check,65.6,250.1,No,0-5,No,Yes,Yes,No,3,62.525
7435-ZNUYY,Male,No,No,No,6,Yes,No,No,No internet service,No internet service,No internet service,No internet service,No internet service,No internet service,One year,No,Mailed check,20.6,116.6,No,6-11,No,No,No,No,0,19.433333333333334
7208-PSIHR,Female,No,Yes,No,70,Yes,Yes,Fiber optic,No,No,Yes,Yes,Yes,Yes,Two year,Yes,Bank transfer (automatic),104.3,7188.5,No,60-72,No,No,No,Yes,2,102.69285714285714
4443-EMBNA,Female,No,Yes,No,71,Yes,Yes,No,No internet service,No internet service,No internet service,No internet service,No internet service,No internet service,Two year,No,Bank transfer (automatic),24.75,1836.9,No,60-72,No,No,No,No,0,25.87183098591549
1052-QJIBV,Female,No,Yes,Yes,71,Yes,No,No,No internet service,No internet service,No internet service,No internet service,No internet service,No internet service,Two year,No,Credit card (automatic),19.9,1397.3,No,60-72,No,No,No,No,0,19.680281690140845
2868-MZAGQ,Male,No,No,No,1,Yes,No,Fiber optic,No,No,No,No,No,Yes,Month-to-month,Yes,Electronic check,79.25,79.25,Yes,0-5,Yes,Yes,Yes,Yes,4,79.25
2103-ZRXFN,Male,No,No,No,1,Yes,Yes,DSL,No,No,No,No,No,No,Month-to-month,No,Mailed check,50.75,50.75,No,0-5,Yes,Yes,No,No,4,50.75
2625-TRCZQ,Female,No,Yes,No,51,No,No phone service,DSL,No,Yes,No,No,Yes,Yes,Month-to-month,Yes,Electronic check,49.65,2553.35,No,48-59,No,Yes,Yes,No,3,50.0656862745098
3162-KKZXO,Female,Yes,No,No,55,Yes,Yes,Fiber optic,No,No,Yes,No,Yes,Yes,One year,Yes,Electronic check,100.15,5409.75,No,48-59,No,No,Yes,Yes,3,98.35909090909092
0459-SPZHJ,Male,No,Yes,Yes,63,Yes,Yes,DSL,Yes,Yes,Yes,No,Yes,Yes,Two year,No,Credit card (automatic),83.5,5435.0,No,60-72,No,No,No,No,1,86.26984126984127
7219-TLZHO,Female,No,Yes,Yes,4,Yes,No,No,No internet service,No internet service,No internet service,No internet service,No internet service,No internet service,Month-to-month,No,Mailed check,20.85,62.9,No,0-5,No,Yes,No,No,0,15.725
6500-JVEGC,Male,No,No,No,68,Yes,Yes,Fiber optic,Yes,Yes,Yes,No,Yes,No,One year,No,Bank transfer (automatic),101.35,7110.75,No,60-72,No,No,No,Yes,1,104.56985294117646
5575-GNVDE,Male,No,No,No,34,Yes,No,DSL,Yes,No,Yes,No,No,No,One year,No,Mailed check,56.95,1889.5,No,24-35,No,No,No,No,2,55.5735294117647
7101-HRBLJ,Female,No,Yes,Yes,72,Yes,No,DSL,Yes,Yes,Yes,Yes,Yes,Yes,Two year,Yes,Bank transfer (automatic),83.7,6096.9,No,60-72,No,No,No,No,0,84.67916666666666
3688-FTHLT,Female,No,No,No,16,Yes,Yes,DSL,No,No,No,No,No,Yes,Month-to-month,Yes,Bank transfer (automatic),63.05,1067.05,No,12-23,No,Yes,No,No,4,66.690625
4074-SJFFA,Female,No,No,No,1,Yes,No,DSL,No,No,No,No,No,Yes,Month-to-month,Yes,Mailed check,54.75,54.75,Yes,0-5,Yes,Yes,No,No,4,54.75
8905-IAZPF,Female,No,Yes,No,69,Yes,No,Fiber optic,No,Yes,No,No,Yes,Yes,One year,Yes,Credit card (automatic),95.65,6744.2,No,60-72,No,No,No,Yes,3,97.74202898550725
2925-MXLSX,Female,No,No,No,30,Yes,Yes,DSL,No,Yes,Yes,No,Yes,No,One year,Yes,Credit card (automatic),68.95,2038.7,No,24-35,No,No,No,No,2,67.95666666666666
0780-XNZFN,Male,No,No,No,57,Yes,No,No,No internet service,No internet service,No internet service,No internet service,No internet service,No internet service,Two year,No,Bank transfer (automatic),20.65,1125.6,No,48-59,No,No,No,No,0,19.74736842105263
8473-VUVJN,Male,Yes,No,No,1,Yes,Yes,Fiber optic,No,No,No,No,No,No,Month-to-month,Yes,Electronic check,73.65,73.65,Yes,0-5,Yes,Yes,Yes,Yes,4,73.65
0807-ZABDG,Female,No,No,Yes,3,Yes,No,DSL,Yes,No,No,Yes,No,No,Month-to-month,Yes,Mailed check,55.1,154.65,Yes,0-5,Yes,Yes,No,No,2,51.55
9675-ICXCT,Male,No,Yes,Yes,72,Yes,No,DSL,Yes,No,Yes,Yes,Yes,Yes,Two year,Yes,Electronic check,80.8,5728.55,No,60-72,No,No,Yes,No,1,79.56319444444445
4458-KVRBJ,Male,No,No,No,59,Yes,Yes,No,No internet service,No internet service,No internet service,No internet service,No internet service,No internet service,Two year,No,Mailed check,25.0,1510.5,No,48-59,No,No,No,No,0,25.60169491525424
3737-GCSPV,Female,No,Yes,No,11,Yes,Yes,Fiber optic,Yes,No,No,Yes,Yes,No,Month-to-month,Yes,Credit card (automatic),96.2,1222.05,Yes,6-11,No,Yes,No,Yes,2,111.09545454545454
8204-TIFGJ,Female,No,No,No,23,Yes,No,No,No internet service,No internet service,No internet service,No internet service,No internet service,No internet service,Month-to-month,Yes,Bank transfer (automatic),20.3,470.6,No,12-23,No,Yes,No,No,0,20.460869565217397
4929-BSTRX,Female,No,No,No,1,Yes,No,DSL,No,No,No,No,Yes,No,Month-to-month,Yes,Mailed check,53.55,53.55,Yes,0-5,Yes,Yes,No,No,4,53.55
8106-GWQOK,Male,No,Yes,No,38,No,No phone service,DSL,Yes,Yes,No,Yes,Yes,Yes,Two year,Yes,Bank transfer (automatic),60.0,2193.2,No,36-47,No,No,No,No,1,57.71578947368421
3243-ZHOHY,Female,No,No,No,16,Yes,No,No,No internet service,No internet service,No internet service,No internet service,No internet service,No internet service,One year,No,Mailed check,20.1,296.15,No,12-23,No,No,No,No,0,18.509375
3181-VTHOE,Male,No,Yes,No,70,No,No phone service,DSL,No,Yes,Yes,Yes,No,Yes,One year,Yes,Bank transfer (automatic),51.05,3635.15,No,60-72,No,No,No,No,1,51.93071428571429
0637-YLETY,Female,No,No,No,16,Yes,Yes,Fiber optic,No,Yes,Yes,No,No,Yes,Month-to-month,Yes,Credit card (automatic),95.6,1555.65,Yes,12-23,No,Yes,No,Yes,2,97.228125
2580-ATZSQ,Female,No,Yes,Yes,65,Yes,No,DSL,Yes,Yes,Yes,No,No,No,One year,No,Bank transfer (automatic),61.35,3874.1,No,60-72,No,No,No,No,1,59.60153846153846
9871-ELEYA,Female,No,No,Yes,34,Yes,No,DSL,Yes,No,Yes,Yes,Yes,No,Two year,No,Credit card (automatic),67.65,2339.3,No,24-35,No,No,No,No,1,68.8029411764706
6857-TKDJV,Male,No,Yes,Yes,67,Yes,Yes,No,No internet service,No internet service,No internet service,No internet service,No internet service,No internet service,Two year,No,Bank transfer (automatic),24.65,1620.45,No,60-72,No,No,No,No,0,24.18582089552239
2931-SVLTV,Male,No,Yes,Yes,40,Yes,Yes,Fiber optic,Yes,Yes,No,Yes,Yes,Yes,Month-to-month,Yes,Credit card (automatic),110.1,4469.1,No,36-47,No,Yes,No,Yes,1,111.7275
9546-CQJSU,Female,No,No,No,2,Yes,Yes,Fiber optic,No,No,Yes,No,Yes,No,Month-to-month,Yes,Electronic check,91.4,193.6,Yes,0-5,Yes,Yes,Yes,Yes,3,96.8
2135-DQWAQ,Female,No,No,No,5,Yes,No,Fiber optic,No,Yes,No,No,Yes,No,Month-to-month,Yes,Mailed check,85.3,420.45,No,0-5,No,Yes,No,Yes,3,84.09
3045-XETSH,Female,No,No,No,10,Yes,Yes,Fiber optic,No,Yes,Yes,No,No,Yes,Month-to-month,Yes,Electronic check,94.85,953.45,Yes,6-11,No,Yes,Yes,Yes,2,95.345
4797-MIWUM,Male,No,Yes,Yes,7,Yes,No,No,No internet service,No internet service,No internet service,No internet service,No internet service,No internet service,Month-to-month,Yes,Bank transfer (automatic),20.25,174.7,No,6-11,No,Yes,No,No,0,24.957142857142856
4713-LZDRV,Female,Yes,No,No,2,Yes,No,Fiber optic,No,No,No,No,No,Yes,Month-to-month,Yes,Electronic check,79.6,195.05,Yes,0-5,Yes,Yes,Yes,Yes,4,97.525
7103-IPXPJ,Male,No,Yes,No,50,Yes,Yes,Fiber optic,No,No,No,Yes,Yes,Yes,One year,No,Electronic check,99.4,5059.75,No,48-59,No,No,Yes,Yes,3,101.195
9575-IWCAZ,Male,No,Yes,No,6,Yes,Yes,No,No internet service,No internet service,No internet service,No internet service,No internet service,No internet service,One year,No,Mailed check,25.1,171.0,No,6-11,No,No,No,No,0,28.5
8454-AATJP,Female,No,No,No,72,Yes,Yes,Fiber optic,Yes,Yes,Yes,Yes,Yes,Yes,Two year,No,Credit card (automatic),115.05,8405.0,No,60-72,No,No,No,Yes,0,116.73611111111111
5871-DGTXZ,Male,No,No,No,32,Yes,No,No,No internet service,No internet service,No internet service,No internet service,No internet service,No internet service,One year,No,Mailed check,19.8,607.7,No,24-35,No,No,No,No,0,18.990625
6347-DCUIK,Male,No,No,No,10,Yes,Yes,Fiber optic,No,No,No,No,No,No,Month-to-month,Yes,Mailed check,74.15,811.8,Yes,6-11,No,Yes,No,Yes,4,81.17999999999999
2669-OIDSD,Female,No,Yes,No,48,Yes,No,Fiber optic,No,No,Yes,Yes,Yes,Yes,Month-to-month,Yes,Credit card (automatic),100.05,4834.0,No,48-59,No,Yes,No,Yes,2,100.70833333333331
7235-NXZCP,Male,Yes,No,No,2,Yes,Yes,Fiber optic,No,No,No,No,No,No,Month-to-month,Yes,Mailed check,74.85,156.4,Yes,0-5,Yes,Yes,No,Yes,4,78.2
5740-YHGTW,Male,No,Yes,Yes,70,Yes,Yes,Fiber optic,Yes,Yes,No,No,Yes,No,Month-to-month,Yes,Credit card (automatic),97.55,6669.05,No,60-72,No,Yes,No,Yes,2,95.27214285714284
4927-WWOOZ,Male,No,Yes,No,2,Yes,Yes,Fiber optic,No,No,Yes,No,Yes,No,Month-to-month,Yes,Electronic check,91.45,171.45,No,0-5,Yes,Yes,Yes,Yes,3,85.725
5552-ZNFSJ,Male,No,No,No,1,Yes,No,DSL,No,No,No,No,No,No,Month-to-month,No,Electronic check,45.3,45.3,Yes,0-5,Yes,Yes,Yes,No,4,45.3
9839-ETQOE,Male,No,No,Yes,43,No,No phone service,DSL,Yes,Yes,Yes,No,No,No,Month-to-month,Yes,Electronic check,40.45,1912.85,No,36-47,No,Yes,Yes,No,1,44.48488372093023
0356-ERHVT,Male,No,Yes,No,11,Yes,No,DSL,No,No,No,No,No,No,Month-to-month,Yes,Bank transfer (automatic),45.9,521.9,No,6-11,No,Yes,No,No,4,47.44545454545455
9036-CSKBW,Female,No,No,No,51,Yes,Yes,Fiber optic,Yes,Yes,Yes,No,Yes,Yes,One year,No,Bank transfer (automatic),107.45,5680.9,No,48-59,No,No,No,Yes,1,111.39019607843136
0023-XUOPT,Female,No,Yes,No,13,Yes,Yes,Fiber optic,No,Yes,Yes,No,Yes,No,Month-to-month,No,Electronic check,94.1,1215.6,Yes,12-23,No,Yes,Yes,Yes,2,93.5076923076923
2012-NWRPA,Female,Yes,Yes,No,11,Yes,Yes,Fiber optic,No,No,Yes,No,Yes,Yes,Month-to-month,Yes,Electronic check,99.55,1131.2,Yes,6-11,No,Yes,Yes,Yes,3,102.83636363636364
6121-TNHBO,Female,Yes,No,No,63,Yes,Yes,DSL,Yes,Yes,Yes,Yes,Yes,No,One year,No,Bank transfer (automatic),83.0,5243.05,No,60-72,No,No,No,No,0,83.22301587301588
7969-FFOWG,Male,No,Yes,Yes,65,Yes,No,No,No internet service,No internet service,No internet service,No internet service,No internet service,No internet service,Two year,No,Mailed check,19.9,1292.6,No,60-72,No,No,No,No,0,19.88615384615385
9277-JOOMO,Female,No,No,No,3,Yes,Yes,No,No internet service,No internet service,No internet service,No internet service,No internet service,No internet service,Month-to-month,No,Mailed check,24.6,86.35,No,0-5,Yes,Yes,No,No,0,28.78333333333333
5684-FJVYR,Female,No,Yes,Yes,72,Yes,Yes,Fiber optic,Yes,Yes,No,Yes,No,No,Two year,Yes,Bank transfer (automatic),90.35,6563.4,No,60-72,No,No,No,Yes,1,91.15833333333332
1998-VHJHK,Female,No,No,No,27,Yes,No,No,No internet service,No internet service,No internet service,No internet service,No internet service,No internet service,One year,No,Mailed check,19.15,501.35,No,24-35,No,No,No,No,0,18.56851851851852
9065-ZCPQX,Male,No,Yes,No,72,Yes,Yes,DSL,Yes,Yes,Yes,Yes,No,Yes,Two year,No,Bank transfer (automatic),78.85,5763.15,No,60-72,No,No,No,No,0,80.04374999999999
1518-OMDIK,Male,No,Yes,No,33,Yes,No,DSL,No,No,No,No,No,No,Month-to-month,Yes,Credit card (automatic),44.55,1462.6,No,24-35,No,Yes,No,No,4,44.32121212121212
6682-VCIXC,Female,No,Yes,Yes,43,No,No phone service,DSL,Yes,Yes,No,Yes,Yes,No,One year,Yes,Bank transfer (automatic),51.25,2151.6,No,36-47,No,No,No,No,1,50.03720930232558
7427-AUFPY,Male,No,No,No,54,Yes,No,No,No internet service,No internet service,No internet service,No internet service,No internet service,No internet service,Two year,No,Credit card (automatic),19.65,1008.7,No,48-59,No,No,No,No,0,18.67962962962963
0580-PIQHM,Female,No,Yes,Yes,41,Yes,Yes,Fiber optic,Yes,Yes,Yes,No,No,Yes,One year,Yes,Bank transfer (automatic),101.6,3930.55,No,36-47,No,No,No,Yes,1,95.86707317073171
1323-OOEPC,Female,No,Yes,No,53,Yes,Yes,Fiber optic,No,Yes,No,No,Yes,Yes,Month-to-month,Yes,Credit card (automatic),98.4,5149.5,Yes,48-59,No,Yes,No,Yes,3,97.16037735849056
5046-NUHWD,Female,Yes,Yes,No,29,No,No phone service,DSL,Yes,No,Yes,No,No,Yes,Month-to-month,Yes,Electronic check,45.0,1228.65,No,24-35,No,Yes,Yes,No,2,42.36724137931035
1120-BMWUB,Female,No,No,No,16,Yes,No,DSL,No,Yes,No,Yes,No,No,Month-to-month,Yes,Mailed check,53.9,834.15,Yes,12-23,No,Yes,No,No,2,52.134375
6844-DZKRF,Male,No,No,No,2,Yes,No,DSL,No,No,No,Yes,No,No,Month-to-month,Yes,Credit card (automatic),50.2,109.25,No,0-5,Yes,Yes,No,No,3,54.625
9408-SSNVZ,Female,No,No,No,4,Yes,No,Fiber optic,No,No,No,No,No,No,Month-to-month,Yes,Electronic check,70.15,268.35,Yes,0-5,No,Yes,Yes,Yes,4,67.0875
2929-QNSRW,Female,No,Yes,No,56,Yes,Yes,Fiber optic,No,Yes,No,No,Yes,Yes,One year,Yes,Electronic check,98.25,5508.35,Yes,48-59,No,No,Yes,Yes,3,98.36339285714288
4816-LXZYW,Female,No,No,No,23,Yes,Yes,Fiber optic,No,Yes,No,No,No,No,Month-to-month,Yes,Electronic check,79.15,1676.95,Yes,12-23,No,Yes,Yes,Yes,3,72.9108695652174
0975-UYDTX,Female,No,Yes,No,26,Yes,Yes,DSL,Yes,Yes,Yes,Yes,Yes,Yes,One year,Yes,Credit card (automatic),90.1,2312.55,No,24-35,No,No,No,No,0,88.94423076923077
9261-WDCAF,Male,No,No,No,3,Yes,No,DSL,No,No,No,No,No,Yes,Month-to-month,No,Mailed check,54.65,189.1,No,0-5,Yes,Yes,No,No,4,63.03333333333333
1679-JRFBR,Female,No,Yes,Yes,70,Yes,Yes,Fiber optic,Yes,Yes,Yes,No,Yes,Yes,One year,Yes,Credit card (automatic),108.15,7930.55,No,60-72,No,No,No,Yes,1,113.29357142857144
2167-FQSTQ,Female,No,Yes,No,72,Yes,Yes,DSL,Yes,Yes,Yes,Yes,Yes,Yes,Two year,Yes,Electronic check,92.4,6786.1,No,60-72,No,No,Yes,No,0,94.2513888888889
7852-LECYP,Male,Yes,Yes,No,13,Yes,Yes,Fiber optic,Yes,Yes,No,No,No,Yes,Month-to-month,No,Credit card (automatic),93.8,1261.0,No,12-23,No,Yes,No,Yes,2,97.0
1481-ZUWZA,Male,No,No,No,28,Yes,Yes,Fiber optic,Yes,Yes,No,No,No,Yes,Month-to-month,Yes,Credit card (automatic),94.5,2659.4,Yes,24-35,No,Yes,No,Yes,2,94.97857142857144
6518-PPLMZ,Male,No,Yes,Yes,53,Yes,No,No,No internet service,No internet service,No internet service,No internet service,No internet service,No internet service,Two year,Yes,Mailed check,19.4,1110.35,No,48-59,No,No,No,No,0,20.95
7973-DZRKH,Female,No,No,Yes,66,Yes,Yes,Fiber optic,Yes,No,Yes,Yes,No,No,Two year,Yes,Credit card (automatic),90.95,5930.05,No,60-72,No,No,No,Yes,1,89.84924242424243
2320-SLKMB,Female,No,No,No,26,No,No phone service,DSL,No,No,Yes,Yes,Yes,No,Month-to-month,Yes,Credit card (automatic),44.45,1183.8,No,24-35,No,Yes,No,No,2,45.53076923076923
0946-CLJTI,Male,Yes,Yes,No,58,Yes,Yes,Fiber optic,No,No,Yes,No,Yes,Yes,Month-to-month,Yes,Electronic check,98.7,5812.6,Yes,48-59,No,Yes,Yes,Yes,3,100.21724137931037
4554-YGZIH,Male,Yes,Yes,No,49,Yes,Yes,Fiber optic,No,Yes,No,No,No,Yes,Month-to-month,No,Credit card (automatic),90.05,4547.25,Yes,48-59,No,Yes,No,Yes,3,92.80102040816328
7526-IVLYU,Male,No,No,No,3,Yes,No,No,No internet service,No internet service,No internet service,No internet service,No internet service,No internet service,Month-to-month,Yes,Mailed check,19.65,68.35,No,0-5,Yes,Yes,No,No,0,22.78333333333333
0927-CNGRH,Male,No,No,Yes,1,Yes,No,No,No internet service,No internet service,No internet service,No internet service,No internet service,No internet service,Month-to-month,No,Mailed check,19.55,19.55,No,0-5,Yes,Yes,No,No,0,19.55
1013-QCWAM,Female,Yes,Yes,No,66,Yes,Yes,Fiber optic,No,Yes,No,No,Yes,Yes,Month-to-month,Yes,Electronic check,100.8,6690.75,No,60-72,No,Yes,Yes,Yes,3,101.375
6440-DKQGE,Male,No,No,Yes,30,Yes,No,DSL,No,Yes,Yes,No,Yes,No,One year,No,Credit card (automatic),64.5,1929.95,No,24-35,No,No,No,No,2,64.33166666666666
4588-YBNIB,Female,No,No,No,1,Yes,No,No,No internet service,No internet service,No internet service,No internet service,No internet service,No internet service,Month-to-month,Yes,Mailed check,19.6,19.6,Yes,0-5,Yes,Yes,No,No,0,19.6
4114-QMKVN,Female,No,Yes,Yes,56,Yes,Yes,DSL,Yes,Yes,No,No,No,Yes,One year,No,Bank transfer (automatic),68.75,3815.4,No,48-59,No,No,No,No,2,68.13214285714285
0020-JDNXP,Female,No,Yes,Yes,34,No,No phone service,DSL,Yes,No,Yes,Yes,Yes,Yes,One year,No,Mailed check,61.25,1993.2,No,24-35,No,No,No,No,1,58.62352941176471
0491-KAPQG,Male,No,No,No,21,Yes,Yes,Fiber optic,No,No,No,No,No,No,Month-to-month,Yes,Electronic check,73.7,1558.7,No,12-23,No,Yes,Yes,Yes,4,74.22380952380952
0853-NWIFK,Female,No,No,No,45,Yes,No,Fiber optic,Yes,Yes,No,No,Yes,Yes,One year,Yes,Electronic check,100.3,4483.95,No,36-47,No,No,Yes,Yes,2,99.64333333333332
4199-QHJNM,Male,Yes,Yes,No,67,Yes,Yes,Fiber optic,No,Yes,No,Yes,Yes,Yes,Two year,No,Bank transfer (automatic),102.9,6989.7,No,60-72,No,No,No,Yes,2,104.32388059701492
0674-DGMAQ,Male,Yes,Yes,No,32,Yes,Yes,Fiber optic,No,Yes,Yes,No,No,Yes,Month-to-month,Yes,Electronic check,93.5,2970.8,No,24-35,No,Yes,Yes,Yes,2,92.8375
7521-AFHAB,Female,No,Yes,Yes,5,Yes,No,DSL,No,No,No,No,No,No,Month-to-month,No,Mailed check,44.8,220.45,No,0-5,No,Yes,No,No,4,44.09
3915-ODIYG,Male,Yes,No,No,60,Yes,Yes,DSL,Yes,Yes,No,No,No,Yes,One year,Yes,Electronic check,71.75,4374.55,No,60-72,No,No,Yes,No,2,72.90916666666666
3074-GQWYX,Male,No,No,No,5,Yes,Yes,Fiber optic,No,No,No,No,No,No,Month-to-month,Yes,Bank transfer (automatic),75.9,357.75,Yes,0-5,No,Yes,No,Yes,4,71.55
9381-NDKME,Female,Yes,Yes,No,24,No,No phone service,DSL,No,No,Yes,No,No,Yes,Month-to-month,Yes,Credit card (automatic),40.65,933.3,Yes,24-35,No,Yes,No,No,3,38.8875
4826-DXMUP,Male,No,No,Yes,35,Yes,No,DSL,No,No,No,Yes,Yes,Yes,One year,Yes,Mailed check,72.1,2495.15,No,24-35,No,No,No,No,3,71.29
1818-ESQMW,Female,No,No,No,27,Yes,No,Fiber optic,No,No,Yes,Yes,No,Yes,Month-to-month,Yes,Electronic check,89.2,2383.6,No,24-35,No,Yes,Yes,Yes,2,88.28148148148148
9392-XBGTD,Male,No,No,Yes,27,Yes,No,No,No internet service,No internet service,No internet service,No internet service,No internet service,No internet service,Two year,No,Mailed check,20.6,581.85,No,24-35,No,No,No,No,0,21.55
6988-CJEYV,Male,No,No,No,49,Yes,Yes,Fiber optic,No,Yes,No,No,Yes,Yes,Month-to-month,No,Electronic check,98.7,4920.55,No,48-59,No,Yes,Yes,Yes,3,100.41938775510204
6581-NQCBA,Female,No,Yes,No,16,No,No phone service,DSL,No,No,No,Yes,Yes,Yes,Month-to-month,Yes,Electronic check,49.95,810.2,Yes,12-23,No,Yes,Yes,No,3,50.6375
7916-VCCPB,Female,No,Yes,Yes,16,Yes,No,Fiber optic,No,Yes,No,No,No,No,Month-to-month,No,Bank transfer (automatic),73.25,1195.75,No,12-23,No,Yes,No,Yes,3,74.734375
3545-CNWRG,Female,No,Yes,Yes,49,Yes,Yes,Fiber optic,No,Yes,No,No,Yes,Yes,Month-to-month,Yes,Electronic check,98.35,4889.2,No,48-59,No,Yes,Yes,Yes,3,99.7795918367347
6286-ZHAOK,Female,No,Yes,Yes,20,Yes,Yes,No,No internet service,No internet service,No internet service,No internet service,No internet service,No internet service,Month-to-month,Yes,Bank transfer (automatic),25.55,507.4,No,12-23,No,Yes,No,No,0,25.37
0495-RVCBF,Female,No,No,No,1,Yes,No,Fiber optic,No,No,No,No,No,Yes,Month-to-month,Yes,Electronic check,79.7,79.7,Yes,0-5,Yes,Yes,Yes,Yes,4,79.7
7821-DPRQE,Male,No,Yes,No,68,Yes,Yes,Fiber optic,Yes,Yes,No,Yes,Yes,Yes,Month-to-month,Yes,Electronic check,107.7,7320.9,No,60-72,No,Yes,Yes,Yes,1,107.66029411764706
1230-QAJDW,Male,No,No,No,3,Yes,Yes,DSL,No,No,No,Yes,Yes,No,Month-to-month,Yes,Mailed check,65.25,209.9,No,0-5,Yes,Yes,No,No,3,69.96666666666667
7550-WIQVA,Male,No,Yes,Yes,50,Yes,Yes,Fiber optic,Yes,Yes,Yes,No,Yes,Yes,One year,Yes,Electronic check,108.25,5431.4,No,48-59,No,No,Yes,Yes,1,108.628
5937-EORGB,Male,Yes,Yes,No,15,Yes,Yes,Fiber optic,Yes,No,Yes,No,Yes,No,Month-to-month,Yes,Electronic check,96.5,1392.25,No,12-23,No,Yes,Yes,Yes,2,92.81666666666666
4529-CKBCL,Female,No,No,No,2,Yes,No,Fiber optic,No,No,No,No,Yes,No,Month-to-month,Yes,Electronic check,80.2,146.05,Yes,0-5,Yes,Yes,Yes,Yes,4,73.025
0404-AHASP,Male,No,Yes,No,72,Yes,No,No,No internet service,No internet service,No internet service,No internet service,No internet service,No internet service,Two year,No,Credit card (automatic),19.7,1421.9,No,60-72,No,No,No,No,0,19.748611111111117
9000-PLFUZ,Female,Yes,Yes,No,60,No,No phone service,DSL,No,Yes,No,No,Yes,Yes,Two year,Yes,Credit card (automatic),49.45,2907.55,No,60-72,No,No,No,No,3,48.45916666666667
5564-NEMQO,Female,Yes,No,No,1,Yes,No,Fiber optic,No,No,Yes,No,No,No,Month-to-month,Yes,Bank transfer (automatic),75.3,75.3,Yes,0-5,Yes,Yes,No,Yes,3,75.3
0924-BJCRC,Female,Yes,Yes,No,60,Yes,Yes,Fiber optic,No,Yes,No,No,No,Yes,Month-to-month,No,Electronic check,89.45,5294.6,No,60-72,No,Yes,Yes,Yes,3,88.24333333333334
1247-QBVSH,Female,No,Yes,Yes,43,Yes,No,DSL,No,Yes,No,No,No,No,Month-to-month,No,Mailed check,50.2,2169.4,No,36-47,No,Yes,No,No,3,50.45116279069768
9069-LGEUL,Male,No,Yes,No,23,Yes,No,DSL,Yes,No,No,No,No,Yes,Month-to-month,Yes,Bank transfer (automatic),59.95,1406.0,No,12-23,No,Yes,No,No,3,61.130434782608695
0093-EXYQL,Female,Yes,No,No,40,Yes,No,Fiber optic,No,No,No,No,Yes,Yes,Month-to-month,Yes,Electronic check,91.55,3673.6,No,36-47,No,Yes,Yes,Yes,4,91.84
1421-HCERK,Male,Yes,Yes,No,30,Yes,Yes,Fiber optic,Yes,Yes,Yes,Yes,Yes,No,Month-to-month,Yes,Bank transfer (automatic),105.7,3181.8,No,24-35,No,Yes,No,Yes,0,106.06
0218-QNVAS,Male,No,Yes,Yes,71,Yes,Yes,Fiber optic,No,Yes,No,No,Yes,Yes,One year,No,Bank transfer (automatic),100.55,7113.75,No,60-72,No,No,No,Yes,3,100.193661971831
2499-AJYUA,Female,Yes,Yes,No,72,Yes,Yes,Fiber optic,No,Yes,Yes,Yes,Yes,Yes,Two year,Yes,Credit card (automatic),110.8,7882.25,No,60-72,No,No,No,Yes,1,109.47569444444444
9650-VBUOG,Male,No,Yes,Yes,38,Yes,Yes,No,No internet service,No internet service,No internet service,No internet service,No internet service,No internet service,Two year,No,Credit card (automatic),25.05,963.95,No,36-47,No,No,No,No,0,25.367105263157896
7721-DVEKZ,Female,No,No,No,1,Yes,No,No,No internet service,No internet service,No internet service,No internet service,No internet service,No internet service,Month-to-month,No,Mailed check,19.65,19.65,No,0-5,Yes,Yes,No,No,0,19.65
0928-XUTSN,Female,No,No,No,13,Yes,No,Fiber optic,No,No,No,No,No,Yes,Month-to-month,Yes,Electronic check,80.5,1011.8,No,12-23,No,Yes,Yes,Yes,4,77.83076923076922
9965-YOKZB,Male,Yes,No,No,9,Yes,Yes,Fiber optic,No,No,No,No,No,Yes,Month-to-month,Yes,Electronic check,83.85,790.15,Yes,6-11,No,Yes,Yes,Yes,4,87.79444444444444
8082-GHXOP,Male,No,No,Yes,13,Yes,No,DSL,No,No,No,No,No,No,Month-to-month,No,Mailed check,44.0,659.35,No,12-23,No,Yes,No,No,4,50.71923076923077
6981-TDRFT,Male,No,Yes,Yes,44,No,No phone service,DSL,No,No,Yes,Yes,Yes,Yes,One year,Yes,Electronic check,54.3,2317.1,No,36-47,No,No,Yes,No,2,52.66136363636363
0661-WCQNQ,Male,No,Yes,No,22,Yes,No,DSL,Yes,No,No,Yes,No,No,One year,Yes,Credit card (automatic),56.25,1292.2,No,12-23,No,No,No,No,2,58.73636363636364
7594-LZNWR,Male,Yes,No,No,34,Yes,No,Fiber optic,No,No,No,No,No,No,Month-to-month,No,Credit card (automatic),69.15,2275.1,No,24-35,No,Yes,No,Yes,4,66.91470588235293
2661-GKBTK,Male,No,Yes,Yes,60,Yes,No,DSL,No,Yes,No,Yes,Yes,Yes,Two year,No,Bank transfer (automatic),76.95,4543.95,No,60-72,No,No,No,No,2,75.7325
8166-ZZTFS,Female,Yes,Yes,No,66,Yes,Yes,DSL,No,Yes,Yes,No,Yes,Yes,Two year,Yes,Bank transfer (automatic),80.55,5265.1,Yes,60-72,No,No,No,No,2,79.77424242424243
4195-NZGTA,Female,No,No,No,1,No,No phone service,DSL,No,No,No,No,No,No,Month-to-month,No,Electronic check,25.25,25.25,No,0-5,Yes,Yes,Yes,No,4,25.25
1031-IIDEO,Female,No,No,No,1,Yes,No,Fiber optic,No,No,No,No,No,No,Month-to-month,Yes,Electronic check,70.85,70.85,Yes,0-5,Yes,Yes,Yes,Yes,4,70.85
2578-JQPHZ,Male,No,No,No,44,Yes,No,Fiber optic,No,No,Yes,Yes,Yes,Yes,Two year,No,Bank transfer (automatic),100.1,4378.35,No,36-47,No,No,No,Yes,2,99.50795454545457
7416-CKTEP,Female,No,Yes,No,57,Yes,No,No,No internet service,No internet service,No internet service,No internet service,No internet service,No internet service,Two year,Yes,Bank transfer (automatic),19.6,1134.25,No,48-59,No,No,No,No,0,19.899122807017545
2180-DXNEG,Female,No,No,No,12,Yes,No,Fiber optic,No,No,Yes,No,Yes,Yes,Month-to-month,Yes,Electronic check,96.0,1062.1,Yes,12-23,No,Yes,Yes,Yes,3,88.50833333333333
1134-YWTYF,Male,No,Yes,No,27,Yes,No,DSL,No,Yes,No,Yes,No,No,Month-to-month,Yes,Electronic check,53.8,1389.85,No,24-35,No,Yes,Yes,No,2,51.47592592592592
0107-WESLM,Male,No,No,No,1,Yes,No,No,No internet service,No internet service,No internet service,No internet service,No internet service,No internet service,Month-to-month,Yes,Electronic check,19.85,19.85,Yes,0-5,Yes,Yes,Yes,No,0,19.85
9585-KKMFD,Male,No,Yes,Yes,41,Yes,No,No,No internet service,No internet service,No internet service,No internet service,No internet service,No internet service,Two year,Yes,Mailed check,20.0,879.8,No,36-47,No,No,No,No,0,21.45853658536585
9959-WOFKT,Male,No,No,Yes,71,Yes,Yes,Fiber optic,Yes,No,Yes,No,Yes,Yes,Two year,No,Bank transfer (automatic),106.7,7382.25,No,60-72,No,No,No,Yes,2,103.97535211267606
3668-QPYBK,Male,No,No,No,2,Yes,No,DSL,Yes,Yes,No,No,No,No,Month-to-month,Yes,Mailed check,53.85,108.15,Yes,0-5,Yes,Yes,No,No,2,54.075
3131-NWVFJ,Female,No,Yes,Yes,14,Yes,No,No,No internet service,No internet service,No internet service,No internet service,No internet service,No internet service,One year,No,Mailed check,19.55,294.5,No,12-23,No,No,No,No,0,21.035714285714285
0206-OYVOC,Female,No,Yes,Yes,46,Yes,No,No,No internet service,No internet service,No internet service,No internet service,No internet service,No internet service,Two year,Yes,Mailed check,19.25,864.2,No,36-47,No,No,No,No,0,18.78695652173913
1589-AGTLK,Male,No,No,No,3,Yes,No,DSL,No,No,No,No,No,No,Month-to-month,Yes,Electronic check,45.35,141.5,Yes,0-5,Yes,Yes,Yes,No,4,47.16666666666666
7173-TETGO,Female,Yes,Yes,No,72,Yes,Yes,Fiber optic,Yes,No,No,No,No,No,Two year,No,Bank transfer (automatic),78.5,5602.25,No,60-72,No,No,No,Yes,3,77.80902777777777
3374-PZLXD,Male,No,No,No,34,Yes,No,No,No internet service,No internet service,No internet service,No internet service,No internet service,No internet service,Month-to-month,No,Mailed check,19.7,675.6,No,24-35,No,Yes,No,No,0,19.87058823529412
0947-MUGVO,Male,Yes,Yes,No,20,Yes,No,Fiber optic,No,Yes,No,No,No,No,Month-to-month,Yes,Electronic check,73.65,1463.5,Yes,12-23,No,Yes,Yes,Yes,3,73.175
4818-DRBQT,Male,No,Yes,No,29,Yes,Yes,Fiber optic,No,Yes,No,No,No,No,Month-to-month,Yes,Bank transfer (automatic),80.15,2265.25,Yes,24-35,No,Yes,No,Yes,3,78.11206896551724
6463-HHXJR,Female,No,Yes,Yes,71,Yes,Yes,Fiber optic,Yes,Yes,Yes,No,Yes,No,Two year,No,Bank transfer (automatic),100.5,7030.65,No,60-72,No,No,No,Yes,1,99.02323943661972
7517-LDMPS,Female,No,No,No,12,Yes,No,Fiber optic,No,Yes,No,No,No,Yes,Month-to-month,Yes,Electronic check,84.6,1017.35,No,12-23,No,Yes,Yes,Yes,3,84.77916666666667
1987-AUELQ,Female,No,Yes,No,71,Yes,Yes,No,No internet service,No internet service,No internet service,No internet service,No internet service,No internet service,Two year,No,Credit card (automatic),25.05,1873.7,No,60-72,No,No,No,No,0,26.390140845070423
4455-BFSPD,Female,No,Yes,No,61,Yes,Yes,Fiber optic,No,No,No,Yes,Yes,Yes,One year,No,Bank transfer (automatic),101.15,6383.9,No,60-72,No,No,No,Yes,3,104.65409836065574
4976-LNFVV,Male,Yes,Yes,No,19,No,No phone service,DSL,No,Yes,Yes,No,No,No,Month-to-month,Yes,Credit card (automatic),34.3,577.15,No,12-23,No,Yes,No,No,2,30.376315789473683
9419-IPPBE,Female,No,Yes,Yes,51,Yes,Yes,Fiber optic,No,No,Yes,No,No,Yes,One year,Yes,Electronic check,90.15,4554.85,No,48-59,No,No,Yes,Yes,3,89.31078431372549
7856-GANIL,Male,Yes,Yes,No,45,Yes,Yes,Fiber optic,No,Yes,Yes,Yes,Yes,No,One year,Yes,Bank transfer (automatic),98.7,4525.8,No,36-47,No,No,No,Yes,1,100.57333333333334
8695-ARGXZ,Male,Yes,Yes,No,34,Yes,Yes,Fiber optic,No,No,No,No,No,No,Month-to-month,Yes,Electronic check,75.55,2425.4,No,24-35,No,Yes,Yes,Yes,4,71.33529411764707
1444-VVSGW,Male,No,Yes,No,70,Yes,Yes,Fiber optic,Yes,Yes,Yes,Yes,Yes,Yes,One year,No,Credit card (automatic),115.65,7968.85,Yes,60-72,No,No,No,Yes,0,113.84071428571428
8229-TNIQA,Female,No,No,No,4,Yes,No,DSL,No,No,No,No,No,No,Month-to-month,Yes,Mailed check,45.3,196.95,Yes,0-5,No,Yes,No,No,4,49.2375
1763-WQFUK,Male,No,No,No,3,Yes,No,DSL,No,No,No,Yes,No,No,Month-to-month,Yes,Mailed check,50.5,147.75,No,0-5,Yes,Yes,No,No,3,49.25
1465-WCZVT,Female,No,Yes,Yes,3,Yes,No,No,No internet service,No internet service,No internet service,No internet service,No internet service,No internet service,Month-to-month,No,Mailed check,19.65,60.65,No,0-5,Yes,Yes,No,No,0,20.216666666666665
0347-UBKUZ,Female,No,No,No,15,Yes,No,No,No internet service,No internet service,No internet service,No internet service,No internet service,No internet service,Month-to-month,No,Mailed check,19.9,320.45,No,12-23,No,Yes,No,No,0,21.363333333333333
7673-LPRNY,Female,No,No,No,23,Yes,Yes,DSL,Yes,No,Yes,No,Yes,Yes,One year,Yes,Electronic check,78.55,1843.05,No,12-23,No,No,Yes,No,2,80.13260869565217
6116-RFVHN,Female,No,Yes,No,34,Yes,Yes,Fiber optic,No,No,Yes,No,Yes,Yes,Month-to-month,Yes,Electronic check,100.45,3414.65,No,24-35,No,Yes,Yes,Yes,3,100.43088235294118
4361-FEBGN,Male,No,No,No,48,Yes,No,No,No internet service,No internet service,No internet service,No internet service,No internet service,No internet service,Two year,No,Credit card (automatic),20.15,982.95,No,48-59,No,No,No,No,0,20.478125
0011-IGKFF,Male,Yes,Yes,No,13,Yes,No,Fiber optic,No,Yes,Yes,No,Yes,Yes,Month-to-month,Yes,Electronic check,98.0,1237.85,Yes,12-23,No,Yes,Yes,Yes,2,95.21923076923076
9541-ZPSEA,Male,No,Yes,Yes,68,Yes,No,Fiber optic,Yes,No,Yes,No,No,No,Two year,No,Credit card (automatic),80.35,5375.15,No,60-72,No,No,No,Yes,2,79.04632352941177
6732-VAILE,Male,No,Yes,Yes,70,Yes,Yes,DSL,No,Yes,Yes,Yes,Yes,Yes,Two year,Yes,Credit card (automatic),85.95,5931.75,No,60-72,No,No,No,No,1,84.73928571428571
9504-YAZWB,Female,No,No,No,53,Yes,No,No,No internet service,No internet service,No internet service,No internet service,No internet service,No internet service,Two year,No,Mailed check,20.25,1048.45,No,48-59,No,No,No,No,0,19.782075471698118
3407-QGWLG,Male,No,No,Yes,3,Yes,No,No,No internet service,No internet service,No internet service,No internet service,No internet service,No internet service,Month-to-month,Yes,Mailed check,20.05,75.45,No,0-5,Yes,Yes,No,No,0,25.15
8640-SDGKB,Male,No,No,No,4,Yes,No,DSL,No,No,Yes,Yes,Yes,Yes,Month-to-month,Yes,Electronic check,74.4,299.7,Yes,0-5,No,Yes,Yes,No,2,74.925
4081-DYXAV,Female,No,No,No,19,No,No phone service,DSL,No,No,No,No,Yes,Yes,One year,Yes,Credit card (automatic),44.85,893.55,Yes,12-23,No,No,No,No,4,47.02894736842105
2674-MLXMN,Female,Yes,No,No,71,Yes,Yes,Fiber optic,No,Yes,No,No,Yes,Yes,Month-to-month,Yes,Credit card (automatic),99.65,6951.15,No,60-72,No,Yes,No,Yes,3,97.90352112676057
8901-HJXTF,Female,No,Yes,Yes,12,No,No phone service,DSL,No,Yes,No,No,No,No,Month-to-month,No,Mailed check,29.2,309.1,Yes,12-23,No,Yes,No,No,3,25.758333333333336
5480-XTFFL,Female,No,Yes,Yes,31,Yes,No,No,No internet service,No internet service,No internet service,No internet service,No internet service,No internet service,Two year,No,Mailed check,21.0,697.7,No,24-35,No,No,No,No,0,22.506451612903227
1095-WGNGG,Female,No,Yes,No,61,Yes,Yes,Fiber optic,No,Yes,No,No,Yes,Yes,Two year,Yes,Bank transfer (automatic),101.05,5971.25,No,60-72,No,No,No,Yes,3,97.88934426229508
0137-OCGAB,Female,No,No,No,1,Yes,Yes,Fiber optic,No,Yes,No,No,No,No,Month-to-month,Yes,Mailed check,80.2,80.2,Yes,0-5,Yes,Yes,No,Yes,3,80.2
2576-HXMPA,Female,No,No,No,1,Yes,No,No,No internet service,No internet service,No internet service,No internet service,No internet service,No internet service,Month-to-month,No,Credit card (automatic),19.55,19.55,No,0-5,Yes,Yes,No,No,0,19.55
1389-CXMLU,Male,Yes,No,No,3,Yes,Yes,Fiber optic,No,No,Yes,No,Yes,No,Month-to-month,No,Electronic check,91.05,289.1,Yes,0-5,Yes,Yes,Yes,Yes,3,96.36666666666667
8290-YWKHZ,Female,Yes,Yes,No,32,Yes,Yes,Fiber optic,No,No,No,No,Yes,Yes,Month-to-month,Yes,Electronic check,93.2,2931.0,Yes,24-35,No,Yes,Yes,Yes,4,91.59375
6725-TPKJO,Male,No,No,No,44,Yes,No,No,No internet service,No internet service,No internet service,No internet service,No internet service,No internet service,Two year,No,Mailed check,20.05,845.25,No,36-47,No,No,No,No,0,19.210227272727277
1400-WIVLL,Male,No,Yes,No,57,Yes,Yes,Fiber optic,No,No,Yes,Yes,Yes,Yes,Two year,No,Electronic check,107.95,5969.85,No,48-59,No,No,Yes,Yes,2,104.7342105263158
1170-SASML,Female,No,Yes,No,69,Yes,Yes,Fiber optic,No,Yes,Yes,No,No,No,Month-to-month,Yes,Bank transfer (automatic),85.4,5869.4,No,60-72,No,Yes,No,Yes,2,85.06376811594203
8058-JMEQO,Female,Yes,No,No,9,Yes,Yes,Fiber optic,No,No,No,No,No,Yes,Month-to-month,Yes,Electronic check,84.45,762.5,Yes,6-11,No,Yes,Yes,Yes,4,84.72222222222223
4795-UXVCJ,Male,No,No,No,26,Yes,No,No,No internet service,No internet service,No internet service,No internet service,No internet service,No internet service,One year,No,Credit card (automatic),19.8,457.3,No,24-35,No,No,No,No,0,17.588461538461537
5222-JCXZT,Male,No,No,No,4,Yes,No,No,No internet service,No internet service,No internet service,No internet service,No internet service,No internet service,Month-to-month,No,Mailed check,19.0,78.9,No,0-5,No,Yes,No,No,0,19.725
0786-IVLAW,Female,Yes,No,No,66,Yes,Yes,Fiber optic,No,Yes,Yes,No,Yes,Yes,One year,No,Bank transfer (automatic),108.1,7238.6,No,60-72,No,No,No,Yes,2,109.6757575757576
6097-EQISJ,Female,No,Yes,Yes,66,Yes,Yes,Fiber optic,No,Yes,Yes,No,Yes,Yes,One year,Yes,Credit card (automatic),102.45,6615.15,Yes,60-72,No,No,No,Yes,2,100.22954545454544
8044-BGWPI,Male,No,Yes,Yes,12,Yes,No,No,No internet service,No internet service,No internet service,No internet service,No internet service,No internet service,Month-to-month,Yes,Electronic check,21.15,306.05,No,12-23,No,Yes,Yes,No,0,25.504166666666663
0374-AACSZ,Female,No,No,No,1,Yes,No,DSL,Yes,No,No,No,No,No,Month-to-month,No,Electronic check,50.15,50.15,No,0-5,Yes,Yes,Yes,No,3,50.15
1761-AEZZR,Male,No,No,No,1,Yes,No,Fiber optic,No,No,No,No,Yes,No,Month-to-month,Yes,Electronic check,79.55,79.55,Yes,0-5,Yes,Yes,Yes,Yes,4,79.55
2673-ZALNP,Female,No,No,No,7,Yes,No,No,No internet service,No internet service,No internet service,No internet service,No internet service,No internet service,One year,No,Mailed check,19.9,173.15,No,6-11,No,No,No,No,0,24.735714285714288
0130-SXOUN,Male,No,No,No,66,Yes,Yes,Fiber optic,No,Yes,No,No,No,Yes,Month-to-month,No,Credit card (automatic),89.4,5976.9,No,60-72,No,Yes,No,Yes,3,90.5590909090909
9801-NOSHQ,Male,No,No,Yes,23,Yes,No,No,No internet service,No internet service,No internet service,No internet service,No internet service,No internet service,One year,No,Mailed check,19.8,465.45,No,12-23,No,No,No,No,0,20.23695652173913
0231-LXVAP,Male,No,No,No,1,Yes,No,Fiber optic,No,No,No,Yes,No,No,Month-to-month,Yes,Electronic check,75.9,75.9,Yes,0-5,Yes,Yes,Yes,Yes,3,75.9
7998-ZLXWN,Female,No,Yes,No,15,Yes,No,No,No internet service,No internet service,No internet service,No internet service,No internet service,No internet service,Month-to-month,No,Credit card (automatic),20.45,330.8,No,12-23,No,Yes,No,No,0,22.05333333333333
2067-QYTCF,Female,No,Yes,No,64,Yes,Yes,Fiber optic,No,Yes,Yes,Yes,Yes,Yes,Month-to-month,Yes,Electronic check,111.15,6953.4,No,60-72,No,Yes,Yes,Yes,1,108.646875
0854-UYHZD,Female,No,Yes,Yes,13,Yes,No,No,No internet service,No internet service,No internet service,No internet service,No internet service,No internet service,Two year,No,Mailed check,19.55,265.3,No,12-23,No,No,No,No,0,20.407692307692308
8844-TONUD,Male,No,Yes,Yes,13,Yes,No,Fiber optic,No,No,Yes,No,Yes,Yes,Month-to-month,Yes,Mailed check,96.65,1162.85,Yes,12-23,No,Yes,No,Yes,3,89.44999999999999
8652-YHIYU,Female,No,No,Yes,16,Yes,Yes,Fiber optic,No,No,No,Yes,No,No,One year,Yes,Credit card (automatic),79.5,1264.2,No,12-23,No,No,No,Yes,3,79.0125
6922-NCEDI,Male,No,No,Yes,56,Yes,No,No,No internet service,No internet service,No internet service,No internet service,No internet service,No internet service,One year,Yes,Mailed check,21.2,1238.65,No,48-59,No,No,No,No,0,22.11875
9121-PHQSR,Male,Yes,Yes,No,16,Yes,Yes,Fiber optic,No,No,No,No,Yes,No,Month-to-month,Yes,Credit card (automatic),85.05,1391.15,No,12-23,No,Yes,No,Yes,4,86.946875
6907-CQGPN,Male,No,No,No,29,No,No phone service,DSL,No,Yes,No,Yes,No,No,Month-to-month,No,Electronic check,34.3,1004.75,No,24-35,No,Yes,Yes,No,2,34.64655172413793
0506-YLVKJ,Male,No,Yes,Yes,46,Yes,No,No,No internet service,No internet service,No internet service,No internet service,No internet service,No internet service,Two year,Yes,Mailed check,20.2,917.45,No,36-47,No,No,No,No,0,19.944565217391304
7481-ATQQS,Female,Yes,No,No,49,Yes,Yes,Fiber optic,No,No,Yes,No,No,Yes,Month-to-month,Yes,Credit card (automatic),90.85,4515.85,Yes,48-59,No,Yes,No,Yes,3,92.16020408163266
3995-WFCSM,Female,No,No,No,2,Yes,No,DSL,No,No,Yes,No,No,Yes,Month-to-month,No,Electronic check,60.85,111.4,No,0-5,Yes,Yes,Yes,No,3,55.7
7131-ZQZNK,Female,No,Yes,Yes,60,No,No phone service,DSL,Yes,No,Yes,Yes,Yes,Yes,Two year,No,Credit card (automatic),59.85,3590.2,No,60-72,No,No,No,No,1,59.836666666666666
9025-AOMKI,Female,No,No,No,6,Yes,Yes,Fiber optic,No,No,No,No,Yes,Yes,Month-to-month,Yes,Bank transfer (automatic),93.55,536.4,Yes,6-11,No,Yes,No,Yes,4,89.39999999999999
5996-DAOQL,Male,No,No,No,1,Yes,No,No,No internet service,No internet service,No internet service,No internet service,No internet service,No internet service,Month-to-month,Yes,Mailed check,20.45,20.45,No,0-5,Yes,Yes,No,No,0,20.45
2074-GUHPQ,Female,No,No,Yes,17,Yes,Yes,Fiber optic,No,Yes,Yes,Yes,No,No,Month-to-month,Yes,Credit card (automatic),92.7,1556.85,No,12-23,No,Yes,No,Yes,1,91.57941176470588
7359-SSBJK,Female,Yes,No,No,64,Yes,No,DSL,Yes,Yes,No,Yes,Yes,No,Two year,Yes,Credit card (automatic),70.2,4481.0,Yes,60-72,No,No,No,No,1,70.015625
5075-JSDKI,Female,No,No,No,59,Yes,Yes,No,No internet service,No internet service,No internet service,No internet service,No internet service,No internet service,Two year,No,Electronic check,24.45,1493.1,No,48-59,No,No,Yes,No,0,25.306779661016947
5854-KSRBJ,Male,No,Yes,Yes,70,Yes,Yes,No,No internet service,No internet service,No internet service,No internet service,No internet service,No internet service,Two year,No,Mailed check,25.4,1782.05,No,60-72,No,No,No,No,0,25.457857142857144
2656-TABEH,Male,No,Yes,No,4,Yes,Yes,Fiber optic,No,Yes,No,No,Yes,Yes,Month-to-month,Yes,Electronic check,100.2,420.2,Yes,0-5,No,Yes,Yes,Yes,3,105.05
5542-TBBWB,Male,No,No,No,1,Yes,No,Fiber optic,No,No,No,No,No,No,Month-to-month,Yes,Electronic check,69.9,69.9,No,0-5,Yes,Yes,Yes,Yes,4,69.9
7706-YLMQA,Female,No,No,No,70,Yes,No,No,No internet service,No internet service,No internet service,No internet service,No internet service,No internet service,One year,No,Bank transfer (automatic),19.7,1341.5,No,60-72,No,No,No,No,0,19.164285714285715
4644-PIZRT,Male,No,Yes,Yes,17,Yes,Yes,DSL,Yes,No,Yes,No,Yes,No,One year,Yes,Bank transfer (automatic),70.35,1201.65,No,12-23,No,No,No,No,2,70.68529411764706
6685-XSHHU,Male,No,Yes,Yes,60,Yes,No,No,No internet service,No internet service,No internet service,No internet service,No internet service,No internet service,Two year,Yes,Bank transfer (automatic),20.95,1270.55,No,60-72,No,No,No,No,0,21.175833333333333
5003-OKNNK,Female,No,Yes,Yes,15,Yes,No,No,No internet service,No internet service,No internet service,No internet service,No internet service,No internet service,One year,No,Credit card (automatic),20.35,335.95,No,12-23,No,No,No,No,0,22.396666666666665
6950-TWMYB,Male,No,Yes,Yes,54,Yes,No,Fiber optic,No,Yes,No,Yes,No,No,Two year,Yes,Bank transfer (automatic),79.95,4362.05,No,48-59,No,No,No,Yes,2,80.77870370370371
9715-SBVSU,Male,No,Yes,Yes,14,Yes,No,DSL,Yes,Yes,No,No,No,Yes,Two year,Yes,Bank transfer (automatic),61.4,815.55,No,12-23,No,No,No,No,2,58.25357142857143
5502-RLUYV,Female,No,Yes,Yes,69,Yes,Yes,Fiber optic,No,Yes,Yes,No,Yes,Yes,Month-to-month,Yes,Electronic check,103.95,7446.9,Yes,60-72,No,Yes,Yes,Yes,2,107.92608695652171
5485-WUYWF,Male,Yes,No,No,2,Yes,No,DSL,Yes,No,Yes,No,Yes,No,Month-to-month,No,Bank transfer (automatic),66.4,94.55,Yes,0-5,Yes,Yes,No,No,2,47.275
0804-YGEQV,Female,No,Yes,Yes,43,Yes,Yes,No,No internet service,No internet service,No internet service,No internet service,No internet service,No internet service,One year,Yes,Bank transfer (automatic),24.45,993.15,No,36-47,No,No,No,No,0,23.096511627906978
7814-LEEVE,Female,No,Yes,No,1,Yes,No,No,No internet service,No internet service,No internet service,No internet service,No internet service,No internet service,Month-to-month,Yes,Bank transfer (automatic),20.3,20.3,No,0-5,Yes,Yes,No,No,0,20.3
0248-IPDFW,Female,No,No,No,1,Yes,Yes,DSL,No,No,No,No,No,No,Month-to-month,Yes,Electronic check,50.1,50.1,No,0-5,Yes,Yes,Yes,No,4,50.1
1069-XAIEM,Female,Yes,No,No,1,Yes,Yes,Fiber optic,No,No,No,No,No,Yes,Month-to-month,Yes,Electronic check,85.05,85.05,Yes,0-5,Yes,Yes,Yes,Yes,4,85.05
9625-QNLUX,Male,No,Yes,Yes,68,Yes,No,Fiber optic,Yes,Yes,Yes,No,Yes,Yes,Two year,Yes,Credit card (automatic),103.25,7074.4,No,60-72,No,No,No,Yes,1,104.03529411764706
1363-TXLSL,Male,Yes,Yes,No,1,Yes,No,Fiber optic,No,No,No,No,No,No,Month-to-month,Yes,Electronic check,70.3,70.3,Yes,0-5,Yes,Yes,Yes,Yes,4,70.3
1862-SKORY,Female,Yes,Yes,No,40,No,No phone service,DSL,No,Yes,No,No,Yes,No,Month-to-month,Yes,Electronic check,39.3,1637.4,Yes,36-47,No,Yes,Yes,No,3,40.935
9227-UAQFT,Male,No,No,No,16,Yes,No,No,No internet service,No internet service,No internet service,No internet service,No internet service,No internet service,Two year,No,Mailed check,19.75,284.35,No,12-23,No,No,No,No,0,17.771875
2347-WKKAE,Male,No,Yes,No,42,Yes,Yes,Fiber optic,Yes,No,Yes,No,No,Yes,Month-to-month,Yes,Electronic check,94.4,4014.6,No,36-47,No,Yes,Yes,Yes,2,95.58571428571427
9805-FILKB,Male,No,Yes,Yes,46,Yes,No,No,No internet service,No internet service,No internet service,No internet service,No internet service,No internet service,One year,Yes,Bank transfer (automatic),20.2,845.6,No,36-47,No,No,No,No,0,18.382608695652173
1084-MNSMJ,Female,No,Yes,Yes,51,Yes,No,DSL,Yes,Yes,Yes,Yes,Yes,Yes,Two year,No,Credit card (automatic),85.5,4421.95,No,48-59,No,No,No,No,0,86.70490196078431
2260-USTRB,Female,Yes,No,No,2,Yes,No,Fiber optic,No,No,No,No,No,No,Month-to-month,Yes,Bank transfer (automatic),70.2,115.95,Yes,0-5,Yes,Yes,No,Yes,4,57.975
2821-WARNZ,Female,No,No,Yes,49,Yes,No,No,No internet service,No internet service,No internet service,No internet service,No internet service,No internet service,One year,No,Credit card (automatic),19.45,921.3,No,48-59,No,No,No,No,0,18.802040816326528
5619-PTMIK,Female,No,Yes,No,46,Yes,Yes,DSL,Yes,No,No,No,No,No,Month-to-month,No,Electronic check,53.1,2459.8,No,36-47,No,Yes,Yes,No,3,53.47391304347826
5044-LRQAQ,Female,No,Yes,No,7,Yes,No,Fiber optic,No,No,No,No,No,No,Month-to-month,Yes,Bank transfer (automatic),69.2,477.55,No,6-11,No,Yes,No,Yes,4,68.22142857142858
3663-MITLP,Female,No,No,No,15,Yes,No,Fiber optic,No,Yes,Yes,No,Yes,Yes,Month-to-month,Yes,Electronic check,101.25,1457.25,Yes,12-23,No,Yes,Yes,Yes,2,97.15
2495-KZNFB,Female,No,No,No,33,Yes,Yes,Fiber optic,Yes,No,No,No,No,Yes,Month-to-month,Yes,Electronic check,90.65,2989.6,No,24-35,No,Yes,Yes,Yes,3,90.5939393939394
8224-IVVPA,Female,No,No,No,27,Yes,No,DSL,Yes,Yes,No,No,No,No,Month-to-month,Yes,Mailed check,56.7,1652.95,No,24-35,No,Yes,No,No,2,61.220370370370375
5875-YPQFJ,Male,No,No,No,1,Yes,No,Fiber optic,No,No,No,No,No,No,Month-to-month,Yes,Electronic check,69.9,69.9,Yes,0-5,Yes,Yes,Yes,Yes,4,69.9
2251-PYLPB,Male,No,Yes,No,72,Yes,Yes,DSL,Yes,Yes,Yes,Yes,No,Yes,Two year,No,Credit card (automatic),79.55,5810.9,No,60-72,No,No,No,No,0,80.70694444444445
4007-NHVHI,Female,Yes,No,No,56,Yes,Yes,Fiber optic,Yes,Yes,No,No,No,Yes,Month-to-month,Yes,Electronic check,96.85,5219.65,No,48-59,No,Yes,Yes,Yes,2,93.20803571428571
3078-ZKNTS,Female,No,Yes,Yes,13,Yes,No,No,No internet service,No internet service,No internet service,No internet service,No internet service,No internet service,Two year,Yes,Bank transfer (automatic),19.75,246.7,No,12-23,No,No,No,No,0,18.976923076923075
3069-SSVSN,Female,No,No,No,1,No,No phone service,DSL,No,No,No,No,No,No,One year,No,Mailed check,25.85,25.85,No,0-5,Yes,No,No,No,4,25.85
9705-ZJBCG,Female,No,Yes,Yes,13,Yes,No,DSL,Yes,No,No,Yes,No,No,One year,No,Bank transfer (automatic),54.15,701.05,No,12-23,No,No,No,No,2,53.92692307692308
3990-QYKBE,Male,Yes,Yes,No,37,Yes,Yes,Fiber optic,No,No,No,No,Yes,Yes,Month-to-month,Yes,Electronic check,92.5,3473.4,Yes,36-47,No,Yes,Yes,Yes,4,93.87567567567568
5175-WLYXL,Male,No,No,No,22,Yes,Yes,Fiber optic,No,Yes,No,No,No,No,Month-to-month,Yes,Mailed check,78.85,1600.25,No,12-23,No,Yes,No,Yes,3,72.73863636363636
4123-DVHPH,Male,No,Yes,No,9,Yes,Yes,Fiber optic,Yes,No,No,No,No,Yes,Month-to-month,Yes,Electronic check,88.05,801.3,No,6-11,No,Yes,Yes,Yes,3,89.03333333333333
3757-NJYBX,Male,Yes,Yes,No,32,Yes,Yes,Fiber optic,No,Yes,Yes,No,Yes,Yes,Month-to-month,No,Bank transfer (automatic),106.35,3520.75,Yes,24-35,No,Yes,No,Yes,2,110.0234375
7682-AZNDK,Male,No,Yes,Yes,34,Yes,No,Fiber optic,No,Yes,Yes,No,Yes,No,Month-to-month,Yes,Electronic check,89.85,3091.75,No,24-35,No,Yes,Yes,Yes,2,90.93382352941175
3178-CIFOT,Female,No,No,No,23,Yes,No,No,No internet service,No internet service,No internet service,No internet service,No internet service,No internet service,One year,Yes,Credit card (automatic),19.65,478.1,No,12-23,No,No,No,No,0,20.78695652173913
6647-ZEDXT,Female,No,No,No,30,Yes,Yes,Fiber optic,No,Yes,Yes,Yes,Yes,Yes,One year,No,Credit card (automatic),110.45,3327.05,No,24-35,No,No,No,Yes,1,110.90166666666669
0320-DWVTU,Female,No,No,No,53,Yes,No,Fiber optic,Yes,Yes,Yes,Yes,No,Yes,Two year,No,Mailed check,99.5,5424.25,No,48-59,No,No,No,Yes,0,102.34433962264151
5136-KCKGI,Female,No,Yes,Yes,33,Yes,Yes,Fiber optic,Yes,No,Yes,No,Yes,Yes,One year,Yes,Mailed check,103.7,3467.0,Yes,24-35,No,No,No,Yes,2,105.06060606060606
0112-QWPNC,Male,No,Yes,No,49,Yes,Yes,DSL,Yes,No,Yes,Yes,Yes,Yes,One year,No,Electronic check,84.35,4059.35,Yes,48-59,No,No,Yes,No,1,82.84387755102041
5996-EBTKM,Female,No,Yes,Yes,67,Yes,Yes,DSL,No,No,Yes,Yes,No,Yes,Two year,Yes,Bank transfer (automatic),69.9,4615.9,No,60-72,No,No,No,No,2,68.89402985074626
0730-BGQGF,Male,No,Yes,Yes,71,Yes,Yes,DSL,Yes,Yes,Yes,Yes,Yes,Yes,Two year,No,Credit card (automatic),90.3,6287.3,No,60-72,No,No,No,No,0,88.55352112676057
4163-NCJAK,Female,No,Yes,No,46,Yes,Yes,No,No internet service,No internet service,No internet service,No internet service,No internet service,No internet service,One year,Yes,Bank transfer (automatic),24.45,1066.15,No,36-47,No,No,No,No,0,23.17717391304348
8749-JMNKX,Male,Yes,Yes,No,51,Yes,Yes,Fiber optic,Yes,No,Yes,No,Yes,No,Month-to-month,Yes,Bank transfer (automatic),93.8,4750.95,Yes,48-59,No,Yes,No,Yes,2,93.15588235294118
2585-KTFRE,Male,No,No,Yes,1,Yes,No,DSL,Yes,Yes,No,Yes,No,Yes,Month-to-month,Yes,Bank transfer (automatic),70.45,70.45,No,0-5,Yes,Yes,No,No,1,70.45
5192-EBGOV,Female,Yes,No,No,1,Yes,Yes,Fiber optic,No,No,No,No,Yes,No,Month-to-month,Yes,Electronic check,85.7,85.7,Yes,0-5,Yes,Yes,Yes,Yes,4,85.7
0280-XJGEX,Male,No,No,No,49,Yes,Yes,Fiber optic,No,Yes,Yes,No,Yes,Yes,Month-to-month,Yes,Bank transfer (automatic),103.7,5036.3,Yes,48-59,No,Yes,No,Yes,2,102.78163265306122
4488-KQFDT,Female,No,No,No,61,Yes,Yes,Fiber optic,No,Yes,Yes,No,Yes,Yes,One year,Yes,Electronic check,103.95,6423.0,No,60-72,No,No,Yes,Yes,2,105.29508196721312
5778-BVOFB,Female,No,No,No,9,Yes,No,DSL,No,No,No,Yes,Yes,No,Month-to-month,Yes,Bank transfer (automatic),59.5,530.05,No,6-11,No,Yes,No,No,3,58.89444444444444
0519-XUZJU,Female,No,No,No,1,Yes,No,Fiber optic,No,No,No,No,No,No,Month-to-month,No,Mailed check,70.75,70.75,Yes,0-5,Yes,Yes,No,Yes,4,70.75
4869-EPIUS,Male,No,Yes,No,56,Yes,No,Fiber optic,No,No,No,No,No,Yes,One year,Yes,Electronic check,80.9,4557.5,No,48-59,No,No,Yes,Yes,4,81.38392857142857
3262-EIDHV,Female,No,Yes,Yes,72,Yes,Yes,DSL,Yes,No,Yes,Yes,Yes,Yes,Two year,No,Credit card (automatic),84.7,5893.9,No,60-72,No,No,No,No,1,81.85972222222222
9445-ZUEQE,Male,No,Yes,Yes,27,Yes,Yes,Fiber optic,No,Yes,No,Yes,No,No,Month-to-month,Yes,Credit card (automatic),85.2,2151.6,No,24-35,No,Yes,No,Yes,2,79.68888888888888
3988-RQIXO,Female,Yes,No,No,1,Yes,No,Fiber optic,No,No,No,No,Yes,Yes,Month-to-month,Yes,Electronic check,91.3,91.3,Yes,0-5,Yes,Yes,Yes,Yes,4,91.3
1038-ZAGBI,Female,No,Yes,Yes,12,Yes,No,No,No internet service,No internet service,No internet service,No internet service,No internet service,No internet service,One year,No,Bank transfer (automatic),19.8,229.6,Yes,12-23,No,No,No,No,0,19.133333333333333
1803-BGNBD,Female,No,No,No,12,Yes,No,DSL,No,Yes,No,Yes,No,No,Month-to-month,Yes,Electronic check,54.3,654.5,No,12-23,No,Yes,Yes,No,2,54.54166666666666
0071-NDAFP,Male,No,Yes,Yes,25,Yes,Yes,No,No internet service,No internet service,No internet service,No internet service,No internet service,No internet service,Two year,No,Credit card (automatic),25.5,630.6,No,24-35,No,No,No,No,0,25.224
9661-MHUMO,Male,Yes,Yes,Yes,1,Yes,No,DSL,No,No,No,Yes,No,No,Month-to-month,Yes,Credit card (automatic),49.25,49.25,Yes,0-5,Yes,Yes,No,No,3,49.25
4118-CEVPF,Female,Yes,No,No,35,Yes,Yes,Fiber optic,Yes,Yes,Yes,Yes,Yes,Yes,One year,Yes,Bank transfer (automatic),110.8,3836.3,No,24-35,No,No,No,Yes,0,109.60857142857144
5173-WXOQV,Male,No,Yes,No,2,Yes,No,DSL,No,Yes,No,Yes,No,Yes,Month-to-month,Yes,Mailed check,64.2,143.65,No,0-5,Yes,Yes,No,No,2,71.825
4298-OYIFC,Male,No,Yes,No,15,Yes,Yes,Fiber optic,No,No,Yes,Yes,Yes,Yes,Month-to-month,Yes,Electronic check,103.45,1539.8,No,12-23,No,Yes,Yes,Yes,2,102.65333333333334
7410-OIEDU,Male,No,No,No,10,Yes,No,Fiber optic,Yes,No,Yes,No,No,No,Month-to-month,Yes,Mailed check,79.85,887.35,No,6-11,No,Yes,No,Yes,2,88.735
5697-GOMBF,Female,Yes,Yes,Yes,28,No,No phone service,DSL,No,No,No,No,Yes,No,Month-to-month,Yes,Electronic check,35.9,973.65,No,24-35,No,Yes,Yes,No,4,34.77321428571428
5533-NHFRF,Male,Yes,No,No,7,No,No phone service,DSL,No,Yes,No,Yes,No,Yes,Month-to-month,Yes,Electronic check,44.4,265.8,No,6-11,No,Yes,Yes,No,2,37.971428571428575
2371-JQHZZ,Male,No,Yes,No,24,Yes,Yes,Fiber optic,No,No,No,No,Yes,Yes,Month-to-month,Yes,Electronic check,93.0,2248.05,No,24-35,No,Yes,Yes,Yes,4,93.66875
4184-TJFAN,Female,Yes,Yes,Yes,3,Yes,No,Fiber optic,Yes,No,No,Yes,Yes,No,Month-to-month,Yes,Mailed check,88.3,273.75,Yes,0-5,Yes,Yes,No,Yes,2,91.25
3354-OADJP,Female,No,No,No,8,Yes,No,DSL,Yes,No,No,Yes,No,No,One year,No,Bank transfer (automatic),54.25,447.75,No,6-11,No,No,No,No,2,55.96875
0318-ZOPWS,Female,No,Yes,No,49,Yes,No,No,No internet service,No internet service,No internet service,No internet service,No internet service,No internet service,Two year,Yes,Bank transfer (automatic),20.15,973.35,No,48-59,No,No,No,No,0,19.864285714285717
8125-QPFJD,Female,No,Yes,No,72,Yes,Yes,DSL,Yes,No,Yes,Yes,Yes,Yes,Two year,Yes,Bank transfer (automatic),84.9,6065.3,No,60-72,No,No,No,No,1,84.24027777777778
4922-CVPDX,Female,No,Yes,No,26,Yes,No,DSL,No,Yes,Yes,No,Yes,Yes,Two year,Yes,Credit card (automatic),73.5,1905.7,No,24-35,No,No,No,No,2,73.29615384615384
3061-BCKYI,Male,No,No,No,14,Yes,No,No,No internet service,No internet service,No internet service,No internet service,No internet service,No internet service,Month-to-month,No,Mailed check,19.9,283.75,No,12-23,No,Yes,No,No,0,20.267857142857142
6695-FRVEC,Male,No,Yes,Yes,67,Yes,No,DSL,Yes,No,Yes,Yes,No,No,Two year,Yes,Bank transfer (automatic),60.4,3953.7,No,60-72,No,No,No,No,1,59.01044776119403
7771-ZONAT,Male,No,No,No,22,No,No phone service,DSL,No,No,Yes,Yes,Yes,Yes,Two year,No,Bank transfer (automatic),56.75,1304.85,No,12-23,No,No,No,No,2,59.31136363636363
2439-LYPMQ,Male,Yes,Yes,No,38,Yes,Yes,Fiber optic,No,Yes,Yes,No,Yes,Yes,Month-to-month,Yes,Electronic check,102.6,4009.2,No,36-47,No,Yes,Yes,Yes,2,105.50526315789472
1641-BYBTK,Male,No,No,Yes,6,Yes,No,No,No internet service,No internet service,No internet service,No internet service,No internet service,No internet service,Month-to-month,Yes,Mailed check,20.2,98.35,No,6-11,No,Yes,No,No,0,16.391666666666666
0480-KYJVA,Female,No,Yes,Yes,72,Yes,Yes,No,No internet service,No internet service,No internet service,No internet service,No internet service,No internet service,Two year,No,Credit card (automatic),24.25,1784.5,No,60-72,No,No,No,No,0,24.78472222222222
1206-EHBDD,Female,No,Yes,No,56,Yes,No,Fiber optic,Yes,No,Yes,No,No,No,Two year,No,Bank transfer (automatic),80.3,4513.65,No,48-59,No,No,No,Yes,2,80.60089285714285
1845-CSBRZ,Female,Yes,Yes,Yes,22,Yes,Yes,Fiber optic,No,No,No,No,Yes,No,Month-to-month,No,Bank transfer (automatic),85.35,1961.6,No,12-23,No,Yes,No,Yes,4,89.16363636363636
4547-KQRTM,Female,No,No,No,10,Yes,Yes,Fiber optic,No,Yes,No,No,No,No,Month-to-month,Yes,Bank transfer (automatic),80.05,830.7,Yes,6-11,No,Yes,No,Yes,3,83.07000000000001
0604-THJFP,Female,No,Yes,Yes,59,Yes,No,DSL,No,Yes,No,Yes,Yes,Yes,Two year,Yes,Credit card (automatic),75.95,4542.35,No,48-59,No,No,No,No,2,76.98898305084747
9770-LXDBK,Female,No,No,No,3,Yes,No,No,No internet service,No internet service,No internet service,No internet service,No internet service,No internet service,Month-to-month,No,Mailed check,20.4,63.15,No,0-5,Yes,Yes,No,No,0,21.05
5298-GSTLM,Female,Yes,No,No,60,Yes,Yes,Fiber optic,Yes,No,No,No,Yes,Yes,One year,Yes,Bank transfer (automatic),101.4,6176.6,No,60-72,No,No,No,Yes,3,102.94333333333334
8885-QSQBX,Female,No,No,No,1,Yes,No,DSL,Yes,No,No,No,No,No,Month-to-month,No,Bank transfer (automatic),49.55,49.55,No,0-5,Yes,Yes,No,No,3,49.55
7785-RDVIG,Female,No,Yes,Yes,3,Yes,No,No,No internet service,No internet service,No internet service,No internet service,No internet service,No internet service,Month-to-month,No,Mailed check,19.3,54.7,No,0-5,Yes,Yes,No,No,0,18.23333333333333
1625-JAIIY,Female,No,Yes,Yes,68,Yes,Yes,Fiber optic,No,No,No,No,Yes,No,One year,Yes,Electronic check,83.0,5685.8,Yes,60-72,No,No,Yes,Yes,4,83.61470588235295
9714-EDSUC,Male,No,No,No,4,Yes,No,Fiber optic,Yes,Yes,No,Yes,No,Yes,Month-to-month,Yes,Mailed check,94.9,360.55,No,0-5,No,Yes,No,Yes,1,90.1375
3323-CPBWR,Male,No,No,No,23,Yes,Yes,Fiber optic,No,No,Yes,Yes,Yes,No,Month-to-month,Yes,Credit card (automatic),96.9,2085.45,No,12-23,No,Yes,No,Yes,2,90.67173913043476
8779-QRDMV,Male,Yes,No,No,1,No,No phone service,DSL,No,No,Yes,No,No,Yes,Month-to-month,Yes,Electronic check,39.65,39.65,Yes,0-5,Yes,Yes,Yes,No,3,39.65
2282-YGNOR,Female,No,No,No,29,Yes,No,DSL,Yes,No,Yes,Yes,No,No,One year,No,Credit card (automatic),58.0,1734.5,No,24-35,No,No,No,No,1,59.810344827586206
0661-KQHNK,Female,No,Yes,Yes,6,Yes,No,No,No internet service,No internet service,No internet service,No internet service,No internet service,No internet service,One year,No,Credit card (automatic),19.0,105.5,No,6-11,No,No,No,No,0,17.583333333333332
1635-FJFCC,Female,No,No,No,5,Yes,No,DSL,No,No,No,No,No,No,Month-to-month,Yes,Credit card (automatic),44.05,202.15,No,0-5,No,Yes,No,No,4,40.43
1981-INRFU,Female,No,No,No,2,Yes,No,Fiber optic,No,No,No,No,Yes,No,Month-to-month,Yes,Electronic check,79.75,164.5,Yes,0-5,Yes,Yes,Yes,Yes,4,82.25
8198-RKSZG,Female,No,Yes,Yes,14,Yes,Yes,DSL,No,Yes,No,Yes,Yes,Yes,Month-to-month,No,Credit card (automatic),80.45,1137.05,No,12-23,No,Yes,No,No,2,81.21785714285714
6407-GSJNL,Female,No,No,No,51,Yes,Yes,No,No internet service,No internet service,No internet service,No internet service,No internet service,No internet service,Two year,No,Bank transfer (automatic),24.95,1288.0,No,48-59,No,No,No,No,0,25.254901960784316
0365-BZUWY,Male,No,Yes,No,17,Yes,Yes,Fiber optic,No,Yes,Yes,No,Yes,Yes,Month-to-month,Yes,Electronic check,102.55,1742.5,No,12-23,No,Yes,Yes,Yes,2,102.5
9581-GVBXT,Male,No,Yes,Yes,59,No,No phone service,DSL,Yes,No,Yes,No,No,No,One year,No,Mailed check,34.8,1980.3,No,48-59,No,No,No,No,2,33.56440677966101
2792-VPPET,Male,No,No,No,3,Yes,No,No,No internet service,No internet service,No internet service,No internet service,No internet service,No internet service,Month-to-month,Yes,Electronic check,20.5,76.95,No,0-5,Yes,Yes,Yes,No,0,25.65
3771-PZOBW,Male,No,No,No,20,Yes,Yes,Fiber optic,No,No,Yes,No,Yes,No,Month-to-month,Yes,Credit card (automatic),90.7,1781.35,No,12-23,No,Yes,No,Yes,3,89.0675
8580-QVLOC,Female,Yes,Yes,Yes,72,Yes,Yes,DSL,Yes,Yes,Yes,Yes,Yes,Yes,Two year,No,Credit card (automatic),92.45,6440.25,Yes,60-72,No,No,No,No,0,89.44791666666667
0206-TBWLC,Female,No,Yes,No,54,Yes,Yes,Fiber optic,Yes,Yes,Yes,Yes,Yes,Yes,One year,Yes,Mailed check,114.65,6049.5,No,48-59,No,No,No,Yes,0,112.02777777777776
3644-QXEHN,Male,No,Yes,Yes,13,Yes,No,Fiber optic,No,No,Yes,No,Yes,Yes,Month-to-month,No,Electronic check,97.0,1334.45,No,12-23,No,Yes,Yes,Yes,3,102.65
6519-CFDBX,Female,No,No,No,2,Yes,No,DSL,No,No,No,No,No,No,Month-to-month,Yes,Electronic check,45.4,80.95,No,0-5,Yes,Yes,Yes,No,4,40.475
5702-SKUOB,Female,No,Yes,No,4,Yes,No,No,No internet service,No internet service,No internet service,No internet service,No internet service,No internet service,Month-to-month,No,Mailed check,19.6,93.45,No,0-5,No,Yes,No,No,0,23.3625
2754-VDLTR,Male,No,No,Yes,10,Yes,Yes,Fiber optic,No,No,No,No,Yes,Yes,Month-to-month,No,Electronic check,95.2,930.4,Yes,6-11,No,Yes,Yes,Yes,4,93.04
1237-WIYYZ,Female,No,No,No,18,Yes,No,No,No internet service,No internet service,No internet service,No internet service,No internet service,No internet service,Month-to-month,Yes,Mailed check,19.55,389.25,No,12-23,No,Yes,No,No,0,21.625
5569-OUICF,Female,Yes,Yes,No,28,Yes,Yes,Fiber optic,No,No,No,Yes,Yes,Yes,Month-to-month,Yes,Credit card (automatic),101.3,2812.2,Yes,24-35,No,Yes,No,Yes,3,100.43571428571428
8548-AWOFC,Male,No,Yes,No,66,Yes,Yes,DSL,No,No,No,Yes,No,Yes,Month-to-month,No,Electronic check,63.85,4264.6,No,60-72,No,Yes,Yes,No,3,64.61515151515152
7627-JKIAZ,Female,No,Yes,No,37,Yes,Yes,Fiber optic,No,No,Yes,No,No,No,Month-to-month,Yes,Credit card (automatic),78.95,2839.65,Yes,36-47,No,Yes,No,Yes,3,76.7472972972973
5208-FVQKB,Male,No,Yes,No,70,Yes,No,DSL,Yes,Yes,No,Yes,No,Yes,Two year,No,Mailed check,67.95,4664.15,No,60-72,No,No,No,No,1,66.63071428571428
6408-WHTEF,Male,No,Yes,Yes,72,Yes,Yes,DSL,Yes,Yes,Yes,Yes,Yes,Yes,Two year,Yes,Mailed check,89.4,6376.55,No,60-72,No,No,No,No,0,88.56319444444445
3016-KSVCP,Male,No,Yes,No,29,No,No phone service,DSL,No,No,No,No,Yes,No,Month-to-month,No,Mailed check,33.75,1009.25,No,24-35,No,Yes,No,No,4,34.80172413793103
4422-QVIJA,Female,No,No,Yes,35,Yes,Yes,DSL,No,No,No,No,No,No,Month-to-month,No,Mailed check,50.15,1655.35,No,24-35,No,Yes,No,No,4,47.29571428571428
0916-QOFDP,Female,Yes,Yes,Yes,14,Yes,Yes,Fiber optic,No,No,No,No,Yes,Yes,Month-to-month,Yes,Electronic check,95.8,1346.3,No,12-23,No,Yes,Yes,Yes,4,96.16428571428573
5378-IKEEG,Female,No,No,No,1,No,No phone service,DSL,No,No,No,No,Yes,No,Month-to-month,Yes,Electronic check,35.75,35.75,Yes,0-5,Yes,Yes,Yes,No,4,35.75
4654-GGUII,Female,No,No,No,18,No,No phone service,DSL,Yes,Yes,No,Yes,No,No,One year,Yes,Mailed check,40.2,711.95,No,12-23,No,No,No,No,1,39.55277777777778
4767-HZZHQ,Male,No,Yes,Yes,30,Yes,No,Fiber optic,No,Yes,Yes,No,No,No,Month-to-month,No,Bank transfer (automatic),82.05,2570.2,No,24-35,No,Yes,No,Yes,2,85.67333333333333
2589-AYCRP,Female,No,No,No,50,Yes,No,No,No internet service,No internet service,No internet service,No internet service,No internet service,No internet service,One year,No,Bank transfer (automatic),19.75,989.05,No,48-59,No,No,No,No,0,19.781
2466-NEJOJ,Male,No,Yes,Yes,8,Yes,No,No,No internet service,No internet service,No internet service,No internet service,No internet service,No internet service,Month-to-month,No,Credit card (automatic),19.65,169.75,No,6-11,No,Yes,No,No,0,21.21875
8769-KKTPH,Female,No,Yes,Yes,63,Yes,Yes,Fiber optic,Yes,No,No,No,Yes,Yes,One year,Yes,Credit card (automatic),99.65,6311.2,No,60-72,No,No,No,Yes,3,100.17777777777778
1260-TTRXI,Male,No,No,No,4,Yes,No,DSL,No,No,No,No,No,Yes,Month-to-month,No,Electronic check,54.3,195.3,Yes,0-5,No,Yes,Yes,No,4,48.825
3536-IQCTX,Male,Yes,Yes,No,32,Yes,Yes,Fiber optic,No,No,No,No,No,Yes,Month-to-month,No,Electronic check,85.3,2661.1,Yes,24-35,No,Yes,Yes,Yes,4,83.159375
5268-DSMNQ,Female,Yes,Yes,No,62,Yes,Yes,Fiber optic,No,Yes,Yes,No,Yes,No,One year,Yes,Credit card (automatic),97.95,5936.55,No,60-72,No,No,No,Yes,2,95.7508064516129
0602-DDUML,Female,No,No,No,57,Yes,No,DSL,No,Yes,Yes,Yes,Yes,No,Two year,No,Mailed check,69.75,3894.4,No,48-59,No,No,No,No,1,68.32280701754387
8050-DVOJX,Male,Yes,No,No,49,Yes,Yes,DSL,Yes,Yes,Yes,Yes,No,Yes,Two year,No,Credit card (automatic),81.35,4060.9,No,48-59,No,No,No,No,0,82.87551020408164
7739-LAXOG,Female,No,Yes,Yes,32,Yes,Yes,Fiber optic,No,No,Yes,No,No,Yes,Month-to-month,Yes,Bank transfer (automatic),91.05,2954.5,Yes,24-35,No,Yes,No,Yes,3,92.328125
9647-ERGBE,Female,No,Yes,Yes,30,Yes,Yes,Fiber optic,No,No,Yes,No,Yes,Yes,Month-to-month,Yes,Electronic check,100.05,3046.15,Yes,24-35,No,Yes,Yes,Yes,3,101.53833333333334
7811-JIVPF,Female,No,No,No,23,Yes,No,DSL,No,No,Yes,No,No,No,Month-to-month,No,Credit card (automatic),49.7,1081.25,No,12-23,No,Yes,No,No,3,47.01086956521739
6901-GOGZG,Male,No,No,Yes,60,Yes,Yes,DSL,Yes,No,Yes,Yes,Yes,Yes,Two year,Yes,Electronic check,84.95,4984.85,No,60-72,No,No,Yes,No,1,83.08083333333335
2346-DJQTB,Female,No,No,No,35,No,No phone service,DSL,No,No,No,No,No,No,Month-to-month,No,Electronic check,24.15,812.5,No,24-35,No,Yes,Yes,No,4,23.214285714285715
6048-UWKAL,Female,Yes,Yes,No,69,Yes,Yes,Fiber optic,No,Yes,No,Yes,Yes,Yes,Two year,No,Credit card (automatic),105.4,6998.95,No,60-72,No,No,No,Yes,2,101.4340579710145
0112-QAWRZ,Male,No,Yes,Yes,16,Yes,Yes,Fiber optic,No,No,Yes,No,Yes,No,Month-to-month,Yes,Bank transfer (automatic),90.8,1442.2,No,12-23,No,Yes,No,Yes,3,90.1375
6994-ORCWG,Female,No,No,No,14,Yes,Yes,DSL,No,Yes,No,No,No,No,One year,Yes,Mailed check,54.25,773.2,No,12-23,No,No,No,No,3,55.22857142857144
5948-UJZLF,Male,No,No,No,2,Yes,No,DSL,No,Yes,No,No,No,No,Month-to-month,No,Mailed check,49.25,97.0,No,0-5,Yes,Yes,No,No,3,48.5
5816-SCGFC,Female,Yes,No,No,7,Yes,No,DSL,No,Yes,No,No,No,No,Month-to-month,Yes,Mailed check,51.3,419.35,No,6-11,No,Yes,No,No,3,59.90714285714286
8249-THVEC,Male,No,Yes,Yes,51,Yes,No,No,No internet service,No internet service,No internet service,No internet service,No internet service,No internet service,One year,No,Mailed check,19.4,997.75,No,48-59,No,No,No,No,0,19.56372549019608
3026-ATZYV,Female,No,Yes,Yes,37,Yes,No,DSL,Yes,Yes,No,No,Yes,Yes,One year,No,Bank transfer (automatic),75.1,2658.8,No,36-47,No,No,No,No,2,71.85945945945946
2504-DSHIH,Male,Yes,Yes,No,23,Yes,Yes,Fiber optic,No,No,No,No,No,Yes,Month-to-month,No,Electronic check,86.8,1975.85,No,12-23,No,Yes,Yes,Yes,4,85.90652173913043
8097-OMULG,Male,No,Yes,Yes,59,Yes,No,DSL,No,Yes,Yes,Yes,Yes,Yes,One year,No,Credit card (automatic),76.75,4541.9,No,48-59,No,No,No,No,1,76.98135593220339
4304-XUMGI,Male,Yes,Yes,Yes,50,Yes,Yes,DSL,Yes,Yes,Yes,No,No,Yes,Two year,Yes,Bank transfer (automatic),75.15,3822.45,No,48-59,No,No,No,No,1,76.449
3404-JNXAX,Female,No,Yes,Yes,51,Yes,Yes,Fiber optic,No,No,No,Yes,No,No,Month-to-month,Yes,Electronic check,80.75,4116.9,No,48-59,No,Yes,Yes,Yes,3,80.7235294117647
5103-MHMHY,Female,No,No,Yes,1,Yes,No,DSL,No,No,No,No,No,No,Month-to-month,No,Mailed check,45.95,45.95,Yes,0-5,Yes,Yes,No,No,4,45.95
3566-HJGPK,Male,No,No,No,1,Yes,No,DSL,No,No,No,No,No,No,Month-to-month,Yes,Mailed check,45.55,45.55,No,0-5,Yes,Yes,No,No,4,45.55
2595-KIWPV,Male,No,No,Yes,27,Yes,No,No,No internet service,No internet service,No internet service,No internet service,No internet service,No internet service,Two year,No,Credit card (automatic),19.7,509.3,No,24-35,No,No,No,No,0,18.862962962962964
0412-UCCNP,Male,No,No,No,55,Yes,No,DSL,Yes,No,Yes,Yes,No,No,Two year,Yes,Electronic check,59.2,3175.85,No,48-59,No,No,Yes,No,1,57.74272727272727
6319-QSUSR,Female,No,No,Yes,11,Yes,No,No,No internet service,No internet service,No internet service,No internet service,No internet service,No internet service,Month-to-month,No,Credit card (automatic),19.7,216.2,No,6-11,No,Yes,No,No,0,19.654545454545453
6537-OTKMY,Male,No,No,No,15,No,No phone service,DSL,No,No,Yes,No,Yes,Yes,One year,No,Electronic check,50.75,688.2,No,12-23,No,No,Yes,No,3,45.88
4999-IEZLT,Male,No,No,No,66,No,No phone service,DSL,No,No,No,Yes,No,No,One year,No,Credit card (automatic),29.45,1983.15,No,60-72,No,No,No,No,3,30.04772727272728
7673-BQGKU,Female,No,Yes,Yes,69,Yes,No,No,No internet service,No internet service,No internet service,No internet service,No internet service,No internet service,Two year,No,Bank transfer (automatic),20.15,1337.5,No,60-72,No,No,No,No,0,19.38405797101449
1567-DSCIC,Male,No,No,No,8,Yes,Yes,Fiber optic,No,Yes,Yes,No,Yes,No,Month-to-month,Yes,Electronic check,94.0,773.65,Yes,6-11,No,Yes,Yes,Yes,2,96.70625
7874-ECPQJ,Female,No,No,Yes,4,Yes,No,No,No internet service,No internet service,No internet service,No internet service,No internet service,No internet service,Month-to-month,Yes,Bank transfer (automatic),20.05,85.5,No,0-5,No,Yes,No,No,0,21.375
1850-AKQEP,Male,No,No,Yes,8,Yes,No,No,No internet service,No internet service,No internet service,No internet service,No internet service,No internet service,Month-to-month,No,Mailed check,20.35,178.7,No,6-11,No,Yes,No,No,0,22.3375
2080-GKCWQ,Male,No,No,No,2,Yes,No,Fiber optic,No,Yes,No,No,No,No,Month-to-month,No,Electronic check,74.95,151.75,No,0-5,Yes,Yes,Yes,Yes,3,75.875
1042-HFUCW,Female,No,No,Yes,25,Yes,No,DSL,No,Yes,No,Yes,No,No,One year,Yes,Credit card (automatic),54.75,1266.35,No,24-35,No,No,No,No,2,50.654
8383-SGHJU,Female,No,No,No,33,Yes,Yes,DSL,Yes,No,No,Yes,No,No,One year,No,Electronic check,59.4,1952.8,No,24-35,No,No,Yes,No,2,59.17575757575757
1866-RZZQS,Male,Yes,No,No,41,Yes,Yes,Fiber optic,No,No,Yes,No,Yes,Yes,Month-to-month,Yes,Electronic check,98.4,4187.75,Yes,36-47,No,Yes,Yes,Yes,3,102.14024390243902
3779-OSWCF,Female,No,Yes,No,71,Yes,Yes,DSL,Yes,Yes,Yes,Yes,Yes,Yes,Two year,No,Credit card (automatic),93.2,6506.15,No,60-72,No,No,No,No,0,91.63591549295774
6625-IUTTT,Male,No,No,No,67,Yes,No,DSL,Yes,No,Yes,No,No,Yes,Two year,No,Bank transfer (automatic),65.55,4361.55,No,60-72,No,No,No,No,2,65.09776119402986
9087-EYCPR,Female,No,No,No,60,Yes,Yes,No,No internet service,No internet service,No internet service,No internet service,No internet service,No internet service,Two year,No,Mailed check,25.0,1505.05,No,60-72,No,No,No,No,0,25.084166666666665
8975-SKGRX,Male,No,Yes,No,71,Yes,Yes,Fiber optic,Yes,Yes,Yes,Yes,Yes,Yes,Two year,Yes,Bank transfer (automatic),116.1,8310.55,No,60-72,No,No,No,Yes,0,117.04999999999998
8388-DMKAE,Female,No,No,No,8,Yes,No,No,No internet service,No internet service,No internet service,No internet service,No internet service,No internet service,Two year,No,Mailed check,20.25,174.65,No,6-11,No,No,No,No,0,21.83125
6000-UKLWI,Male,No,No,No,41,Yes,No,No,No internet service,No internet service,No internet service,No internet service,No internet service,No internet service,Two year,No,Mailed check,20.15,802.35,No,36-47,No,No,No,No,0,19.569512195121952
3597-MVHJT,Female,No,No,No,27,Yes,Yes,Fiber optic,No,No,No,No,Yes,Yes,Month-to-month,Yes,Bank transfer (automatic),95.6,2595.25,No,24-35,No,Yes,No,Yes,4,96.12037037037037
2479-BRAMR,Male,Yes,Yes,No,41,Yes,Yes,Fiber optic,Yes,No,Yes,No,No,No,Month-to-month,Yes,Bank transfer (automatic),83.75,3273.55,Yes,36-47,No,Yes,No,Yes,2,79.84268292682927
6131-JLWZM,Female,No,No,No,13,Yes,No,No,No internet service,No internet service,No internet service,No internet service,No internet service,No internet service,Month-to-month,Yes,Mailed check,20.3,275.4,No,12-23,No,Yes,No,No,0,21.184615384615384
4390-KYULV,Male,No,Yes,No,3,Yes,No,No,No internet service,No internet service,No internet service,No internet service,No internet service,No internet service,Month-to-month,Yes,Credit card (automatic),20.55,51.15,Yes,0-5,Yes,Yes,No,No,0,17.05
1905-OEILC,Female,No,No,No,1,Yes,No,No,No internet service,No internet service,No internet service,No internet service,No internet service,No internet service,Month-to-month,No,Mailed check,19.5,19.5,No,0-5,Yes,Yes,No,No,0,19.5
3096-JRDSO,Female,Yes,Yes,No,27,Yes,Yes,Fiber optic,Yes,No,No,Yes,Yes,Yes,Month-to-month,Yes,Bank transfer (automatic),104.3,2867.75,Yes,24-35,No,Yes,No,Yes,2,106.21296296296296
9880-TDQAC,Female,No,Yes,Yes,72,No,No phone service,DSL,No,Yes,Yes,Yes,Yes,Yes,Two year,Yes,Electronic check,60.0,4264.0,No,60-72,No,No,Yes,No,1,59.22222222222222
9732-EQMWY,Female,No,Yes,No,49,Yes,No,Fiber optic,No,Yes,Yes,No,Yes,Yes,Month-to-month,No,Electronic check,99.4,5025.0,No,48-59,No,Yes,Yes,Yes,2,102.55102040816328
5934-RMPOV,Female,No,No,Yes,22,Yes,Yes,Fiber optic,No,No,No,No,No,Yes,Month-to-month,Yes,Electronic check,84.75,1816.75,No,12-23,No,Yes,Yes,Yes,4,82.57954545454545
1113-IUJYX,Female,No,Yes,No,14,Yes,No,Fiber optic,Yes,Yes,No,Yes,Yes,Yes,One year,No,Mailed check,105.95,1348.9,Yes,12-23,No,No,No,Yes,1,96.35
4534-WGCIR,Female,No,Yes,Yes,58,Yes,Yes,No,No internet service,No internet service,No internet service,No internet service,No internet service,No internet service,Two year,No,Credit card (automatic),25.15,1509.9,No,48-59,No,No,No,No,0,26.032758620689656
3174-AKMAS,Female,No,Yes,No,46,Yes,No,DSL,No,Yes,No,Yes,Yes,No,Two year,Yes,Credit card (automatic),64.2,3009.5,No,36-47,No,No,No,No,2,65.42391304347827
7931-PXHFC,Male,No,No,No,38,Yes,No,DSL,No,No,Yes,Yes,No,Yes,One year,Yes,Mailed check,62.3,2354.8,Yes,36-47,No,No,No,No,2,61.968421052631584
7452-FOLON,Male,No,No,Yes,39,Yes,Yes,No,No internet service,No internet service,No internet service,No internet service,No internet service,No internet service,One year,No,Bank transfer (automatic),25.45,958.45,No,36-47,No,No,No,No,0,24.575641025641023
4902-OHLSK,Female,Yes,No,No,29,Yes,Yes,Fiber optic,No,No,No,Yes,Yes,Yes,Month-to-month,No,Electronic check,98.65,2862.75,Yes,24-35,No,Yes,Yes,Yes,3,98.71551724137932
1766-GKNMI,Male,No,No,No,29,Yes,Yes,Fiber optic,No,No,No,No,No,Yes,Month-to-month,Yes,Electronic check,84.9,2516.2,No,24-35,No,Yes,Yes,Yes,4,86.7655172413793
6432-TWQLB,Male,No,Yes,No,5,Yes,Yes,Fiber optic,No,Yes,No,Yes,No,No,Month-to-month,Yes,Electronic check,85.4,401.1,Yes,0-5,No,Yes,Yes,Yes,2,80.22
0784-ZQJZX,Male,No,No,Yes,72,Yes,No,No,No internet service,No internet service,No internet service,No internet service,No internet service,No internet service,Two year,No,Credit card (automatic),19.9,1529.65,No,60-72,No,No,No,No,0,21.24513888888889
2223-GDSHL,Male,No,Yes,Yes,71,Yes,Yes,Fiber optic,Yes,Yes,Yes,Yes,Yes,Yes,Two year,Yes,Bank transfer (automatic),116.05,8297.5,No,60-72,No,No,No,Yes,0,116.8661971830986
4973-RLZVI,Female,No,No,No,30,Yes,No,DSL,Yes,Yes,Yes,Yes,Yes,No,One year,No,Credit card (automatic),74.65,2308.6,No,24-35,No,No,No,No,0,76.95333333333333
1591-NFNLQ,Male,No,No,No,51,Yes,Yes,Fiber optic,No,No,Yes,No,No,No,Month-to-month,No,Credit card (automatic),80.0,4242.35,Yes,48-59,No,Yes,No,Yes,3,83.18333333333334
2737-WFVYW,Female,No,No,No,2,No,No phone service,DSL,No,No,No,No,Yes,Yes,Month-to-month,Yes,Electronic check,45.25,85.5,Yes,0-5,Yes,Yes,Yes,No,4,42.75
8111-RKSPX,Male,No,No,No,4,Yes,Yes,Fiber optic,No,No,No,No,No,No,Month-to-month,Yes,Bank transfer (automatic),72.2,305.55,Yes,0-5,No,Yes,No,Yes,4,76.3875
5913-INRQV,Male,Yes,Yes,No,34,Yes,No,Fiber optic,Yes,No,No,Yes,Yes,No,One year,No,Mailed check,90.15,3128.8,No,24-35,No,No,No,Yes,2,92.02352941176471
4324-AHJKS,Female,No,No,No,5,Yes,No,DSL,Yes,No,Yes,No,No,No,Month-to-month,No,Credit card (automatic),55.8,300.4,No,0-5,No,Yes,No,No,2,60.08
2619-WFQWU,Female,No,No,No,1,Yes,No,Fiber optic,No,No,No,No,No,No,Month-to-month,Yes,Mailed check,70.15,70.15,Yes,0-5,Yes,Yes,No,Yes,4,70.15
9938-PRCVK,Female,No,Yes,Yes,41,Yes,No,No,No internet service,No internet service,No internet service,No internet service,No internet service,No internet service,Two year,No,Bank transfer (automatic),19.7,804.25,No,36-47,No,No,No,No,0,19.615853658536587
3376-BMGFE,Female,No,No,No,4,Yes,No,Fiber optic,No,No,No,No,No,No,Month-to-month,Yes,Bank transfer (automatic),70.9,273.0,Yes,0-5,No,Yes,No,Yes,4,68.25
4742-DRORA,Male,No,Yes,Yes,60,Yes,Yes,Fiber optic,Yes,No,Yes,No,Yes,No,One year,Yes,Bank transfer (automatic),95.4,5812.0,No,60-72,No,No,No,Yes,2,96.86666666666666
3445-HXXGF,Male,Yes,Yes,No,58,No,No phone service,DSL,No,Yes,Yes,No,No,Yes,Month-to-month,Yes,Electronic check,45.3,2651.2,Yes,48-59,No,Yes,Yes,No,2,45.710344827586205
2451-YMUXS,Male,Yes,No,No,67,Yes,Yes,DSL,Yes,Yes,No,Yes,No,No,Two year,Yes,Bank transfer (automatic),64.55,4250.1,No,60-72,No,No,No,No,1,63.43432835820896
3229-USWAR,Female,No,No,No,34,Yes,No,DSL,Yes,No,Yes,Yes,Yes,Yes,One year,Yes,Bank transfer (automatic),79.95,2727.3,No,24-35,No,No,No,No,1,80.21470588235294
6298-QDFNH,Male,No,No,No,22,Yes,Yes,Fiber optic,No,Yes,No,No,No,No,Month-to-month,Yes,Electronic check,79.35,1730.35,Yes,12-23,No,Yes,Yes,Yes,3,78.65227272727272
9136-ALYBR,Male,No,No,No,1,No,No phone service,DSL,No,No,No,No,No,No,Month-to-month,Yes,Mailed check,24.45,24.45,Yes,0-5,Yes,Yes,No,No,4,24.45
9695-IDRZR,Female,No,No,Yes,34,Yes,Yes,Fiber optic,Yes,Yes,Yes,Yes,Yes,Yes,Two year,Yes,Credit card (automatic),116.15,3946.9,No,24-35,No,No,No,Yes,0,116.08529411764708
6907-NZZIJ,Female,No,No,No,36,Yes,Yes,Fiber optic,No,Yes,No,No,Yes,Yes,Month-to-month,Yes,Electronic check,99.15,3615.6,Yes,36-47,No,Yes,Yes,Yes,3,100.43333333333334
8331-ZXFOE,Female,No,No,No,58,Yes,Yes,DSL,Yes,Yes,Yes,Yes,No,No,One year,Yes,Credit card (automatic),71.1,4299.2,No,48-59,No,No,No,No,0,74.12413793103448
9620-QJREV,Male,No,No,Yes,47,Yes,No,No,No internet service,No internet service,No internet service,No internet service,No internet service,No internet service,One year,No,Credit card (automatic),20.55,1013.05,No,36-47,No,No,No,No,0,21.554255319148936
4832-VRBMR,Male,Yes,Yes,No,65,Yes,Yes,Fiber optic,No,Yes,Yes,No,Yes,Yes,One year,Yes,Bank transfer (automatic),103.15,6792.45,No,60-72,No,No,No,Yes,2,104.49923076923076
6599-SFQVE,Female,No,No,No,6,Yes,No,DSL,No,No,No,No,No,Yes,Month-to-month,Yes,Electronic check,55.0,340.4,No,6-11,No,Yes,Yes,No,4,56.73333333333333
6357-JJPQT,Female,No,No,No,3,Yes,No,Fiber optic,No,No,No,No,Yes,No,Month-to-month,Yes,Electronic check,80.5,232.35,No,0-5,Yes,Yes,Yes,Yes,4,77.45
2801-NISEI,Male,No,No,No,24,Yes,No,DSL,Yes,No,No,Yes,No,No,Month-to-month,No,Electronic check,54.95,1348.5,No,24-35,No,Yes,Yes,No,2,56.1875
4397-FRLTA,Female,No,No,No,4,Yes,No,No,No internet service,No internet service,No internet service,No internet service,No internet service,No internet service,Month-to-month,No,Mailed check,20.15,84.5,No,0-5,No,Yes,No,No,0,21.125
6551-VLJMV,Male,No,Yes,No,34,Yes,No,No,No internet service,No internet service,No internet service,No internet service,No internet service,No internet service,Two year,No,Credit card (automatic),20.05,679.0,No,24-35,No,No,No,No,0,19.97058823529412
5519-NPHVG,Female,No,No,No,12,Yes,Yes,Fiber optic,No,No,No,No,Yes,Yes,Month-to-month,Yes,Electronic check,94.2,1046.1,Yes,12-23,No,Yes,Yes,Yes,4,87.175
6862-CQUMB,Male,No,No,No,37,Yes,No,Fiber optic,No,Yes,No,No,Yes,Yes,Month-to-month,Yes,Credit card (automatic),96.1,3646.8,No,36-47,No,Yes,No,Yes,3,98.56216216216217
0103-CSITQ,Female,No,Yes,No,57,Yes,Yes,Fiber optic,No,Yes,Yes,Yes,Yes,Yes,One year,Yes,Bank transfer (automatic),109.4,6252.7,No,48-59,No,No,No,Yes,1,109.69649122807016
3274-NSDWE,Female,No,No,No,68,Yes,No,No,No internet service,No internet service,No internet service,No internet service,No internet service,No internet service,Two year,No,Credit card (automatic),19.6,1441.65,No,60-72,No,No,No,No,0,21.20073529411765
5804-LEPIM,Female,Yes,No,No,2,Yes,No,Fiber optic,No,No,No,No,No,No,Month-to-month,Yes,Electronic check,70.35,139.05,Yes,0-5,Yes,Yes,Yes,Yes,4,69.525
3703-KBKZP,Male,Yes,No,No,16,Yes,Yes,Fiber optic,No,No,No,No,No,No,Month-to-month,Yes,Bank transfer (automatic),74.45,1261.35,No,12-23,No,Yes,No,Yes,4,78.834375
2324-EFHVG,Male,No,No,No,64,Yes,Yes,Fiber optic,No,Yes,Yes,No,Yes,Yes,Two year,Yes,Bank transfer (automatic),104.4,6692.65,No,60-72,No,No,No,Yes,2,104.57265625
5172-RKOCB,Male,No,Yes,No,72,Yes,Yes,Fiber optic,Yes,Yes,No,Yes,Yes,Yes,Two year,Yes,Credit card (automatic),108.95,7875.0,No,60-72,No,No,No,Yes,1,109.375
1763-KUAAW,Female,Yes,No,No,18,Yes,No,No,No internet service,No internet service,No internet service,No internet service,No internet service,No internet service,One year,No,Bank transfer (automatic),20.35,369.6,No,12-23,No,No,No,No,0,20.53333333333333
0201-OAMXR,Female,No,No,No,70,Yes,Yes,Fiber optic,Yes,Yes,Yes,Yes,Yes,Yes,One year,No,Credit card (automatic),115.55,8127.6,Yes,60-72,No,No,No,Yes,0,116.10857142857144
7562-GSUHK,Female,No,No,No,16,Yes,No,Fiber optic,No,Yes,Yes,No,No,Yes,Month-to-month,Yes,Credit card (automatic),93.2,1573.7,Yes,12-23,No,Yes,No,Yes,2,98.35625
7128-GGCNO,Male,No,No,No,46,Yes,Yes,Fiber optic,No,No,No,No,No,No,Month-to-month,No,Bank transfer (automatic),72.8,3249.4,No,36-47,No,Yes,No,Yes,4,70.63913043478261
2176-OSJUV,Male,No,Yes,No,71,Yes,Yes,DSL,Yes,Yes,No,Yes,No,No,Two year,No,Bank transfer (automatic),65.15,4681.75,No,60-72,No,No,No,No,1,65.94014084507042
7901-IIDQV,Male,No,No,No,24,Yes,Yes,DSL,No,No,No,Yes,No,No,One year,No,Bank transfer (automatic),54.6,1242.25,No,24-35,No,No,No,No,3,51.76041666666666
9498-FIMXL,Female,No,No,No,8,Yes,No,No,No internet service,No internet service,No internet service,No internet service,No internet service,No internet service,One year,Yes,Mailed check,19.2,161.95,No,6-11,No,No,No,No,0,20.24375
5515-IDEJJ,Male,No,Yes,Yes,1,Yes,No,No,No internet service,No internet service,No internet service,No internet service,No internet service,No internet service,Month-to-month,No,Mailed check,19.9,19.9,Yes,0-5,Yes,Yes,No,No,0,19.9
8967-SZQAS,Female,No,No,No,14,Yes,No,DSL,No,Yes,No,No,No,No,Month-to-month,No,Electronic check,50.45,765.45,No,12-23,No,Yes,Yes,No,3,54.675
5884-FBCTL,Female,No,Yes,Yes,72,Yes,Yes,No,No internet service,No internet service,No internet service,No internet service,No internet service,No internet service,Two year,No,Bank transfer (automatic),25.1,1857.85,No,60-72,No,No,No,No,0,25.803472222222226
4701-LKOZD,Female,No,No,No,70,Yes,Yes,DSL,Yes,Yes,Yes,Yes,Yes,Yes,Two year,No,Credit card (automatic),89.75,6367.2,No,60-72,No,No,No,No,0,90.96
1580-BMCMR,Male,Yes,No,No,19,Yes,No,Fiber optic,Yes,No,No,No,No,Yes,Month-to-month,Yes,Electronic check,87.3,1637.3,No,12-23,No,Yes,Yes,Yes,3,86.17368421052632
0727-BMPLR,Female,Yes,No,No,55,Yes,Yes,Fiber optic,No,No,Yes,No,Yes,Yes,One year,Yes,Electronic check,100.0,5509.3,Yes,48-59,No,No,Yes,Yes,3,100.16909090909093
8931-GJJIQ,Female,No,No,No,9,Yes,Yes,Fiber optic,No,No,No,No,No,Yes,Month-to-month,Yes,Electronic check,83.3,803.3,Yes,6-11,No,Yes,Yes,Yes,4,89.25555555555555
8999-YPYBV,Male,No,Yes,Yes,45,Yes,No,DSL,Yes,Yes,Yes,Yes,Yes,Yes,Two year,Yes,Mailed check,84.35,3858.05,No,36-47,No,No,No,No,0,85.73444444444445
1386-ZIKUV,Male,No,No,No,7,Yes,No,No,No internet service,No internet service,No internet service,No internet service,No internet service,No internet service,Month-to-month,Yes,Mailed check,18.95,130.55,No,6-11,No,Yes,No,No,0,18.65
6522-OIQSX,Female,No,Yes,Yes,69,No,No phone service,DSL,No,Yes,Yes,No,Yes,Yes,Two year,Yes,Credit card (automatic),54.95,3772.5,No,60-72,No,No,No,No,2,54.67391304347826
1539-LNKHM,Female,No,No,No,12,Yes,No,No,No internet service,No internet service,No internet service,No internet service,No internet service,No internet service,Month-to-month,No,Mailed check,20.4,266.6,No,12-23,No,Yes,No,No,0,22.21666666666667
5405-ZMYXQ,Female,No,No,No,8,Yes,Yes,Fiber optic,No,No,No,No,No,No,Month-to-month,Yes,Credit card (automatic),74.6,548.9,No,6-11,No,Yes,No,Yes,4,68.6125
0599-XNYDO,Female,No,Yes,No,20,Yes,No,Fiber optic,No,No,No,No,No,No,Month-to-month,Yes,Bank transfer (automatic),69.8,1540.35,No,12-23,No,Yes,No,Yes,4,77.0175
4641-FROLU,Female,No,Yes,Yes,30,Yes,No,No,No internet service,No internet service,No internet service,No internet service,No internet service,No internet service,Two year,No,Mailed check,19.3,602.9,No,24-35,No,No,No,No,0,20.096666666666668
6867-ACCZI,Female,No,Yes,Yes,24,No,No phone service,DSL,Yes,Yes,Yes,Yes,No,Yes,Two year,Yes,Mailed check,52.5,1208.15,No,24-35,No,No,No,No,0,50.33958333333334
3878-AVSOQ,Female,Yes,No,No,1,Yes,No,Fiber optic,No,No,No,No,No,No,Month-to-month,Yes,Electronic check,71.25,71.25,No,0-5,Yes,Yes,Yes,Yes,4,71.25
8630-QSGXK,Male,No,Yes,No,51,Yes,Yes,DSL,No,No,No,Yes,Yes,Yes,Two year,Yes,Bank transfer (automatic),75.2,3901.25,No,48-59,No,No,No,No,3,76.49509803921569
4486-EFAEB,Male,No,No,No,13,Yes,No,No,No internet service,No internet service,No internet service,No internet service,No internet service,No internet service,Month-to-month,Yes,Electronic check,20.4,251.65,No,12-23,No,Yes,Yes,No,0,19.357692307692307
7159-FVYPK,Female,No,Yes,Yes,3,Yes,Yes,DSL,No,Yes,Yes,No,Yes,No,Month-to-month,Yes,Bank transfer (automatic),69.15,235.0,No,0-5,Yes,Yes,No,No,2,78.33333333333333
2005-DWQZJ,Female,No,Yes,Yes,8,Yes,No,No,No internet service,No internet service,No internet service,No internet service,No internet service,No internet service,Two year,No,Mailed check,19.05,201.7,No,6-11,No,No,No,No,0,25.2125
6729-FZWSY,Male,No,No,No,67,Yes,No,No,No internet service,No internet service,No internet service,No internet service,No internet service,No internet service,One year,Yes,Mailed check,19.45,1195.95,No,60-72,No,No,No,No,0,17.85
1045-LTCYT,Female,No,Yes,Yes,8,Yes,No,No,No internet service,No internet service,No internet service,No internet service,No internet service,No internet service,Month-to-month,No,Credit card (automatic),21.05,139.75,No,6-11,No,Yes,No,No,0,17.46875
8017-UVSZU,Female,No,Yes,No,40,Yes,Yes,DSL,No,Yes,No,No,No,No,Month-to-month,No,Credit card (automatic),56.6,2379.1,No,36-47,No,Yes,No,No,3,59.4775
7426-GSWPO,Male,Yes,No,No,64,Yes,Yes,Fiber optic,Yes,Yes,No,No,Yes,Yes,Month-to-month,Yes,Bank transfer (automatic),103.5,6548.65,No,60-72,No,Yes,No,Yes,2,102.32265625
2143-LJULT,Female,No,Yes,No,67,Yes,Yes,No,No internet service,No internet service,No internet service,No internet service,No internet service,No internet service,Two year,Yes,Credit card (automatic),25.25,1733.15,No,60-72,No,No,No,No,0,25.867910447761197
4079-WWQQQ,Male,No,No,No,72,No,No phone service,DSL,Yes,Yes,Yes,Yes,Yes,Yes,Two year,Yes,Bank transfer (automatic),65.55,4807.45,No,60-72,No,No,No,No,0,66.77013888888888
4236-UJPWO,Female,No,No,No,2,No,No phone service,DSL,No,No,No,No,No,No,Month-to-month,No,Electronic check,24.5,46.4,No,0-5,Yes,Yes,Yes,No,4,23.2
9975-GPKZU,Male,No,Yes,Yes,46,Yes,No,No,No internet service,No internet service,No internet service,No internet service,No internet service,No internet service,Two year,No,Credit card (automatic),19.75,856.5,No,36-47,No,No,No,No,0,18.619565217391305
3194-ORPIK,Female,No,Yes,Yes,50,Yes,Yes,Fiber optic,No,No,No,No,Yes,No,Month-to-month,Yes,Bank transfer (automatic),84.4,4116.15,Yes,48-59,No,Yes,No,Yes,4,82.323
8972-HJWNV,Female,Yes,Yes,No,7,Yes,Yes,Fiber optic,No,No,No,No,No,Yes,Month-to-month,Yes,Electronic check,84.55,646.85,Yes,6-11,No,Yes,Yes,Yes,4,92.40714285714286
2223-KAGMX,Female,No,No,No,15,Yes,No,No,No internet service,No internet service,No internet service,No internet service,No internet service,No internet service,Month-to-month,No,Bank transfer (automatic),19.4,289.3,Yes,12-23,No,Yes,No,No,0,19.28666666666667
5520-FVEWJ,Female,No,Yes,Yes,12,Yes,Yes,Fiber optic,No,Yes,Yes,No,No,No,Month-to-month,Yes,Electronic check,84.5,916.9,Yes,12-23,No,Yes,Yes,Yes,2,76.40833333333333
2985-JUUBZ,Male,No,Yes,Yes,40,Yes,Yes,DSL,No,No,Yes,No,Yes,Yes,Month-to-month,Yes,Electronic check,74.55,3015.75,No,36-47,No,Yes,Yes,No,3,75.39375
4830-FAXFM,Male,No,No,Yes,19,Yes,Yes,No,No internet service,No internet service,No internet service,No internet service,No internet service,No internet service,Month-to-month,Yes,Credit card (automatic),24.1,439.2,No,12-23,No,Yes,No,No,0,23.11578947368421
8875-AKBYH,Male,Yes,No,No,20,Yes,Yes,Fiber optic,No,No,No,No,Yes,No,Month-to-month,Yes,Electronic check,84.35,1745.2,No,12-23,No,Yes,Yes,Yes,4,87.26
5146-YYFRZ,Male,No,No,No,67,Yes,No,No,No internet service,No internet service,No internet service,No internet service,No internet service,No internet service,Two year,No,Bank transfer (automatic),19.95,1311.75,No,60-72,No,No,No,No,0,19.578358208955223
6664-FPDAC,Female,Yes,No,No,56,Yes,Yes,Fiber optic,No,Yes,Yes,Yes,Yes,Yes,One year,Yes,Electronic check,111.95,6418.9,Yes,48-59,No,No,Yes,Yes,1,114.62321428571428
2952-QAYZF,Male,No,No,No,5,Yes,Yes,Fiber optic,No,Yes,Yes,No,No,No,Month-to-month,Yes,Electronic check,85.3,424.15,Yes,0-5,No,Yes,Yes,Yes,2,84.83
5609-CEBID,Female,Yes,No,No,20,Yes,Yes,Fiber optic,No,Yes,Yes,No,No,Yes,Month-to-month,Yes,Electronic check,94.1,1782.4,Yes,12-23,No,Yes,Yes,Yes,2,89.12
2391-IPLOP,Male,No,Yes,Yes,50,Yes,Yes,DSL,No,No,Yes,Yes,Yes,No,One year,Yes,Electronic check,69.65,3442.15,No,48-59,No,No,Yes,No,2,68.843
0224-NIJLP,Male,No,Yes,Yes,8,Yes,No,No,No internet service,No internet service,No internet service,No internet service,No internet service,No internet service,Two year,No,Mailed check,20.15,165.5,No,6-11,No,No,No,No,0,20.6875
1299-AURJA,Female,No,Yes,Yes,70,Yes,Yes,No,No internet service,No internet service,No internet service,No internet service,No internet service,No internet service,Two year,No,Bank transfer (automatic),24.7,1685.9,No,60-72,No,No,No,No,0,24.08428571428572
8050-XGRVL,Female,No,Yes,Yes,62,Yes,No,DSL,Yes,No,Yes,No,No,No,One year,No,Credit card (automatic),54.75,3425.35,No,60-72,No,No,No,No,2,55.247580645161285
7614-QVWQL,Male,No,Yes,Yes,49,No,No phone service,DSL,No,Yes,No,No,Yes,Yes,One year,Yes,Bank transfer (automatic),51.8,2541.25,Yes,48-59,No,No,No,No,3,51.86224489795919
9251-WNSOD,Female,No,Yes,No,67,Yes,Yes,DSL,Yes,Yes,Yes,No,No,Yes,One year,No,Mailed check,75.1,5064.45,No,60-72,No,No,No,No,1,75.58880597014925
0115-TFERT,Male,No,Yes,No,21,Yes,Yes,Fiber optic,No,Yes,Yes,Yes,Yes,Yes,Month-to-month,Yes,Electronic check,111.2,2317.1,Yes,12-23,No,Yes,Yes,Yes,1,110.33809523809524
6480-YAGIY,Male,No,No,No,45,Yes,No,Fiber optic,Yes,Yes,Yes,Yes,Yes,Yes,One year,No,Credit card (automatic),112.2,5031.85,No,36-47,No,No,No,Yes,0,111.81888888888888
7398-HPYZQ,Male,No,Yes,No,71,Yes,Yes,DSL,Yes,Yes,Yes,Yes,Yes,Yes,Two year,No,Bank transfer (automatic),90.55,6404.0,No,60-72,No,No,No,No,0,90.19718309859157
5998-DZLYR,Female,No,Yes,No,61,Yes,Yes,Fiber optic,No,Yes,No,Yes,No,Yes,Two year,Yes,Bank transfer (automatic),94.35,5703.0,No,60-72,No,No,No,Yes,2,93.49180327868852
0956-SYCWG,Female,No,No,No,13,Yes,No,No,No internet service,No internet service,No internet service,No internet service,No internet service,No internet service,One year,No,Electronic check,19.65,244.8,No,12-23,No,No,Yes,No,0,18.83076923076923
9639-BUJXT,Male,No,No,No,63,Yes,No,No,No internet service,No internet service,No internet service,No internet service,No internet service,No internet service,One year,No,Mailed check,20.5,1328.15,No,60-72,No,No,No,No,0,21.081746031746032
0795-LAFGP,Male,No,Yes,Yes,71,Yes,Yes,DSL,Yes,Yes,Yes,Yes,Yes,Yes,Two year,No,Electronic check,90.4,6668.05,No,60-72,No,No,Yes,No,0,93.9161971830986
1468-DEFNC,Male,Yes,Yes,Yes,64,Yes,Yes,No,No internet service,No internet service,No internet service,No internet service,No internet service,No internet service,Two year,Yes,Bank transfer (automatic),24.4,1548.65,No,60-72,No,No,No,No,0,24.19765625
8393-DLHGA,Male,No,No,Yes,25,Yes,No,Fiber optic,No,Yes,No,No,Yes,Yes,Month-to-month,Yes,Electronic check,95.9,2448.75,Yes,24-35,No,Yes,Yes,Yes,3,97.95
0505-SPOOW,Female,No,Yes,No,70,Yes,No,No,No internet service,No internet service,No internet service,No internet service,No internet service,No internet service,Two year,No,Bank transfer (automatic),19.8,1397.65,No,60-72,No,No,No,No,0,19.966428571428573
1985-MBRYP,Female,No,No,No,43,Yes,No,No,No internet service,No internet service,No internet service,No internet service,No internet service,No internet service,Two year,Yes,Bank transfer (automatic),19.65,779.25,No,36-47,No,No,No,No,0,18.12209302325581
1624-NALOJ,Male,Yes,No,No,5,Yes,Yes,Fiber optic,No,Yes,No,No,No,Yes,Month-to-month,Yes,Electronic check,89.8,502.6,Yes,0-5,No,Yes,Yes,Yes,3,100.52
9986-BONCE,Female,No,No,No,4,Yes,No,No,No internet service,No internet service,No internet service,No internet service,No internet service,No internet service,Month-to-month,No,Bank transfer (automatic),20.95,85.5,Yes,0-5,No,Yes,No,No,0,21.375
2277-DJJDL,Male,Yes,Yes,No,60,Yes,Yes,Fiber optic,No,No,No,Yes,Yes,Yes,Month-to-month,Yes,Electronic check,99.0,6017.9,No,60-72,No,Yes,Yes,Yes,3,100.29833333333332
2718-YSKCS,Male,No,Yes,Yes,71,Yes,No,No,No internet service,No internet service,No internet service,No internet service,No internet service,No internet service,Two year,Yes,Bank transfer (automatic),19.6,1387.45,No,60-72,No,No,No,No,0,19.541549295774647
5453-AXEPF,Male,No,Yes,No,17,Yes,Yes,Fiber optic,No,Yes,No,No,No,No,Month-to-month,Yes,Bank transfer (automatic),80.5,1336.9,No,12-23,No,Yes,No,Yes,3,78.64117647058823
6754-WKSHP,Male,No,No,Yes,30,Yes,Yes,No,No internet service,No internet service,No internet service,No internet service,No internet service,No internet service,One year,No,Bank transfer (automatic),25.35,723.3,No,24-35,No,No,No,No,0,24.11
7351-KYHQH,Female,Yes,No,No,7,Yes,No,DSL,No,Yes,Yes,No,Yes,No,Month-to-month,Yes,Electronic check,64.95,493.65,No,6-11,No,Yes,Yes,No,2,70.52142857142857
2045-BMBTJ,Female,Yes,No,No,33,No,No phone service,DSL,Yes,Yes,Yes,No,Yes,Yes,Month-to-month,Yes,Bank transfer (automatic),59.45,1884.65,No,24-35,No,Yes,No,No,1,57.11060606060607
2659-VXMWZ,Male,No,Yes,Yes,67,Yes,Yes,Fiber optic,Yes,Yes,Yes,No,Yes,Yes,One year,Yes,Electronic check,111.3,7482.1,Yes,60-72,No,No,Yes,Yes,1,111.67313432835822
3318-OSATS,Male,Yes,No,No,35,Yes,Yes,Fiber optic,No,No,No,No,Yes,Yes,Month-to-month,Yes,Electronic check,95.45,3474.05,Yes,24-35,No,Yes,Yes,Yes,4,99.25857142857144
2075-RMJIK,Female,No,Yes,Yes,5,Yes,No,DSL,Yes,No,No,No,No,No,Month-to-month,Yes,Mailed check,49.4,232.55,No,0-5,No,Yes,No,No,3,46.510000000000005
5519-YLDGW,Female,No,Yes,No,21,Yes,Yes,Fiber optic,Yes,No,Yes,No,Yes,Yes,Month-to-month,Yes,Electronic check,103.9,2254.2,Yes,12-23,No,Yes,Yes,Yes,2,107.34285714285711
6474-FVJLC,Male,No,No,No,2,Yes,Yes,Fiber optic,No,No,No,No,No,Yes,Month-to-month,Yes,Electronic check,86.0,165.45,Yes,0-5,Yes,Yes,Yes,Yes,4,82.725
5392-AKEMH,Female,No,No,No,12,Yes,No,DSL,No,No,No,No,No,No,Month-to-month,Yes,Electronic check,45.05,523.1,No,12-23,No,Yes,Yes,No,4,43.59166666666667
8634-MPHTR,Male,Yes,Yes,No,47,Yes,Yes,Fiber optic,No,No,Yes,No,Yes,Yes,Month-to-month,Yes,Electronic check,100.05,4871.05,Yes,36-47,No,Yes,Yes,Yes,3,103.63936170212766
6461-SZMCV,Female,No,Yes,No,71,Yes,Yes,DSL,Yes,Yes,Yes,Yes,Yes,Yes,Two year,No,Bank transfer (automatic),87.95,6365.35,No,60-72,No,No,No,No,0,89.65281690140846
1383-EZRWL,Female,No,No,No,7,Yes,No,No,No internet service,No internet service,No internet service,No internet service,No internet service,No internet service,Month-to-month,No,Mailed check,20.05,164.85,Yes,6-11,No,Yes,No,No,0,23.55
3580-REOAC,Male,No,No,No,10,Yes,No,DSL,No,No,No,No,No,No,Month-to-month,Yes,Credit card (automatic),44.85,435.4,Yes,6-11,No,Yes,No,No,4,43.54
6655-LHBYW,Male,No,No,No,50,Yes,Yes,Fiber optic,Yes,Yes,Yes,Yes,Yes,Yes,One year,No,Credit card (automatic),114.35,5791.1,No,48-59,No,No,No,Yes,0,115.822
0345-HKJVM,Female,No,No,No,6,Yes,No,Fiber optic,No,No,No,No,Yes,Yes,Month-to-month,No,Electronic check,89.3,577.6,Yes,6-11,No,Yes,Yes,Yes,4,96.26666666666668
9184-GALIL,Female,No,Yes,Yes,38,Yes,No,No,No internet service,No internet service,No internet service,No internet service,No internet service,No internet service,Month-to-month,No,Mailed check,20.45,781.25,No,36-47,No,Yes,No,No,0,20.55921052631579
9734-YWGEX,Female,No,No,No,9,Yes,Yes,Fiber optic,No,No,Yes,No,Yes,Yes,Month-to-month,No,Credit card (automatic),98.3,923.5,Yes,6-11,No,Yes,No,Yes,3,102.61111111111111
5151-HQRDG,Male,No,Yes,No,37,Yes,Yes,DSL,Yes,No,No,No,No,No,Month-to-month,Yes,Mailed check,55.05,2030.75,No,36-47,No,Yes,No,No,3,54.88513513513514
3417-TSCIC,Male,No,No,No,29,No,No phone service,DSL,No,No,No,No,No,No,One year,Yes,Mailed check,24.85,788.05,No,24-35,No,No,No,No,4,27.17413793103448
6199-IPCAO,Female,No,Yes,Yes,29,Yes,Yes,No,No internet service,No internet service,No internet service,No internet service,No internet service,No internet service,Two year,No,Mailed check,26.1,692.55,No,24-35,No,No,No,No,0,23.88103448275862
8566-YPRGL,Female,No,No,No,1,Yes,No,No,No internet service,No internet service,No internet service,No internet service,No internet service,No internet service,Month-to-month,Yes,Mailed check,19.5,19.5,No,0-5,Yes,Yes,No,No,0,19.5
4670-TABXH,Male,No,Yes,No,72,Yes,Yes,Fiber optic,No,Yes,Yes,Yes,Yes,Yes,Two year,Yes,Credit card (automatic),109.75,7758.9,No,60-72,No,No,No,Yes,1,107.7625
9274-UARKJ,Female,No,No,No,15,Yes,No,Fiber optic,No,Yes,No,No,Yes,No,Month-to-month,Yes,Bank transfer (automatic),83.2,1130.0,No,12-23,No,Yes,No,Yes,3,75.33333333333333
5442-BXVND,Female,No,Yes,Yes,33,Yes,Yes,No,No internet service,No internet service,No internet service,No internet service,No internet service,No internet service,Month-to-month,No,Bank transfer (automatic),24.25,838.5,No,24-35,No,Yes,No,No,0,25.40909090909091
5940-AHUHD,Male,No,No,No,1,Yes,No,Fiber optic,No,No,No,No,No,No,Month-to-month,No,Mailed check,70.6,70.6,Yes,0-5,Yes,Yes,No,Yes,4,70.6
7296-PIXQY,Female,No,Yes,Yes,14,Yes,No,Fiber optic,No,No,No,No,No,No,Month-to-month,No,Electronic check,70.2,1046.5,No,12-23,No,Yes,Yes,Yes,4,74.75
2990-OGYTD,Female,No,Yes,No,67,Yes,Yes,DSL,No,Yes,Yes,Yes,Yes,Yes,Two year,No,Bank transfer (automatic),86.15,5883.85,No,60-72,No,No,No,No,1,87.81865671641792
1309-BXVOQ,Male,No,Yes,No,21,Yes,Yes,Fiber optic,No,No,Yes,Yes,Yes,Yes,Month-to-month,Yes,Electronic check,106.1,2249.95,Yes,12-23,No,Yes,Yes,Yes,2,107.14047619047618
2928-HLDBA,Female,No,No,No,6,Yes,No,No,No internet service,No internet service,No internet service,No internet service,No internet service,No internet service,Month-to-month,No,Mailed check,20.7,112.75,No,6-11,No,Yes,No,No,0,18.791666666666668
9142-KZXOP,Male,No,No,No,44,Yes,No,Fiber optic,No,No,No,No,No,No,Month-to-month,No,Credit card (automatic),68.85,2958.95,No,36-47,No,Yes,No,Yes,4,67.24886363636364
5380-AFSSK,Female,No,No,No,5,Yes,Yes,Fiber optic,No,No,No,No,Yes,Yes,Month-to-month,Yes,Mailed check,93.9,486.85,Yes,0-5,No,Yes,No,Yes,4,97.37
7317-GGVPB,Male,No,Yes,No,71,Yes,Yes,Fiber optic,No,Yes,Yes,Yes,Yes,Yes,Two year,Yes,Credit card (automatic),108.6,7690.9,Yes,60-72,No,No,No,Yes,1,108.3225352112676
4369-HTUIF,Male,Yes,No,No,6,Yes,No,Fiber optic,Yes,No,No,No,Yes,No,Month-to-month,Yes,Bank transfer (automatic),85.15,503.6,Yes,6-11,No,Yes,No,Yes,3,83.93333333333334
5307-DZCVC,Female,Yes,Yes,No,32,Yes,Yes,Fiber optic,No,No,No,No,Yes,No,Month-to-month,Yes,Credit card (automatic),85.95,2628.6,Yes,24-35,No,Yes,No,Yes,4,82.14375
5088-QZLRL,Male,No,No,No,1,Yes,No,No,No internet service,No internet service,No internet service,No internet service,No internet service,No internet service,Month-to-month,No,Electronic check,20.65,20.65,No,0-5,Yes,Yes,Yes,No,0,20.65
5924-IFQTT,Male,No,Yes,Yes,13,Yes,Yes,DSL,No,Yes,Yes,Yes,Yes,No,Month-to-month,Yes,Electronic check,72.8,930.05,No,12-23,No,Yes,Yes,No,1,71.54230769230769
4056-QHXHZ,Female,No,Yes,Yes,72,Yes,Yes,Fiber optic,Yes,No,Yes,Yes,Yes,Yes,Two year,No,Mailed check,107.45,7576.7,No,60-72,No,No,No,Yes,1,105.23194444444444
2739-CCZMB,Male,No,No,Yes,5,Yes,No,No,No internet service,No internet service,No internet service,No internet service,No internet service,No internet service,Month-to-month,No,Credit card (automatic),20.35,122.0,No,0-5,No,Yes,No,No,0,24.4
6815-ABQFQ,Male,No,Yes,No,56,Yes,Yes,Fiber optic,No,Yes,No,Yes,Yes,Yes,One year,Yes,Electronic check,107.25,6033.3,No,48-59,No,No,Yes,Yes,2,107.7375
7995-ZHHNZ,Male,No,Yes,No,42,Yes,Yes,DSL,Yes,No,No,No,No,No,One year,No,Credit card (automatic),56.1,2386.85,No,36-47,No,No,No,No,3,56.8297619047619
3911-RSNHI,Female,No,Yes,No,71,No,No phone service,DSL,No,Yes,Yes,Yes,Yes,Yes,Two year,Yes,Credit card (automatic),61.4,4310.35,No,60-72,No,No,No,No,1,60.70915492957747
2259-OUUSZ,Male,No,No,No,7,No,No phone service,DSL,No,No,Yes,Yes,No,No,One year,Yes,Credit card (automatic),35.5,249.55,No,6-11,No,No,No,No,2,35.65
0052-DCKON,Male,No,Yes,No,66,Yes,Yes,Fiber optic,Yes,Yes,Yes,Yes,Yes,Yes,One year,No,Bank transfer (automatic),115.8,7942.15,No,60-72,No,No,No,Yes,0,120.33560606060604
0380-ZCSBI,Male,No,No,No,10,Yes,No,No,No internet service,No internet service,No internet service,No internet service,No internet service,No internet service,Month-to-month,No,Credit card (automatic),20.0,198.7,No,6-11,No,Yes,No,No,0,19.87
3347-YJZZE,Male,No,Yes,Yes,29,Yes,Yes,DSL,No,Yes,Yes,No,Yes,Yes,Month-to-month,No,Credit card (automatic),80.1,2211.8,No,24-35,No,Yes,No,No,2,76.26896551724138
6198-ZFIOJ,Female,No,No,No,5,Yes,Yes,Fiber optic,No,No,No,No,No,No,Month-to-month,No,Electronic check,75.6,402.5,No,0-5,No,Yes,Yes,Yes,4,80.5
0354-VXMJC,Male,No,Yes,Yes,23,Yes,No,No,No internet service,No internet service,No internet service,No internet service,No internet service,No internet service,Two year,No,Credit card (automatic),19.6,426.65,No,12-23,No,No,No,No,0,18.55
4057-FKCZK,Male,No,Yes,Yes,58,Yes,Yes,Fiber optic,No,No,No,No,Yes,No,Two year,No,Bank transfer (automatic),82.5,4828.05,No,48-59,No,No,No,Yes,4,83.24224137931034
7503-MIOGA,Female,Yes,Yes,No,72,Yes,Yes,DSL,Yes,Yes,Yes,Yes,Yes,Yes,Two year,Yes,Bank transfer (automatic),89.85,6697.35,No,60-72,No,No,No,No,0,93.01875
2683-JXWQQ,Male,No,Yes,Yes,61,No,No phone service,DSL,Yes,No,Yes,No,No,No,Month-to-month,No,Bank transfer (automatic),33.6,2117.2,No,60-72,No,Yes,No,No,2,34.708196721311474
9602-WCXPI,Male,No,No,No,50,Yes,No,No,No internet service,No internet service,No internet service,No internet service,No internet service,No internet service,One year,No,Credit card (automatic),20.15,989.05,No,48-59,No,No,No,No,0,19.781
1096-ADRUX,Female,No,Yes,Yes,66,Yes,Yes,Fiber optic,No,No,No,No,No,No,One year,Yes,Bank transfer (automatic),74.25,4859.25,No,60-72,No,No,No,Yes,4,73.625
1925-GMVBW,Female,No,No,No,5,Yes,No,No,No internet service,No internet service,No internet service,No internet service,No internet service,No internet service,Month-to-month,No,Credit card (automatic),20.55,96.1,No,0-5,No,Yes,No,No,0,19.22
2706-QZIHY,Female,No,Yes,No,15,Yes,Yes,No,No internet service,No internet service,No internet service,No internet service,No internet service,No internet service,Two year,No,Mailed check,25.2,387.9,No,12-23,No,No,No,No,0,25.86
9643-YBLUR,Male,No,Yes,No,9,Yes,Yes,DSL,No,Yes,Yes,No,No,Yes,Month-to-month,Yes,Credit card (automatic),69.05,653.95,No,6-11,No,Yes,No,No,2,72.66111111111111
0495-ZBNGW,Male,Yes,Yes,No,5,Yes,Yes,Fiber optic,No,No,Yes,No,No,No,Month-to-month,Yes,Bank transfer (automatic),79.9,343.95,Yes,0-5,No,Yes,No,Yes,3,68.78999999999999
2792-LSHWX,Female,No,No,No,1,Yes,No,Fiber optic,Yes,Yes,No,Yes,No,No,Month-to-month,Yes,Mailed check,83.4,83.4,No,0-5,Yes,Yes,No,Yes,1,83.4
2207-RYYRL,Male,No,Yes,Yes,52,Yes,Yes,No,No internet service,No internet service,No internet service,No internet service,No internet service,No internet service,Two year,No,Mailed check,24.55,1331.05,No,48-59,No,No,No,No,0,25.597115384615385
2794-XIMMO,Male,No,Yes,No,53,No,No phone service,DSL,No,Yes,Yes,Yes,Yes,Yes,One year,Yes,Electronic check,60.45,3184.25,Yes,48-59,No,No,Yes,No,1,60.08018867924528
6627-CFOSN,Female,No,No,No,59,Yes,Yes,Fiber optic,Yes,Yes,Yes,No,No,Yes,Month-to-month,Yes,Bank transfer (automatic),99.45,5623.7,No,48-59,No,Yes,No,Yes,1,95.31694915254236
2974-GGUXS,Female,Yes,Yes,No,36,Yes,Yes,Fiber optic,No,Yes,No,No,Yes,No,Month-to-month,Yes,Credit card (automatic),91.95,3301.05,No,36-47,No,Yes,No,Yes,3,91.69583333333334
6478-HRRCZ,Male,No,Yes,No,32,Yes,No,DSL,Yes,Yes,No,Yes,No,Yes,One year,No,Mailed check,70.5,2201.75,No,24-35,No,No,No,No,1,68.8046875
6260-XLACS,Male,No,No,No,4,Yes,No,No,No internet service,No internet service,No internet service,No internet service,No internet service,No internet service,One year,No,Mailed check,19.7,117.8,No,0-5,No,No,No,No,0,29.45
8260-NGFNY,Female,No,No,No,1,No,No phone service,DSL,No,No,No,No,No,No,Month-to-month,No,Mailed check,25.2,25.2,Yes,0-5,Yes,Yes,No,No,4,25.2
1302-TPUBN,Male,No,No,No,66,Yes,No,No,No internet service,No internet service,No internet service,No internet service,No internet service,No internet service,Two year,No,Bank transfer (automatic),19.35,1240.8,No,60-72,No,No,No,No,0,18.8
5317-FLPJF,Female,No,No,No,66,No,No phone service,DSL,Yes,No,Yes,Yes,Yes,Yes,Two year,Yes,Bank transfer (automatic),61.35,4193.4,No,60-72,No,No,No,No,1,63.53636363636363
6791-YBNAK,Male,No,Yes,Yes,18,No,No phone service,DSL,No,No,No,No,No,No,Month-to-month,No,Credit card (automatic),25.55,467.85,No,12-23,No,Yes,No,No,4,25.991666666666667
8749-TZYEC,Male,No,Yes,No,72,Yes,Yes,No,No internet service,No internet service,No internet service,No internet service,No internet service,No internet service,Two year,No,Credit card (automatic),24.8,1874.3,No,60-72,No,No,No,No,0,26.031944444444445
0094-OIFMO,Female,Yes,No,No,11,Yes,No,Fiber optic,No,Yes,No,No,Yes,Yes,Month-to-month,Yes,Electronic check,95.0,1120.3,Yes,6-11,No,Yes,Yes,Yes,3,101.84545454545454
1866-DIOQZ,Female,No,Yes,No,71,No,No phone service,DSL,Yes,Yes,Yes,Yes,Yes,Yes,One year,No,Bank transfer (automatic),66.8,4689.15,No,60-72,No,No,No,No,0,66.0443661971831
3724-UCSHY,Male,No,Yes,Yes,6,Yes,No,No,No internet service,No internet service,No internet service,No internet service,No internet service,No internet service,Month-to-month,No,Mailed check,19.55,122.9,No,6-11,No,Yes,No,No,0,20.48333333333333
6250-CGGUN,Male,No,No,No,54,Yes,No,Fiber optic,Yes,No,Yes,Yes,No,No,One year,No,Electronic check,84.4,4484.05,No,48-59,No,No,Yes,Yes,1,83.03796296296296
1088-CNNKB,Male,No,Yes,No,63,Yes,Yes,DSL,Yes,Yes,Yes,Yes,No,Yes,One year,No,Credit card (automatic),80.0,5040.2,No,60-72,No,No,No,No,0,80.0031746031746
7139-JZFVG,Male,No,Yes,Yes,60,Yes,No,DSL,Yes,Yes,Yes,No,No,No,Two year,No,Bank transfer (automatic),60.5,3694.45,No,60-72,No,No,No,No,1,61.57416666666666
0397-ZXWQF,Male,No,No,No,67,Yes,No,No,No internet service,No internet service,No internet service,No internet service,No internet service,No internet service,Two year,No,Bank transfer (automatic),20.5,1430.95,No,60-72,No,No,No,No,0,21.357462686567164
6402-SSEJG,Female,No,No,No,25,No,No phone service,DSL,Yes,Yes,Yes,No,Yes,Yes,One year,No,Electronic check,61.05,1540.2,No,24-35,No,No,Yes,No,1,61.608
5131-PONJI,Male,No,Yes,Yes,49,Yes,No,Fiber optic,No,Yes,Yes,No,Yes,No,Month-to-month,Yes,Credit card (automatic),90.4,4494.65,No,48-59,No,Yes,No,Yes,2,91.72755102040816
9092-GDZKO,Male,No,No,No,22,Yes,Yes,No,No internet service,No internet service,No internet service,No internet service,No internet service,No internet service,Month-to-month,Yes,Credit card (automatic),24.85,493.4,No,12-23,No,Yes,No,No,0,22.42727272727273
5271-DBYSJ,Male,Yes,No,No,11,Yes,No,Fiber optic,No,No,No,No,No,Yes,Month-to-month,Yes,Credit card (automatic),79.15,827.7,No,6-11,No,Yes,No,Yes,4,75.24545454545455
2202-OUTMO,Female,No,Yes,No,34,Yes,Yes,DSL,Yes,No,No,Yes,No,No,Month-to-month,Yes,Bank transfer (automatic),60.85,2003.6,No,24-35,No,Yes,No,No,2,58.92941176470588
6485-QXWWE,Female,No,No,Yes,62,Yes,Yes,No,No internet service,No internet service,No internet service,No internet service,No internet service,No internet service,Two year,No,Bank transfer (automatic),26.0,1638.7,No,60-72,No,No,No,No,0,26.43064516129032
9508-ILZDG,Female,Yes,No,No,34,Yes,Yes,Fiber optic,No,Yes,No,Yes,Yes,No,Month-to-month,Yes,Electronic check,96.35,3190.25,No,24-35,No,Yes,Yes,Yes,2,93.83088235294116
9453-PATOS,Female,No,Yes,No,72,Yes,No,DSL,Yes,Yes,Yes,Yes,Yes,Yes,Two year,No,Mailed check,85.1,6155.4,No,60-72,No,No,No,No,0,85.49166666666666
7941-RCJOW,Male,No,No,No,65,Yes,No,No,No internet service,No internet service,No internet service,No internet service,No internet service,No internet service,Two year,Yes,Credit card (automatic),19.55,1218.65,No,60-72,No,No,No,No,0,18.74846153846154
5980-NOPLP,Female,No,Yes,No,44,Yes,Yes,Fiber optic,No,No,No,No,Yes,Yes,Month-to-month,Yes,Electronic check,96.1,4364.1,Yes,36-47,No,Yes,Yes,Yes,4,99.18409090909093
7617-EYGLW,Male,No,No,No,1,Yes,No,No,No internet service,No internet service,No internet service,No internet service,No internet service,No internet service,Month-to-month,No,Electronic check,19.45,19.45,No,0-5,Yes,Yes,Yes,No,0,19.45
6734-JDTTV,Male,No,Yes,Yes,65,Yes,No,No,No internet service,No internet service,No internet service,No internet service,No internet service,No internet service,Two year,Yes,Credit card (automatic),19.85,1267.05,No,60-72,No,No,No,No,0,19.493076923076924
0508-SQWPL,Female,No,Yes,Yes,57,Yes,No,No,No internet service,No internet service,No internet service,No internet service,No internet service,No internet service,Two year,Yes,Bank transfer (automatic),20.1,1087.7,No,48-59,No,No,No,No,0,19.08245614035088
5188-HGMLP,Male,Yes,Yes,No,54,Yes,Yes,Fiber optic,No,No,No,No,No,No,Month-to-month,No,Bank transfer (automatic),74.0,3919.15,No,48-59,No,Yes,No,Yes,4,72.57685185185186
1564-NTYXF,Female,Yes,No,No,13,Yes,Yes,Fiber optic,No,No,No,No,No,Yes,Month-to-month,Yes,Electronic check,82.0,1127.2,Yes,12-23,No,Yes,Yes,Yes,4,86.70769230769231
7663-CUXZB,Male,No,Yes,No,59,Yes,Yes,Fiber optic,Yes,Yes,Yes,Yes,Yes,Yes,Two year,No,Electronic check,113.75,6561.25,No,48-59,No,No,Yes,Yes,0,111.20762711864408
5325-UWTWJ,Male,No,Yes,No,31,Yes,Yes,Fiber optic,Yes,Yes,No,Yes,No,No,Month-to-month,Yes,Credit card (automatic),90.55,2929.75,No,24-35,No,Yes,No,Yes,1,94.50806451612904
7356-IWLFW,Male,No,Yes,Yes,46,Yes,Yes,Fiber optic,No,Yes,No,No,No,No,Month-to-month,Yes,Bank transfer (automatic),80.0,3769.7,No,36-47,No,Yes,No,Yes,3,81.95
5777-ZPQNC,Female,No,No,No,12,Yes,No,No,No internet service,No internet service,No internet service,No internet service,No internet service,No internet service,One year,No,Electronic check,20.15,260.7,No,12-23,No,No,Yes,No,0,21.725
1450-GALXR,Female,No,No,No,10,Yes,Yes,Fiber optic,No,No,No,Yes,Yes,Yes,Month-to-month,Yes,Electronic check,98.5,1058.25,Yes,6-11,No,Yes,Yes,Yes,3,105.825
2900-PHPLN,Female,Yes,Yes,No,70,Yes,No,No,No internet service,No internet service,No internet service,No internet service,No internet service,No internet service,Two year,Yes,Credit card (automatic),19.55,1462.05,No,60-72,No,No,No,No,0,20.88642857142857
9506-UXUSK,Male,No,No,No,13,Yes,No,Fiber optic,No,No,No,No,No,No,Month-to-month,Yes,Electronic check,70.15,931.75,No,12-23,No,Yes,Yes,Yes,4,71.67307692307692
5512-IDZEI,Male,No,Yes,Yes,46,Yes,Yes,No,No internet service,No internet service,No internet service,No internet service,No internet service,No internet service,One year,No,Electronic check,24.9,1174.8,No,36-47,No,No,Yes,No,0,25.539130434782606
5133-VRSAB,Male,No,No,No,8,No,No phone service,DSL,Yes,No,No,No,No,No,Month-to-month,No,Mailed check,29.35,216.45,No,6-11,No,Yes,No,No,3,27.05625
8464-EETCQ,Male,No,No,No,57,Yes,No,No,No internet service,No internet service,No internet service,No internet service,No internet service,No internet service,Two year,No,Credit card (automatic),18.8,1094.35,No,48-59,No,No,No,No,0,19.19912280701754
4501-VCPFK,Male,No,No,No,26,No,No phone service,DSL,No,No,Yes,Yes,No,No,Month-to-month,No,Electronic check,35.75,1022.5,No,24-35,No,Yes,Yes,No,2,39.32692307692308
3996-ZNWYK,Male,Yes,Yes,Yes,71,Yes,No,No,No internet service,No internet service,No internet service,No internet service,No internet service,No internet service,Two year,No,Credit card (automatic),19.8,1388.45,No,60-72,No,No,No,No,0,19.555633802816903
6141-OOXUQ,Male,No,No,No,1,Yes,No,No,No internet service,No internet service,No internet service,No internet service,No internet service,No internet service,Month-to-month,No,Mailed check,19.65,19.65,Yes,0-5,Yes,Yes,No,No,0,19.65
8374-XGEJJ,Male,Yes,Yes,No,43,Yes,Yes,Fiber optic,No,Yes,No,No,Yes,Yes,Month-to-month,Yes,Electronic check,101.0,4388.4,Yes,36-47,No,Yes,Yes,Yes,3,102.05581395348835
3312-UUMZW,Male,No,Yes,No,32,Yes,Yes,Fiber optic,No,Yes,No,No,Yes,Yes,Month-to-month,Yes,Credit card (automatic),98.85,3145.9,No,24-35,No,Yes,No,Yes,3,98.309375
5829-NVSQN,Female,No,Yes,No,23,Yes,No,DSL,Yes,No,Yes,Yes,No,Yes,One year,Yes,Bank transfer (automatic),68.75,1689.45,No,12-23,No,No,No,No,1,73.45434782608696
5143-EGQFK,Female,Yes,No,No,10,No,No phone service,DSL,No,No,No,Yes,No,No,Month-to-month,Yes,Electronic check,29.65,291.4,Yes,6-11,No,Yes,Yes,No,3,29.14
0962-CQPWQ,Female,No,Yes,Yes,62,Yes,No,No,No internet service,No internet service,No internet service,No internet service,No internet service,No internet service,Two year,No,Bank transfer (automatic),20.3,1296.15,No,60-72,No,No,No,No,0,20.905645161290323
9593-CVZKR,Female,No,Yes,Yes,56,Yes,Yes,No,No internet service,No internet service,No internet service,No internet service,No internet service,No internet service,Two year,Yes,Mailed check,24.45,1385.85,No,48-59,No,No,No,No,0,24.74732142857143
8016-ZMGMO,Female,Yes,Yes,No,66,Yes,Yes,DSL,No,Yes,Yes,No,Yes,No,One year,Yes,Bank transfer (automatic),70.85,4738.85,No,60-72,No,No,No,No,2,71.80075757575759
4522-AKYLR,Female,Yes,No,No,13,Yes,No,DSL,No,Yes,Yes,No,No,No,Month-to-month,Yes,Electronic check,54.8,731.3,No,12-23,No,Yes,Yes,No,2,56.25384615384615
3703-VAVCL,Male,No,Yes,Yes,2,Yes,No,Fiber optic,No,No,Yes,Yes,No,Yes,Month-to-month,No,Credit card (automatic),90.0,190.05,Yes,0-5,Yes,Yes,No,Yes,2,95.025
2452-SNHFZ,Female,No,No,No,47,Yes,No,Fiber optic,Yes,No,No,No,No,No,Month-to-month,No,Credit card (automatic),75.45,3545.1,No,36-47,No,Yes,No,Yes,3,75.42765957446808
9107-UKCKY,Male,No,Yes,No,61,Yes,Yes,DSL,No,Yes,Yes,No,Yes,Yes,One year,Yes,Electronic check,79.8,4914.8,No,60-72,No,No,Yes,No,2,80.57049180327868
8490-BXHEO,Male,Yes,No,No,18,Yes,Yes,Fiber optic,No,Yes,No,No,No,No,Month-to-month,Yes,Credit card (automatic),80.55,1411.65,No,12-23,No,Yes,No,Yes,3,78.42500000000001
5067-DGXLL,Male,No,No,No,2,Yes,No,No,No internet service,No internet service,No internet service,No internet service,No internet service,No internet service,Month-to-month,No,Mailed check,20.25,36.8,No,0-5,Yes,Yes,No,No,0,18.4
2108-XWMPY,Male,No,No,No,3,No,No phone service,DSL,Yes,Yes,No,No,No,No,Month-to-month,Yes,Mailed check,35.45,106.85,Yes,0-5,Yes,Yes,No,No,2,35.61666666666667
4913-EHYUI,Male,Yes,Yes,Yes,56,Yes,Yes,Fiber optic,Yes,No,Yes,No,Yes,Yes,One year,Yes,Bank transfer (automatic),104.55,5794.65,Yes,48-59,No,No,No,Yes,2,103.47589285714284
7636-OWBPG,Male,Yes,No,No,12,No,No phone service,DSL,No,Yes,No,No,No,No,Month-to-month,Yes,Credit card (automatic),29.35,381.2,No,12-23,No,Yes,No,No,3,31.766666666666666
4635-EJYPD,Male,No,Yes,Yes,32,Yes,No,No,No internet service,No internet service,No internet service,No internet service,No internet service,No internet service,Two year,No,Mailed check,18.95,613.95,No,24-35,No,No,No,No,0,19.1859375
4013-UBXWQ,Female,No,No,No,7,Yes,Yes,DSL,No,No,No,Yes,Yes,Yes,Month-to-month,Yes,Electronic check,74.65,521.1,Yes,6-11,No,Yes,Yes,No,3,74.44285714285715
8194-PEEBY,Female,No,Yes,Yes,24,Yes,No,No,No internet service,No internet service,No internet service,No internet service,No internet service,No internet service,One year,No,Mailed check,19.9,533.5,No,24-35,No,No,No,No,0,22.229166666666668
6248-TKCQV,Female,No,Yes,Yes,70,Yes,Yes,DSL,Yes,No,No,Yes,Yes,Yes,Two year,Yes,Bank transfer (automatic),80.6,5460.2,No,60-72,No,No,No,No,2,78.00285714285714
6121-VZNQB,Female,No,No,No,1,Yes,No,No,No internet service,No internet service,No internet service,No internet service,No internet service,No internet service,Month-to-month,Yes,Mailed check,19.1,19.1,Yes,0-5,Yes,Yes,No,No,0,19.1
8049-WJCLQ,Male,No,Yes,Yes,10,Yes,No,DSL,No,No,Yes,No,Yes,No,Month-to-month,No,Mailed check,60.2,563.5,No,6-11,No,Yes,No,No,3,56.35
2190-PHBHR,Female,No,Yes,No,72,Yes,Yes,Fiber optic,Yes,Yes,No,No,No,Yes,Two year,Yes,Credit card (automatic),94.45,6921.7,No,60-72,No,No,No,Yes,2,96.13472222222222
0303-UNCIP,Male,No,No,No,41,Yes,Yes,DSL,No,No,Yes,No,No,Yes,One year,No,Mailed check,65.0,2531.8,No,36-47,No,No,No,No,3,61.75121951219513
9513-DXHDA,Male,No,No,No,27,Yes,No,DSL,Yes,No,Yes,Yes,Yes,Yes,One year,No,Electronic check,81.7,2212.55,No,24-35,No,No,Yes,No,1,81.9462962962963
1319-YLZJG,Male,No,Yes,No,12,Yes,No,Fiber optic,Yes,Yes,Yes,No,No,No,Month-to-month,Yes,Electronic check,84.6,959.9,No,12-23,No,Yes,Yes,Yes,1,79.99166666666666
0643-OKLRP,Female,Yes,Yes,No,47,Yes,Yes,Fiber optic,Yes,No,No,No,No,No,Month-to-month,No,Electronic check,80.35,3825.85,Yes,36-47,No,Yes,Yes,Yes,3,81.40106382978723
7401-RUBNK,Female,No,Yes,No,18,Yes,No,Fiber optic,Yes,No,No,No,No,No,Month-to-month,No,Electronic check,74.8,1438.05,No,12-23,No,Yes,Yes,Yes,3,79.89166666666667
8205-VSLRB,Male,No,Yes,No,70,Yes,Yes,DSL,Yes,No,Yes,Yes,No,Yes,Two year,No,Credit card (automatic),77.3,5498.2,No,60-72,No,No,No,No,1,78.54571428571428
8146-QQKZH,Female,No,Yes,No,71,Yes,No,DSL,Yes,No,Yes,Yes,Yes,Yes,Two year,No,Bank transfer (automatic),81.85,5924.4,No,60-72,No,No,No,No,1,83.44225352112676
1991-VOPLL,Female,No,No,No,9,Yes,No,No,No internet service,No internet service,No internet service,No internet service,No internet service,No internet service,Month-to-month,No,Mailed check,19.05,157.65,No,6-11,No,Yes,No,No,0,17.516666666666666
6168-WFVVF,Female,Yes,No,No,3,Yes,No,Fiber optic,No,No,No,No,No,No,Month-to-month,Yes,Electronic check,70.3,235.5,Yes,0-5,Yes,Yes,Yes,Yes,4,78.5
1101-SSWAG,Female,No,Yes,No,15,Yes,Yes,DSL,No,No,No,No,No,No,Month-to-month,Yes,Electronic check,51.1,711.15,No,12-23,No,Yes,Yes,No,4,47.41
2272-QAGFO,Female,Yes,No,No,14,Yes,Yes,Fiber optic,No,No,No,No,No,No,Month-to-month,Yes,Electronic check,74.3,1096.25,Yes,12-23,No,Yes,Yes,Yes,4,78.30357142857143
7779-LGOVN,Male,Yes,Yes,No,10,Yes,Yes,Fiber optic,No,No,No,No,No,Yes,Month-to-month,Yes,Electronic check,86.65,856.65,Yes,6-11,No,Yes,Yes,Yes,4,85.66499999999999
9896-UYMIE,Male,No,No,No,66,Yes,Yes,Fiber optic,Yes,Yes,Yes,Yes,Yes,Yes,One year,Yes,Bank transfer (automatic),114.3,7383.7,No,60-72,No,No,No,Yes,0,111.87424242424242
8966-KZXXA,Male,No,Yes,Yes,36,Yes,Yes,No,No internet service,No internet service,No internet service,No internet service,No internet service,No internet service,Two year,No,Credit card (automatic),25.1,930.95,No,36-47,No,No,No,No,0,25.859722222222224
1724-IQWNM,Male,No,No,Yes,1,Yes,No,No,No internet service,No internet service,No internet service,No internet service,No internet service,No internet service,Month-to-month,Yes,Mailed check,19.3,19.3,No,0-5,Yes,Yes,No,No,0,19.3
3941-XTSKM,Male,No,Yes,Yes,42,No,No phone service,DSL,No,Yes,Yes,No,No,Yes,One year,Yes,Credit card (automatic),45.1,2049.05,No,36-47,No,No,No,No,2,48.786904761904765
0442-ZXKVS,Female,Yes,Yes,No,54,Yes,Yes,Fiber optic,Yes,Yes,Yes,Yes,Yes,Yes,One year,Yes,Bank transfer (automatic),115.6,6431.05,No,48-59,No,No,No,Yes,0,119.09351851851852
3030-ZKIWL,Male,No,No,No,1,Yes,No,No,No internet service,No internet service,No internet service,No internet service,No internet service,No internet service,Month-to-month,No,Mailed check,20.05,20.05,No,0-5,Yes,Yes,No,No,0,20.05
7921-BEPCI,Female,No,No,No,72,Yes,Yes,DSL,Yes,Yes,No,No,No,No,Two year,No,Bank transfer (automatic),59.75,4265.0,No,60-72,No,No,No,No,2,59.23611111111112
9793-WECQC,Male,No,No,No,23,Yes,No,Fiber optic,No,Yes,No,No,Yes,Yes,Month-to-month,No,Mailed check,95.3,2192.9,No,12-23,No,Yes,No,Yes,3,95.34347826086956
1202-KKGFU,Female,No,Yes,No,12,Yes,No,DSL,Yes,No,No,Yes,No,No,Month-to-month,No,Bank transfer (automatic),54.2,690.5,No,12-23,No,Yes,No,No,2,57.54166666666666
0607-MVMGC,Male,No,Yes,Yes,45,Yes,Yes,DSL,No,Yes,Yes,No,Yes,Yes,One year,No,Credit card (automatic),78.75,3600.65,No,36-47,No,No,No,No,2,80.01444444444445
5939-XAIXZ,Female,No,No,No,19,Yes,Yes,DSL,No,No,Yes,No,No,No,Month-to-month,Yes,Mailed check,56.1,1033.9,No,12-23,No,Yes,No,No,3,54.41578947368421
9625-RZFUK,Male,No,Yes,Yes,63,Yes,No,No,No internet service,No internet service,No internet service,No internet service,No internet service,No internet service,Two year,No,Mailed check,19.7,1275.85,No,60-72,No,No,No,No,0,20.2515873015873
3097-FQTVJ,Female,No,No,No,41,Yes,No,No,No internet service,No internet service,No internet service,No internet service,No internet service,No internet service,Two year,No,Mailed check,20.0,810.3,No,36-47,No,No,No,No,0,19.76341463414634
6959-UWKHF,Male,No,No,No,1,Yes,No,DSL,No,No,No,No,No,No,Month-to-month,Yes,Electronic check,42.9,42.9,Yes,0-5,Yes,Yes,Yes,No,4,42.9
8659-HDIYE,Female,Yes,No,No,64,Yes,Yes,DSL,No,Yes,Yes,Yes,No,Yes,Month-to-month,No,Credit card (automatic),74.65,4869.35,No,60-72,No,Yes,No,No,1,76.08359375
5480-HPRRX,Female,Yes,No,No,3,No,No phone service,DSL,No,No,No,No,No,No,Month-to-month,No,Electronic check,25.3,77.75,Yes,0-5,Yes,Yes,Yes,No,4,25.916666666666668
6008-NAIXK,Male,Yes,No,No,54,No,No phone service,DSL,No,Yes,Yes,No,Yes,Yes,One year,Yes,Electronic check,55.45,2966.95,No,48-59,No,No,Yes,No,2,54.94351851851852
4361-BKAXE,Female,No,No,No,41,Yes,Yes,Fiber optic,Yes,Yes,Yes,Yes,Yes,Yes,Month-to-month,Yes,Bank transfer (automatic),114.5,4527.45,Yes,36-47,No,Yes,No,Yes,0,110.42560975609756
7277-KAMWT,Male,No,No,No,13,Yes,No,No,No internet service,No internet service,No internet service,No internet service,No internet service,No internet service,Two year,No,Credit card (automatic),20.0,268.45,No,12-23,No,No,No,No,0,20.65
0731-EBJQB,Female,No,Yes,Yes,52,Yes,No,No,No internet service,No internet service,No internet service,No internet service,No internet service,No internet service,One year,Yes,Electronic check,20.4,1090.65,No,48-59,No,No,Yes,No,0,20.974038461538463
6425-JWTDV,Male,No,Yes,No,48,Yes,No,No,No internet service,No internet service,No internet service,No internet service,No internet service,No internet service,Two year,No,Mailed check,19.25,855.1,No,48-59,No,No,No,No,0,17.814583333333335
5013-SBUIH,Female,No,No,No,50,Yes,Yes,Fiber optic,Yes,Yes,No,Yes,Yes,Yes,Two year,Yes,Electronic check,109.65,5551.15,Yes,48-59,No,No,Yes,Yes,1,111.023
6772-WFQRD,Male,No,No,Yes,40,Yes,No,No,No internet service,No internet service,No internet service,No internet service,No internet service,No internet service,One year,Yes,Bank transfer (automatic),20.4,854.9,No,36-47,No,No,No,No,0,21.3725
5057-RKGLH,Female,No,Yes,Yes,9,Yes,No,No,No internet service,No internet service,No internet service,No internet service,No internet service,No internet service,Two year,No,Mailed check,20.35,191.1,No,6-11,No,No,No,No,0,21.23333333333333
7240-ETPTR,Female,No,Yes,No,9,No,No phone service,DSL,No,No,Yes,No,Yes,Yes,Month-to-month,Yes,Electronic check,48.75,442.2,Yes,6-11,No,Yes,Yes,No,3,49.13333333333333
2722-VOJQL,Male,No,No,No,64,Yes,Yes,Fiber optic,No,Yes,No,Yes,Yes,Yes,One year,Yes,Credit card (automatic),105.65,6903.1,Yes,60-72,No,No,No,Yes,2,107.8609375
0376-OIWME,Male,No,Yes,No,36,Yes,No,Fiber optic,Yes,No,No,No,Yes,Yes,Month-to-month,Yes,Electronic check,93.6,3366.05,No,36-47,No,Yes,Yes,Yes,3,93.5013888888889
5624-RYAMH,Female,No,No,No,9,Yes,No,No,No internet service,No internet service,No internet service,No internet service,No internet service,No internet service,Month-to-month,Yes,Electronic check,19.5,178.85,No,6-11,No,Yes,Yes,No,0,19.87222222222222
5981-ITEMU,Male,No,Yes,No,40,Yes,Yes,Fiber optic,No,No,No,No,Yes,Yes,Month-to-month,Yes,Bank transfer (automatic),97.1,3706.95,Yes,36-47,No,Yes,No,Yes,4,92.67375
2187-LZGPL,Female,No,No,No,7,No,No phone service,DSL,No,Yes,No,No,No,Yes,Month-to-month,Yes,Credit card (automatic),40.1,293.3,Yes,6-11,No,Yes,No,No,3,41.9
8904-OPDCK,Male,Yes,Yes,No,54,No,No phone service,DSL,No,No,No,No,No,No,Month-to-month,Yes,Bank transfer (automatic),24.95,1364.75,No,48-59,No,Yes,No,No,4,25.27314814814815
6728-VOIFY,Female,No,Yes,No,63,Yes,No,Fiber optic,No,Yes,No,No,Yes,Yes,One year,Yes,Electronic check,96.0,6109.75,No,60-72,No,No,Yes,Yes,3,96.98015873015872
4676-MQUEA,Male,Yes,Yes,No,50,Yes,Yes,Fiber optic,Yes,Yes,Yes,No,Yes,No,One year,Yes,Bank transfer (automatic),101.9,5265.5,No,48-59,No,No,No,Yes,1,105.31
8441-SHIPE,Female,No,No,No,67,Yes,Yes,No,No internet service,No internet service,No internet service,No internet service,No internet service,No internet service,Two year,Yes,Bank transfer (automatic),25.6,1790.35,No,60-72,No,No,No,No,0,26.72164179104477
8242-SOQUO,Female,Yes,No,No,5,Yes,No,Fiber optic,No,Yes,No,No,Yes,No,Month-to-month,Yes,Electronic check,84.7,392.5,No,0-5,No,Yes,Yes,Yes,3,78.5
8204-YJCLA,Male,Yes,Yes,Yes,72,No,No phone service,DSL,Yes,Yes,Yes,Yes,Yes,Yes,Two year,Yes,Bank transfer (automatic),64.8,4732.35,No,60-72,No,No,No,No,0,65.72708333333334
3223-WZWJM,Male,No,No,No,26,Yes,Yes,Fiber optic,No,No,No,No,No,Yes,Month-to-month,Yes,Electronic check,83.95,2254.2,Yes,24-35,No,Yes,Yes,Yes,4,86.69999999999999
6837-HAEVO,Male,No,Yes,Yes,69,Yes,Yes,Fiber optic,No,Yes,Yes,No,Yes,Yes,Two year,Yes,Electronic check,105.0,7297.75,No,60-72,No,No,Yes,Yes,2,105.7644927536232
7554-AKDQF,Female,No,Yes,No,6,Yes,No,DSL,No,No,No,No,No,No,Month-to-month,No,Mailed check,45.65,323.45,No,6-11,No,Yes,No,No,4,53.90833333333333
5206-XZZQI,Male,No,No,No,53,Yes,No,Fiber optic,No,Yes,No,Yes,No,No,Month-to-month,Yes,Mailed check,80.6,4348.1,No,48-59,No,Yes,No,Yes,2,82.03962264150944
7781-HVGMK,Female,No,Yes,Yes,72,No,No phone service,DSL,Yes,Yes,Yes,Yes,Yes,Yes,Two year,Yes,Credit card (automatic),65.2,4784.45,No,60-72,No,No,No,No,0,66.45069444444444
3351-NGXYI,Female,Yes,No,No,16,Yes,Yes,DSL,Yes,No,No,No,No,No,Month-to-month,Yes,Electronic check,54.1,889.0,No,12-23,No,Yes,Yes,No,3,55.5625
0931-MHTEM,Female,No,No,No,54,Yes,No,Fiber optic,Yes,Yes,No,No,Yes,Yes,One year,Yes,Credit card (automatic),100.05,5299.65,No,48-59,No,No,No,Yes,2,98.14166666666668
7033-CLAMM,Female,No,Yes,Yes,48,Yes,No,No,No internet service,No internet service,No internet service,No internet service,No internet service,No internet service,Two year,No,Bank transfer (automatic),20.2,1027.25,No,48-59,No,No,No,No,0,21.401041666666668
1915-OAKWD,Female,No,No,Yes,16,Yes,No,No,No internet service,No internet service,No internet service,No internet service,No internet service,No internet service,One year,Yes,Bank transfer (automatic),19.3,360.35,No,12-23,No,No,No,No,0,22.521875
5176-OLSKT,Female,No,Yes,No,66,Yes,Yes,DSL,Yes,Yes,Yes,No,No,No,Two year,No,Bank transfer (automatic),66.9,4370.25,No,60-72,No,No,No,No,1,66.2159090909091
4257-GAESD,Female,No,No,No,6,No,No phone service,DSL,No,No,No,No,Yes,Yes,Month-to-month,No,Credit card (automatic),45.0,298.7,No,6-11,No,Yes,No,No,4,49.78333333333333
0310-SUCIN,Female,No,Yes,No,71,Yes,No,DSL,Yes,Yes,Yes,Yes,Yes,Yes,One year,Yes,Bank transfer (automatic),84.8,6046.1,No,60-72,No,No,No,No,0,85.15633802816902
7593-XFKDI,Male,No,No,No,1,Yes,No,DSL,No,No,No,No,No,No,Month-to-month,No,Mailed check,46.3,46.3,Yes,0-5,Yes,Yes,No,No,4,46.3
6435-SRWBJ,Female,No,No,No,5,Yes,Yes,Fiber optic,No,No,Yes,Yes,No,No,Month-to-month,Yes,Electronic check,82.75,417.75,No,0-5,No,Yes,Yes,Yes,2,83.55
2856-HYAPG,Female,No,No,No,1,Yes,No,Fiber optic,No,No,No,No,No,No,Month-to-month,No,Electronic check,68.65,68.65,Yes,0-5,Yes,Yes,Yes,Yes,4,68.65
6457-GIRWB,Male,No,No,No,1,Yes,No,Fiber optic,No,No,No,No,No,No,Month-to-month,Yes,Electronic check,69.35,69.35,Yes,0-5,Yes,Yes,Yes,Yes,4,69.35
0619-OLYUR,Male,No,Yes,No,72,Yes,Yes,Fiber optic,Yes,No,Yes,Yes,Yes,Yes,Two year,Yes,Credit card (automatic),111.9,8071.05,No,60-72,No,No,No,Yes,1,112.09791666666666
3466-BYAVD,Male,No,Yes,Yes,15,Yes,No,DSL,No,Yes,Yes,Yes,No,Yes,Month-to-month,Yes,Mailed check,69.5,1071.4,No,12-23,No,Yes,No,No,1,71.42666666666668
5201-USSQZ,Female,No,Yes,No,26,Yes,No,Fiber optic,No,No,No,Yes,No,Yes,Month-to-month,No,Credit card (automatic),85.9,2196.45,No,24-35,No,Yes,No,Yes,3,84.47884615384615
9730-DRTMJ,Male,No,Yes,No,32,Yes,Yes,DSL,Yes,No,No,Yes,Yes,No,One year,Yes,Credit card (automatic),72.8,2333.05,No,24-35,No,No,No,No,2,72.9078125
1215-VFYVK,Female,No,No,No,4,No,No phone service,DSL,Yes,No,Yes,Yes,No,Yes,Month-to-month,No,Mailed check,48.25,202.25,No,0-5,No,Yes,No,No,1,50.5625
5099-BAILX,Male,Yes,Yes,Yes,43,Yes,Yes,Fiber optic,No,Yes,Yes,Yes,Yes,Yes,Month-to-month,Yes,Bank transfer (automatic),110.75,4687.9,Yes,36-47,No,Yes,No,Yes,1,109.02093023255811
5628-RKIFK,Female,Yes,No,No,49,Yes,Yes,Fiber optic,Yes,No,No,No,Yes,Yes,Month-to-month,No,Credit card (automatic),101.55,5070.4,No,48-59,No,Yes,No,Yes,3,103.47755102040816
0315-LVCRK,Male,No,No,No,11,Yes,No,Fiber optic,No,No,Yes,No,No,Yes,Month-to-month,No,Electronic check,84.8,888.75,No,6-11,No,Yes,Yes,Yes,3,80.79545454545455
6457-USBER,Male,No,No,No,1,Yes,No,Fiber optic,No,No,No,No,No,Yes,Month-to-month,Yes,Electronic check,80.8,80.8,Yes,0-5,Yes,Yes,Yes,Yes,4,80.8
1576-PFZIW,Male,Yes,Yes,No,70,Yes,No,Fiber optic,Yes,Yes,Yes,No,Yes,Yes,Two year,No,Credit card (automatic),105.35,7511.9,No,60-72,No,No,No,Yes,1,107.31285714285714
3648-GZPHF,Male,No,Yes,Yes,32,No,No phone service,DSL,No,No,Yes,Yes,No,No,One year,Yes,Mailed check,36.25,1151.05,No,24-35,No,No,No,No,2,35.9703125
4951-UKAAQ,Female,No,No,No,4,Yes,Yes,Fiber optic,No,Yes,No,No,No,Yes,Month-to-month,Yes,Electronic check,88.95,355.2,Yes,0-5,No,Yes,Yes,Yes,3,88.8
6723-CEGQI,Female,No,No,Yes,65,No,No phone service,DSL,No,Yes,No,Yes,Yes,No,Two year,No,Mailed check,45.25,2933.95,No,60-72,No,No,No,No,2,45.13769230769231
0847-HGRML,Male,No,No,Yes,62,Yes,No,No,No internet service,No internet service,No internet service,No internet service,No internet service,No internet service,Two year,No,Bank transfer (automatic),20.0,1250.1,No,60-72,No,No,No,No,0,20.16290322580645
0021-IKXGC,Female,Yes,No,No,1,Yes,Yes,Fiber optic,No,No,No,No,No,No,Month-to-month,Yes,Electronic check,72.1,72.1,No,0-5,Yes,Yes,Yes,Yes,4,72.1
6061-PQHMK,Female,No,No,No,25,Yes,No,No,No internet service,No internet service,No internet service,No internet service,No internet service,No internet service,One year,No,Credit card (automatic),19.9,527.5,No,24-35,No,No,No,No,0,21.1
3486-NPGST,Female,No,No,No,36,Yes,No,No,No internet service,No internet service,No internet service,No internet service,No internet service,No internet service,One year,No,Mailed check,19.55,620.75,No,36-47,No,No,No,No,0,17.243055555555557
0840-DFEZH,Female,No,No,No,7,Yes,Yes,Fiber optic,No,No,No,No,No,No,Month-to-month,Yes,Electronic check,75.35,564.65,No,6-11,No,Yes,Yes,Yes,4,80.66428571428571
8606-OEGQZ,Female,No,No,Yes,18,Yes,Yes,No,No internet service,No internet service,No internet service,No internet service,No internet service,No internet service,Two year,No,Credit card (automatic),25.3,454.65,No,12-23,No,No,No,No,0,25.258333333333333
6479-VDGRK,Female,No,Yes,Yes,72,Yes,No,DSL,Yes,Yes,Yes,Yes,Yes,Yes,Two year,No,Bank transfer (automatic),85.3,6129.2,No,60-72,No,No,No,No,0,85.12777777777778
9606-PBKBQ,Male,Yes,Yes,No,32,Yes,Yes,Fiber optic,No,No,No,No,No,Yes,Month-to-month,Yes,Electronic check,85.0,2642.05,Yes,24-35,No,Yes,Yes,Yes,4,82.5640625
1334-FJSVR,Male,No,No,No,1,No,No phone service,DSL,No,No,No,No,No,No,Month-to-month,Yes,Electronic check,24.25,24.25,Yes,0-5,Yes,Yes,Yes,No,4,24.25
4749-OJKQU,Female,No,No,No,4,Yes,Yes,Fiber optic,No,No,No,No,No,No,Month-to-month,Yes,Electronic check,75.65,302.35,No,0-5,No,Yes,Yes,Yes,4,75.5875
2030-BTZRO,Male,No,Yes,Yes,6,Yes,No,No,No internet service,No internet service,No internet service,No internet service,No internet service,No internet service,Two year,Yes,Credit card (automatic),20.4,107.6,No,6-11,No,No,No,No,0,17.933333333333334
6285-FTQBF,Male,No,Yes,Yes,72,Yes,Yes,No,No internet service,No internet service,No internet service,No internet service,No internet service,No internet service,Two year,No,Credit card (automatic),25.55,1867.7,No,60-72,No,No,No,No,0,25.94027777777778
0887-HJGAR,Male,No,No,No,1,Yes,No,DSL,No,No,No,No,No,No,Month-to-month,Yes,Mailed check,45.7,45.7,Yes,0-5,Yes,Yes,No,No,4,45.7
3186-AJIEK,Male,No,No,No,66,Yes,No,Fiber optic,Yes,No,Yes,Yes,Yes,Yes,Two year,Yes,Bank transfer (automatic),105.65,6844.5,No,60-72,No,No,No,Yes,1,103.70454545454544
4423-YLHDV,Female,No,Yes,No,21,Yes,Yes,Fiber optic,Yes,No,Yes,No,Yes,Yes,Month-to-month,Yes,Bank transfer (automatic),104.4,2200.25,Yes,12-23,No,Yes,No,Yes,2,104.77380952380952
1415-YFWLT,Female,Yes,No,No,1,Yes,No,Fiber optic,No,No,No,No,Yes,Yes,Month-to-month,Yes,Electronic check,89.3,89.3,Yes,0-5,Yes,Yes,Yes,Yes,4,89.3
1956-YIFGE,Male,No,Yes,Yes,22,Yes,No,Fiber optic,No,Yes,Yes,No,Yes,Yes,One year,Yes,Mailed check,100.05,2090.25,No,12-23,No,No,No,Yes,2,95.01136363636364
4228-ZGYUW,Male,No,No,No,4,Yes,Yes,Fiber optic,No,Yes,No,No,No,Yes,Month-to-month,Yes,Electronic check,90.05,368.1,Yes,0-5,No,Yes,Yes,Yes,3,92.025
3521-HTQTV,Male,No,No,No,34,Yes,Yes,No,No internet service,No internet service,No internet service,No internet service,No internet service,No internet service,Two year,No,Bank transfer (automatic),26.1,980.35,No,24-35,No,No,No,No,0,28.833823529411767
3544-FBCAS,Female,No,Yes,Yes,72,Yes,Yes,DSL,Yes,Yes,Yes,No,Yes,Yes,Two year,Yes,Credit card (automatic),83.6,5959.3,No,60-72,No,No,No,No,1,82.76805555555556
0684-AOSIH,Male,No,Yes,No,1,Yes,No,Fiber optic,Yes,No,No,No,Yes,Yes,Month-to-month,Yes,Electronic check,95.0,95.0,Yes,0-5,Yes,Yes,Yes,Yes,3,95.0
7912-SYRQT,Female,No,No,No,7,Yes,Yes,Fiber optic,No,No,No,No,No,No,Month-to-month,Yes,Bank transfer (automatic),75.1,552.95,Yes,6-11,No,Yes,No,Yes,4,78.99285714285715
9239-GZHZE,Female,No,Yes,No,72,Yes,Yes,Fiber optic,Yes,Yes,Yes,Yes,Yes,Yes,Two year,Yes,Credit card (automatic),113.65,8124.2,No,60-72,No,No,No,Yes,0,112.83611111111112
8690-ZVLCL,Female,No,Yes,Yes,68,Yes,Yes,DSL,Yes,Yes,Yes,Yes,Yes,Yes,Two year,No,Credit card (automatic),88.0,6161.9,No,60-72,No,No,No,No,0,90.61617647058824
9717-IOAAF,Male,No,No,Yes,27,Yes,Yes,No,No internet service,No internet service,No internet service,No internet service,No internet service,No internet service,Two year,Yes,Credit card (automatic),25.85,788.55,No,24-35,No,No,No,No,0,29.205555555555552
9518-IMLHK,Male,No,No,No,31,Yes,No,DSL,Yes,Yes,Yes,Yes,Yes,No,Month-to-month,Yes,Bank transfer (automatic),72.45,2156.25,No,24-35,No,Yes,No,No,0,69.55645161290323
6701-DHKWQ,Female,No,Yes,Yes,61,No,No phone service,DSL,No,Yes,Yes,Yes,Yes,No,Two year,No,Credit card (automatic),51.35,3244.4,No,60-72,No,No,No,No,1,53.18688524590164
4835-YSJMR,Male,No,No,No,39,Yes,No,DSL,No,No,No,Yes,No,No,Two year,Yes,Bank transfer (automatic),49.8,1971.15,No,36-47,No,No,No,No,3,50.542307692307695
2982-VPSGI,Female,No,Yes,No,11,Yes,Yes,Fiber optic,No,No,No,No,Yes,Yes,Month-to-month,Yes,Electronic check,94.0,1078.9,Yes,6-11,No,Yes,Yes,Yes,4,98.0818181818182
0423-UDIJQ,Male,Yes,No,No,9,Yes,No,DSL,No,No,No,Yes,No,No,Month-to-month,No,Mailed check,49.2,447.9,No,6-11,No,Yes,No,No,3,49.766666666666666
5954-BDFSG,Female,No,No,No,72,Yes,Yes,Fiber optic,No,No,Yes,Yes,Yes,Yes,Two year,Yes,Credit card (automatic),107.5,7853.7,No,60-72,No,No,No,Yes,2,109.07916666666668
9146-JRIOX,Female,No,Yes,Yes,14,Yes,Yes,No,No internet service,No internet service,No internet service,No internet service,No internet service,No internet service,Month-to-month,No,Mailed check,25.55,372.45,No,12-23,No,Yes,No,No,0,26.603571428571428
3904-UKFRE,Male,No,No,No,4,Yes,Yes,Fiber optic,Yes,No,No,No,No,No,Month-to-month,Yes,Electronic check,80.1,336.15,No,0-5,No,Yes,Yes,Yes,3,84.0375
9250-WYPLL,Female,No,No,No,5,Yes,Yes,Fiber optic,No,No,No,No,No,No,Month-to-month,No,Electronic check,75.55,413.65,Yes,0-5,No,Yes,Yes,Yes,4,82.72999999999999
7109-MFBYV,Male,No,No,No,26,Yes,No,DSL,No,No,No,No,No,No,Month-to-month,No,Electronic check,45.45,1233.15,No,24-35,No,Yes,Yes,No,4,47.42884615384616
7632-YUTXB,Female,No,Yes,Yes,25,Yes,No,No,No internet service,No internet service,No internet service,No internet service,No internet service,No internet service,One year,No,Mailed check,20.05,520.1,No,24-35,No,No,No,No,0,20.804
3230-IUALN,Female,No,Yes,Yes,45,Yes,No,DSL,Yes,No,Yes,Yes,Yes,Yes,Two year,Yes,Mailed check,81.0,3533.6,No,36-47,No,No,No,No,1,78.52444444444444
4201-JMNGR,Female,Yes,No,No,1,Yes,No,DSL,Yes,No,Yes,No,No,No,Month-to-month,Yes,Electronic check,55.8,55.8,Yes,0-5,Yes,Yes,Yes,No,2,55.8
4094-NSEDU,Female,Yes,No,No,21,Yes,Yes,Fiber optic,No,No,No,No,Yes,Yes,Month-to-month,Yes,Electronic check,94.25,1973.75,Yes,12-23,No,Yes,Yes,Yes,4,93.98809523809524
3258-SANFR,Male,Yes,No,No,6,Yes,No,DSL,No,No,No,No,No,No,Month-to-month,No,Credit card (automatic),44.7,276.5,No,6-11,No,Yes,No,No,4,46.083333333333336
2560-PPCHE,Female,No,No,No,65,Yes,Yes,Fiber optic,No,Yes,No,Yes,Yes,Yes,One year,Yes,Bank transfer (automatic),105.05,6744.25,No,60-72,No,No,No,Yes,2,103.75769230769232
6288-LBEAR,Female,No,No,No,23,Yes,No,Fiber optic,No,Yes,No,Yes,No,No,Month-to-month,Yes,Mailed check,79.1,1783.75,No,12-23,No,Yes,No,Yes,2,77.55434782608695
0886-QGENL,Female,Yes,Yes,No,27,Yes,No,Fiber optic,Yes,No,Yes,No,Yes,Yes,Month-to-month,Yes,Electronic check,101.25,2754.45,Yes,24-35,No,Yes,Yes,Yes,2,102.01666666666668
6339-RZCBJ,Male,No,No,No,48,Yes,No,DSL,No,Yes,Yes,Yes,Yes,Yes,Two year,No,Credit card (automatic),78.9,3771.5,No,48-59,No,No,No,No,1,78.57291666666667
1051-EQPZR,Female,No,Yes,Yes,44,Yes,No,No,No internet service,No internet service,No internet service,No internet service,No internet service,No internet service,Month-to-month,No,Mailed check,19.6,780.25,No,36-47,No,Yes,No,No,0,17.732954545454547
0428-AXXLJ,Male,No,No,No,25,Yes,No,No,No internet service,No internet service,No internet service,No internet service,No internet service,No internet service,One year,Yes,Bank transfer (automatic),19.5,516.3,No,24-35,No,No,No,No,0,20.652
9129-UXERG,Female,Yes,No,No,18,Yes,Yes,Fiber optic,No,Yes,No,Yes,Yes,Yes,Month-to-month,Yes,Credit card (automatic),103.6,1806.35,No,12-23,No,Yes,No,Yes,2,100.35277777777776
9903-LYSAB,Male,No,Yes,No,18,Yes,Yes,Fiber optic,No,No,No,No,No,No,Month-to-month,Yes,Electronic check,73.15,1305.95,No,12-23,No,Yes,Yes,Yes,4,72.55277777777778
7780-OTDSO,Male,No,Yes,No,18,Yes,Yes,Fiber optic,Yes,No,No,No,Yes,Yes,Month-to-month,Yes,Electronic check,99.4,1742.95,Yes,12-23,No,Yes,Yes,Yes,3,96.83055555555556
3082-VQXNH,Male,No,Yes,No,3,No,No phone service,DSL,No,Yes,No,No,No,No,Month-to-month,No,Credit card (automatic),29.8,94.4,No,0-5,Yes,Yes,No,No,3,31.46666666666667
3635-JBPSG,Female,No,No,No,15,No,No phone service,DSL,No,Yes,No,No,No,Yes,Two year,Yes,Mailed check,38.8,603.0,No,12-23,No,No,No,No,3,40.2
7853-OETYL,Female,No,Yes,No,4,No,No phone service,DSL,Yes,No,No,No,No,No,Month-to-month,Yes,Electronic check,29.05,129.6,No,0-5,No,Yes,Yes,No,3,32.4
8234-GSZYK,Male,No,No,No,43,Yes,Yes,No,No internet service,No internet service,No internet service,No internet service,No internet service,No internet service,Two year,No,Bank transfer (automatic),26.45,1110.05,No,36-47,No,No,No,No,0,25.81511627906977
9170-ARBTB,Female,No,Yes,Yes,52,Yes,No,No,No internet service,No internet service,No internet service,No internet service,No internet service,No internet service,One year,No,Credit card (automatic),19.6,1012.4,No,48-59,No,No,No,No,0,19.46923076923077
9274-CNFMO,Male,Yes,Yes,No,4,Yes,Yes,Fiber optic,No,No,No,No,No,No,Month-to-month,No,Electronic check,74.95,308.7,Yes,0-5,No,Yes,Yes,Yes,4,77.175
5207-PLSTK,Male,No,Yes,Yes,1,Yes,No,DSL,Yes,No,No,No,No,No,Month-to-month,Yes,Mailed check,48.75,48.75,No,0-5,Yes,Yes,No,No,3,48.75
4723-BEGSG,Male,No,Yes,No,72,Yes,Yes,DSL,Yes,No,Yes,Yes,Yes,Yes,Two year,No,Credit card (automatic),86.65,6094.25,No,60-72,No,No,No,No,1,84.64236111111111
8205-OTCHB,Male,No,No,No,22,No,No phone service,DSL,No,Yes,Yes,No,No,Yes,One year,Yes,Bank transfer (automatic),43.75,903.6,Yes,12-23,No,No,No,No,2,41.07272727272727
2018-PZKMU,Male,No,Yes,Yes,9,Yes,No,Fiber optic,No,No,Yes,Yes,Yes,Yes,Month-to-month,No,Electronic check,103.1,970.45,No,6-11,No,Yes,Yes,Yes,2,107.82777777777778
0264-CNITK,Female,No,Yes,Yes,71,Yes,No,No,No internet service,No internet service,No internet service,No internet service,No internet service,No internet service,Two year,No,Bank transfer (automatic),20.1,1389.6,No,60-72,No,No,No,No,0,19.57183098591549
1270-XKUCC,Female,No,Yes,Yes,30,Yes,No,No,No internet service,No internet service,No internet service,No internet service,No internet service,No internet service,Two year,No,Mailed check,19.7,599.25,No,24-35,No,No,No,No,0,19.975
3824-RHKVR,Female,No,No,No,17,Yes,No,No,No internet service,No internet service,No internet service,No internet service,No internet service,No internet service,Month-to-month,No,Credit card (automatic),19.7,340.35,No,12-23,No,Yes,No,No,0,20.02058823529412
7905-NJMXS,Male,Yes,Yes,No,7,Yes,Yes,DSL,Yes,Yes,No,Yes,No,No,Month-to-month,No,Electronic check,64.2,475.0,No,6-11,No,Yes,Yes,No,1,67.85714285714286
1813-JYWTO,Female,No,Yes,No,72,Yes,Yes,Fiber optic,Yes,No,No,No,No,No,Two year,No,Bank transfer (automatic),80.45,5737.6,No,60-72,No,No,No,Yes,3,79.6888888888889
8433-WXGNA,Male,No,No,No,2,Yes,No,Fiber optic,Yes,No,No,No,No,No,Month-to-month,Yes,Electronic check,75.7,189.2,Yes,0-5,Yes,Yes,Yes,Yes,3,94.6
5197-YPYBZ,Female,No,Yes,Yes,12,Yes,Yes,No,No internet service,No internet service,No internet service,No internet service,No internet service,No internet service,Two year,No,Credit card (automatic),25.25,274.7,No,12-23,No,No,No,No,0,22.891666666666666
8919-FYFQZ,Male,Yes,Yes,No,44,No,No phone service,DSL,No,Yes,No,No,No,No,Month-to-month,Yes,Electronic check,30.35,1359.7,Yes,36-47,No,Yes,Yes,No,3,30.902272727272727
3130-ICDUP,Female,No,No,Yes,2,Yes,Yes,Fiber optic,Yes,No,No,No,No,No,Month-to-month,No,Credit card (automatic),80.55,188.1,No,0-5,Yes,Yes,No,Yes,3,94.05
8224-UAXBZ,Female,No,Yes,No,58,No,No phone service,DSL,Yes,Yes,No,No,Yes,No,One year,Yes,Electronic check,45.35,2540.1,No,48-59,No,No,Yes,No,2,43.79482758620689
9367-WXLCH,Male,No,No,No,8,Yes,Yes,Fiber optic,No,No,No,No,No,Yes,Month-to-month,No,Bank transfer (automatic),84.5,662.65,Yes,6-11,No,Yes,No,Yes,4,82.83125
4716-HHKQH,Male,Yes,Yes,No,20,Yes,Yes,Fiber optic,No,Yes,No,Yes,Yes,Yes,Month-to-month,No,Electronic check,107.05,2172.05,No,12-23,No,Yes,Yes,Yes,2,108.6025
4806-HIPDW,Female,No,Yes,No,1,Yes,No,Fiber optic,No,No,No,No,No,No,Month-to-month,Yes,Electronic check,68.95,68.95,Yes,0-5,Yes,Yes,Yes,Yes,4,68.95
1498-DQNRX,Female,No,Yes,No,29,Yes,No,No,No internet service,No internet service,No internet service,No internet service,No internet service,No internet service,Month-to-month,No,Mailed check,19.85,573.05,No,24-35,No,Yes,No,No,0,19.76034482758621
2393-DIVAI,Female,No,No,No,3,Yes,No,No,No internet service,No internet service,No internet service,No internet service,No internet service,No internet service,Month-to-month,Yes,Mailed check,20.0,61.7,No,0-5,Yes,Yes,No,No,0,20.566666666666663
8993-IZEUX,Male,No,No,No,7,Yes,No,Fiber optic,No,No,No,No,No,No,Month-to-month,No,Bank transfer (automatic),69.15,488.65,No,6-11,No,Yes,No,Yes,4,69.80714285714285
9027-YFHQJ,Male,No,No,No,7,Yes,Yes,No,No internet service,No internet service,No internet service,No internet service,No internet service,No internet service,Month-to-month,Yes,Bank transfer (automatic),25.05,152.95,No,6-11,No,Yes,No,No,0,21.85
6481-OGDOO,Male,No,Yes,No,67,Yes,No,Fiber optic,Yes,Yes,No,No,No,Yes,One year,Yes,Credit card (automatic),90.6,6056.15,Yes,60-72,No,No,No,Yes,2,90.39029850746267
5884-GCYMI,Male,No,No,No,1,Yes,No,Fiber optic,No,No,No,No,No,No,Month-to-month,No,Mailed check,69.4,69.4,Yes,0-5,Yes,Yes,No,Yes,4,69.4
8152-UOBNY,Female,Yes,No,No,50,Yes,Yes,Fiber optic,No,Yes,No,Yes,Yes,Yes,One year,Yes,Electronic check,106.8,5347.95,No,48-59,No,No,Yes,Yes,2,106.959
0229-LFJAF,Male,No,No,No,72,Yes,Yes,DSL,Yes,Yes,Yes,Yes,No,No,Two year,No,Bank transfer (automatic),69.65,4908.25,No,60-72,No,No,No,No,0,68.17013888888889
7113-HIPFI,Male,No,Yes,Yes,66,Yes,No,DSL,Yes,Yes,Yes,Yes,No,No,Two year,No,Mailed check,65.85,4097.05,No,60-72,No,No,No,No,0,62.07651515151515
2429-AYKKO,Male,No,No,No,72,Yes,No,No,No internet service,No internet service,No internet service,No internet service,No internet service,No internet service,Two year,No,Bank transfer (automatic),19.85,1434.1,No,60-72,No,No,No,No,0,19.918055555555554
1932-UEDCX,Male,Yes,Yes,No,33,Yes,Yes,Fiber optic,No,Yes,No,No,Yes,Yes,Month-to-month,Yes,Bank transfer (automatic),100.6,3270.25,No,24-35,No,Yes,No,Yes,3,99.09848484848484
8199-ZLLSA,Male,No,No,No,67,Yes,Yes,Fiber optic,Yes,Yes,Yes,Yes,Yes,Yes,One year,Yes,Bank transfer (automatic),118.35,7804.15,Yes,60-72,No,No,No,Yes,0,116.47985074626864
4598-XLKNJ,Female,Yes,Yes,No,25,Yes,No,Fiber optic,No,Yes,Yes,No,Yes,Yes,Month-to-month,Yes,Electronic check,98.5,2514.5,Yes,24-35,No,Yes,Yes,Yes,2,100.58
0394-YONDK,Male,No,Yes,Yes,70,Yes,Yes,No,No internet service,No internet service,No internet service,No internet service,No internet service,No internet service,Two year,No,Credit card (automatic),25.15,1790.15,No,60-72,No,No,No,No,0,25.57357142857143
6898-MDLZW,Male,No,No,No,12,Yes,No,DSL,No,Yes,No,Yes,No,No,Month-to-month,Yes,Mailed check,53.75,648.65,No,12-23,No,Yes,No,No,2,54.05416666666667
8739-QOTTN,Female,No,Yes,No,2,Yes,No,No,No internet service,No internet service,No internet service,No internet service,No internet service,No internet service,Month-to-month,No,Mailed check,20.35,41.85,No,0-5,Yes,Yes,No,No,0,20.925
3318-ISQFQ,Female,No,No,No,20,Yes,No,No,No internet service,No internet service,No internet service,No internet service,No internet service,No internet service,Month-to-month,Yes,Bank transfer (automatic),19.5,413.0,No,12-23,No,Yes,No,No,0,20.65
5906-DVAPM,Female,No,Yes,Yes,55,Yes,Yes,DSL,Yes,Yes,No,Yes,Yes,No,One year,Yes,Credit card (automatic),75.0,4213.9,No,48-59,No,No,No,No,1,76.61636363636363
4039-HEUNW,Male,Yes,Yes,No,36,Yes,Yes,Fiber optic,No,Yes,No,No,Yes,Yes,Month-to-month,Yes,Electronic check,96.5,3436.1,Yes,36-47,No,Yes,Yes,Yes,3,95.44722222222222
8750-QWZAJ,Female,No,Yes,Yes,70,Yes,No,No,No internet service,No internet service,No internet service,No internet service,No internet service,No internet service,Two year,No,Bank transfer (automatic),19.8,1378.75,No,60-72,No,No,No,No,0,19.696428571428573
5696-CEIQJ,Male,No,Yes,Yes,67,Yes,No,Fiber optic,No,Yes,Yes,Yes,Yes,Yes,Two year,No,Bank transfer (automatic),103.15,6895.5,No,60-72,No,No,No,Yes,1,102.9179104477612
5708-EVONK,Female,No,Yes,Yes,58,Yes,Yes,Fiber optic,Yes,Yes,No,No,No,Yes,Month-to-month,Yes,Bank transfer (automatic),93.4,5435.6,Yes,48-59,No,Yes,No,Yes,2,93.71724137931037
1069-QJOEE,Male,No,Yes,Yes,25,Yes,No,No,No internet service,No internet service,No internet service,No internet service,No internet service,No internet service,One year,No,Electronic check,19.9,505.45,No,24-35,No,No,Yes,No,0,20.218
4903-CNOZC,Male,No,No,No,29,Yes,Yes,DSL,No,Yes,Yes,No,No,Yes,One year,No,Credit card (automatic),70.9,1964.6,No,24-35,No,No,No,No,2,67.7448275862069
0104-PPXDV,Male,No,Yes,No,58,Yes,No,DSL,No,No,Yes,No,No,No,One year,No,Credit card (automatic),50.3,2878.55,No,48-59,No,No,No,No,3,49.63017241379311
1301-LOPVR,Male,No,Yes,Yes,29,No,No phone service,DSL,Yes,Yes,Yes,Yes,No,Yes,One year,Yes,Credit card (automatic),55.35,1636.95,No,24-35,No,No,No,No,0,56.44655172413793
4702-IOQDC,Female,No,No,No,1,Yes,No,Fiber optic,No,No,No,No,No,No,Month-to-month,Yes,Electronic check,70.1,70.1,Yes,0-5,Yes,Yes,Yes,Yes,4,70.1
1137-DGOWI,Female,No,Yes,No,30,Yes,No,DSL,No,Yes,Yes,Yes,No,Yes,One year,No,Bank transfer (automatic),70.25,2198.9,No,24-35,No,No,No,No,1,73.29666666666667
7872-RDDLZ,Female,Yes,No,No,67,Yes,Yes,DSL,No,Yes,No,No,No,No,Month-to-month,No,Electronic check,54.9,3725.5,No,60-72,No,Yes,Yes,No,3,55.6044776119403
5387-ASZNZ,Female,Yes,No,No,66,Yes,Yes,DSL,Yes,Yes,No,Yes,No,No,One year,Yes,Credit card (automatic),63.85,4174.35,No,60-72,No,No,No,No,1,63.24772727272728
2904-GGUAZ,Female,No,Yes,No,72,Yes,Yes,Fiber optic,Yes,Yes,No,No,No,No,Two year,Yes,Bank transfer (automatic),84.05,6052.25,No,60-72,No,No,No,Yes,2,84.05902777777777
9168-INPSZ,Female,Yes,Yes,No,44,Yes,Yes,Fiber optic,No,No,Yes,Yes,Yes,Yes,Month-to-month,No,Electronic check,104.15,4495.65,No,36-47,No,Yes,Yes,Yes,2,102.17386363636363
6833-JMZYP,Female,No,No,No,15,Yes,No,Fiber optic,No,No,Yes,No,Yes,Yes,Month-to-month,Yes,Credit card (automatic),94.0,1505.45,No,12-23,No,Yes,No,Yes,3,100.36333333333332
9050-IKDZA,Female,Yes,No,No,2,Yes,No,Fiber optic,No,No,No,No,Yes,No,Month-to-month,No,Mailed check,81.5,162.55,No,0-5,Yes,Yes,No,Yes,4,81.275
2977-CEBSX,Female,No,No,No,66,Yes,Yes,DSL,Yes,Yes,Yes,Yes,Yes,Yes,Two year,Yes,Credit card (automatic),90.05,5965.95,No,60-72,No,No,No,No,0,90.39318181818182
4795-KTRTH,Female,Yes,Yes,No,5,Yes,Yes,Fiber optic,No,Yes,No,No,No,No,Month-to-month,Yes,Electronic check,81.0,371.65,Yes,0-5,No,Yes,Yes,Yes,3,74.33
7548-SEPYI,Female,No,No,No,5,Yes,No,Fiber optic,No,Yes,No,No,Yes,Yes,Month-to-month,Yes,Electronic check,96.25,512.45,Yes,0-5,No,Yes,Yes,Yes,3,102.49
8849-PRIQJ,Female,No,Yes,Yes,67,Yes,Yes,Fiber optic,Yes,No,Yes,Yes,Yes,Yes,One year,Yes,Electronic check,109.4,7281.6,No,60-72,No,No,Yes,Yes,1,108.68059701492538
2037-SGXHH,Male,No,Yes,Yes,38,Yes,Yes,Fiber optic,No,Yes,Yes,No,Yes,No,Month-to-month,Yes,Electronic check,94.65,3624.3,Yes,36-47,No,Yes,Yes,Yes,2,95.3763157894737
2332-EFBJY,Male,No,No,No,16,Yes,No,No,No internet service,No internet service,No internet service,No internet service,No internet service,No internet service,Month-to-month,Yes,Mailed check,19.7,342.4,Yes,12-23,No,Yes,No,No,0,21.4
7228-PAQPD,Female,No,No,No,14,Yes,No,DSL,No,No,No,Yes,No,Yes,One year,No,Credit card (automatic),59.1,772.85,No,12-23,No,No,No,No,3,55.20357142857143
4373-MAVJG,Female,No,Yes,Yes,14,Yes,Yes,Fiber optic,No,Yes,No,No,No,Yes,Month-to-month,Yes,Bank transfer (automatic),90.9,1259.0,Yes,12-23,No,Yes,No,Yes,3,89.92857142857143
0536-BGFMZ,Female,No,Yes,No,28,Yes,No,No,No internet service,No internet service,No internet service,No internet service,No internet service,No internet service,Month-to-month,No,Mailed check,20.5,563.05,No,24-35,No,Yes,No,No,0,20.10892857142857
8266-VBFQL,Male,No,No,No,4,Yes,No,Fiber optic,No,No,Yes,Yes,No,Yes,Month-to-month,Yes,Electronic check,90.4,356.65,No,0-5,No,Yes,Yes,Yes,2,89.1625
1172-VIYBP,Male,No,Yes,Yes,53,Yes,Yes,DSL,Yes,Yes,No,No,No,Yes,Two year,No,Bank transfer (automatic),69.7,3686.05,No,48-59,No,No,No,No,2,69.54811320754717
7542-CYDDM,Male,No,No,No,18,Yes,No,No,No internet service,No internet service,No internet service,No internet service,No internet service,No internet service,Month-to-month,No,Mailed check,20.05,358.5,No,12-23,No,Yes,No,No,0,19.916666666666668
8444-WRIDW,Female,Yes,No,No,66,Yes,Yes,Fiber optic,No,Yes,No,No,No,No,Month-to-month,Yes,Credit card (automatic),80.45,5224.35,Yes,60-72,No,Yes,No,Yes,3,79.15681818181818
6629-LADHQ,Female,No,No,No,2,Yes,No,DSL,Yes,No,No,No,No,No,Month-to-month,No,Mailed check,50.95,123.05,No,0-5,Yes,Yes,No,No,3,61.525
6379-RXJRQ,Male,No,Yes,No,10,Yes,No,Fiber optic,No,No,No,No,No,No,Month-to-month,Yes,Electronic check,70.1,659.65,Yes,6-11,No,Yes,Yes,Yes,4,65.965
4083-EUGRJ,Male,No,No,No,9,Yes,No,No,No internet service,No internet service,No internet service,No internet service,No internet service,No internet service,Month-to-month,No,Mailed check,20.25,178.5,Yes,6-11,No,Yes,No,No,0,19.83333333333333
6323-AYBRX,Male,No,No,No,59,Yes,No,No,No internet service,No internet service,No internet service,No internet service,No internet service,No internet service,Two year,No,Mailed check,19.35,1099.6,Yes,48-59,No,No,No,No,0,18.63728813559322
0479-HMSWA,Female,No,No,Yes,26,Yes,No,Fiber optic,No,Yes,Yes,Yes,Yes,Yes,Two year,Yes,Electronic check,105.45,2715.3,No,24-35,No,No,Yes,Yes,1,104.4346153846154
5707-ORNDZ,Male,Yes,No,No,9,Yes,Yes,DSL,Yes,No,No,No,No,No,Month-to-month,No,Electronic check,54.55,494.05,Yes,6-11,No,Yes,Yes,No,3,54.894444444444446
8562-GHPPI,Female,No,No,No,1,Yes,No,No,No internet service,No internet service,No internet service,No internet service,No internet service,No internet service,Month-to-month,No,Credit card (automatic),19.8,19.8,No,0-5,Yes,Yes,No,No,0,19.8
6035-RIIOM,Female,No,No,No,54,Yes,Yes,Fiber optic,No,Yes,No,No,Yes,Yes,Two year,Yes,Bank transfer (automatic),97.2,5129.45,No,48-59,No,No,No,Yes,3,94.9898148148148
6990-YNRIO,Male,No,Yes,Yes,65,Yes,Yes,Fiber optic,Yes,No,Yes,Yes,Yes,Yes,Two year,No,Bank transfer (automatic),108.65,6937.95,Yes,60-72,No,No,No,Yes,1,106.7376923076923
5602-BVFMK,Female,No,No,No,12,Yes,No,No,No internet service,No internet service,No internet service,No internet service,No internet service,No internet service,One year,No,Mailed check,19.3,228.75,No,12-23,No,No,No,No,0,19.0625
6615-ZGEDR,Male,No,No,No,1,Yes,No,No,No internet service,No internet service,No internet service,No internet service,No internet service,No internet service,Month-to-month,No,Mailed check,19.7,19.7,Yes,0-5,Yes,Yes,No,No,0,19.7
9621-OUPYD,Female,No,Yes,No,25,Yes,No,No,No internet service,No internet service,No internet service,No internet service,No internet service,No internet service,One year,Yes,Bank transfer (automatic),20.2,507.9,No,24-35,No,No,No,No,0,20.316
8374-UULRV,Male,No,No,No,72,Yes,Yes,DSL,Yes,Yes,No,Yes,Yes,Yes,Two year,No,Credit card (automatic),86.05,6309.65,No,60-72,No,No,No,No,1,87.63402777777777
9888-ZCUMM,Male,No,Yes,Yes,64,No,No phone service,DSL,Yes,No,Yes,Yes,Yes,Yes,Two year,Yes,Bank transfer (automatic),60.05,3845.45,No,60-72,No,No,No,No,1,60.08515625
0585-EGDDA,Male,No,Yes,No,40,Yes,No,Fiber optic,No,Yes,Yes,No,No,No,Month-to-month,Yes,Electronic check,80.0,3168.75,No,36-47,No,Yes,Yes,Yes,2,79.21875
6475-VHUIZ,Female,No,Yes,No,23,Yes,No,DSL,No,No,Yes,Yes,No,No,Month-to-month,No,Electronic check,54.25,1221.55,No,12-23,No,Yes,Yes,No,2,53.11086956521739
7649-PHJVR,Male,No,No,No,11,Yes,No,No,No internet service,No internet service,No internet service,No internet service,No internet service,No internet service,One year,No,Mailed check,19.5,226.8,No,6-11,No,No,No,No,0,20.61818181818182
9137-NOQKA,Male,Yes,No,No,2,Yes,No,No,No internet service,No internet service,No internet service,No internet service,No internet service,No internet service,Month-to-month,No,Electronic check,19.2,37.2,No,0-5,Yes,Yes,Yes,No,0,18.6
4933-IKULF,Female,Yes,No,No,17,Yes,No,No,No internet service,No internet service,No internet service,No internet service,No internet service,No internet service,One year,No,Mailed check,20.65,330.6,No,12-23,No,No,No,No,0,19.447058823529414
7956-XQWGU,Male,No,No,No,27,Yes,No,No,No internet service,No internet service,No internet service,No internet service,No internet service,No internet service,Month-to-month,Yes,Credit card (automatic),19.4,460.25,No,24-35,No,Yes,No,No,0,17.046296296296298
1150-WFARN,Female,No,Yes,Yes,67,Yes,Yes,Fiber optic,Yes,No,Yes,Yes,Yes,Yes,Two year,Yes,Credit card (automatic),108.75,7156.2,Yes,60-72,No,No,No,Yes,1,106.8089552238806
0824-VWDPO,Female,No,No,No,45,Yes,Yes,Fiber optic,Yes,Yes,No,No,No,Yes,One year,No,Bank transfer (automatic),96.75,4442.75,No,36-47,No,No,No,Yes,2,98.72777777777776
7047-YXDMZ,Male,No,No,No,21,Yes,No,No,No internet service,No internet service,No internet service,No internet service,No internet service,No internet service,Month-to-month,No,Mailed check,20.0,417.7,No,12-23,No,Yes,No,No,0,19.89047619047619
1090-PYKCI,Female,No,Yes,Yes,69,Yes,Yes,Fiber optic,Yes,Yes,Yes,Yes,Yes,No,One year,Yes,Credit card (automatic),105.1,7234.8,No,60-72,No,No,No,Yes,0,104.85217391304349
6345-HOVES,Male,No,No,No,34,No,No phone service,DSL,No,No,No,No,No,No,Month-to-month,Yes,Bank transfer (automatic),25.05,852.7,No,24-35,No,Yes,No,No,4,25.079411764705885
6979-TNDEU,Female,No,No,No,8,Yes,No,No,No internet service,No internet service,No internet service,No internet service,No internet service,No internet service,Month-to-month,No,Mailed check,19.2,156.85,No,6-11,No,Yes,No,No,0,19.60625
2378-VTKDH,Male,Yes,Yes,No,65,Yes,Yes,Fiber optic,No,Yes,Yes,No,Yes,Yes,Month-to-month,Yes,Electronic check,104.35,6578.55,No,60-72,No,Yes,Yes,Yes,2,101.20846153846152
4389-UEFCZ,Female,No,Yes,No,72,Yes,Yes,Fiber optic,Yes,No,Yes,No,Yes,Yes,Two year,Yes,Electronic check,105.5,7544.0,No,60-72,No,No,Yes,Yes,2,104.77777777777776
8000-REIQB,Female,Yes,No,No,1,Yes,No,Fiber optic,No,No,No,No,No,No,Month-to-month,Yes,Electronic check,69.95,69.95,Yes,0-5,Yes,Yes,Yes,Yes,4,69.95
4361-JEIVL,Male,No,No,Yes,1,Yes,No,DSL,No,No,No,No,No,No,Month-to-month,Yes,Electronic check,44.4,44.4,Yes,0-5,Yes,Yes,Yes,No,4,44.4
6674-KVJHG,Female,No,No,No,11,Yes,Yes,No,No internet service,No internet service,No internet service,No internet service,No internet service,No internet service,One year,No,Electronic check,25.2,245.15,No,6-11,No,No,Yes,No,0,22.286363636363635
9574-RKJIF,Male,No,Yes,Yes,30,Yes,Yes,Fiber optic,Yes,Yes,No,No,Yes,No,Month-to-month,Yes,Electronic check,94.4,2838.7,Yes,24-35,No,Yes,Yes,Yes,2,94.62333333333332
4628-WQCQQ,Male,No,No,Yes,35,Yes,No,Fiber optic,No,No,Yes,No,Yes,No,One year,Yes,Electronic check,85.15,3030.6,Yes,24-35,No,No,Yes,Yes,3,86.58857142857143
3955-JBZZM,Male,No,No,No,20,Yes,No,Fiber optic,No,No,No,No,Yes,No,Month-to-month,No,Electronic check,78.8,1641.3,No,12-23,No,Yes,Yes,Yes,4,82.065
4872-VXRIL,Male,No,No,No,56,Yes,Yes,DSL,Yes,Yes,No,Yes,No,No,One year,Yes,Bank transfer (automatic),64.65,3665.55,No,48-59,No,No,No,No,1,65.45625
1229-RCALF,Female,No,Yes,No,64,Yes,Yes,Fiber optic,Yes,Yes,Yes,Yes,Yes,Yes,One year,Yes,Electronic check,115.0,7396.15,No,60-72,No,No,Yes,Yes,0,115.56484375
6377-KSLXC,Male,No,No,No,5,Yes,No,No,No internet service,No internet service,No internet service,No internet service,No internet service,No internet service,Month-to-month,No,Mailed check,19.95,107.05,No,0-5,No,Yes,No,No,0,21.41
4745-LSPLO,Male,No,No,No,1,Yes,No,No,No internet service,No internet service,No internet service,No internet service,No internet service,No internet service,Month-to-month,No,Mailed check,20.5,20.5,Yes,0-5,Yes,Yes,No,No,0,20.5
7740-KKCXF,Male,No,Yes,No,51,No,No phone service,DSL,No,Yes,No,No,No,No,Month-to-month,Yes,Credit card (automatic),30.05,1529.45,No,48-59,No,Yes,No,No,3,29.98921568627451
7971-HLVXI,Male,No,Yes,Yes,72,Yes,Yes,Fiber optic,No,No,No,No,No,Yes,Two year,Yes,Credit card (automatic),84.5,6130.85,No,60-72,No,No,No,Yes,4,85.15069444444445
7398-SKNQZ,Female,No,Yes,No,3,Yes,Yes,Fiber optic,No,No,No,No,Yes,Yes,Month-to-month,No,Electronic check,94.9,273.2,No,0-5,Yes,Yes,Yes,Yes,4,91.06666666666666
0027-KWYKW,Female,No,Yes,Yes,23,Yes,Yes,Fiber optic,No,No,No,No,Yes,No,Month-to-month,Yes,Electronic check,83.75,1849.95,No,12-23,No,Yes,Yes,Yes,4,80.43260869565218
3640-PHQXK,Female,No,No,No,31,Yes,Yes,Fiber optic,No,No,Yes,No,No,Yes,Month-to-month,Yes,Electronic check,89.9,2806.9,Yes,24-35,No,Yes,Yes,Yes,3,90.54516129032258
8883-ANODQ,Female,No,Yes,Yes,68,Yes,Yes,Fiber optic,No,Yes,Yes,No,No,No,Two year,Yes,Credit card (automatic),84.4,5746.75,No,60-72,No,No,No,Yes,2,84.51102941176471
0867-MKZVY,Female,No,Yes,No,20,Yes,Yes,Fiber optic,Yes,No,No,No,No,No,Month-to-month,No,Electronic check,82.4,1592.35,Yes,12-23,No,Yes,Yes,Yes,3,79.61749999999999
9626-WEQRM,Female,No,No,No,4,No,No phone service,DSL,Yes,No,No,No,No,No,Month-to-month,Yes,Mailed check,29.15,110.05,No,0-5,No,Yes,No,No,3,27.5125
6551-ZCOTS,Male,Yes,No,No,33,Yes,Yes,No,No internet service,No internet service,No internet service,No internet service,No internet service,No internet service,One year,Yes,Bank transfer (automatic),24.9,847.8,No,24-35,No,No,No,No,0,25.690909090909088
9290-SHCMB,Female,Yes,No,No,13,Yes,No,Fiber optic,No,No,Yes,No,Yes,Yes,Month-to-month,Yes,Electronic check,96.85,1235.55,No,12-23,No,Yes,Yes,Yes,3,95.04230769230767
3967-KXAPS,Male,No,Yes,No,72,Yes,Yes,DSL,Yes,Yes,Yes,Yes,Yes,Yes,Two year,No,Credit card (automatic),92.3,6719.9,No,60-72,No,No,No,No,0,93.33194444444445
8540-ZQGEA,Female,No,Yes,No,54,Yes,No,No,No internet service,No internet service,No internet service,No internet service,No internet service,No internet service,Two year,No,Credit card (automatic),20.05,1102.4,No,48-59,No,No,No,No,0,20.414814814814815
8065-BVEPF,Male,Yes,No,No,65,Yes,No,Fiber optic,No,Yes,Yes,No,Yes,Yes,Month-to-month,Yes,Bank transfer (automatic),99.1,6496.15,No,60-72,No,Yes,No,Yes,2,99.94076923076922
6023-GSSXW,Female,No,Yes,No,69,Yes,No,DSL,No,Yes,No,No,No,Yes,Two year,Yes,Credit card (automatic),61.45,4131.2,No,60-72,No,No,No,No,3,59.87246376811594
5386-THSLQ,Female,Yes,Yes,No,66,No,No phone service,DSL,No,Yes,Yes,No,Yes,No,One year,No,Bank transfer (automatic),45.55,3027.25,No,60-72,No,No,No,No,2,45.86742424242424
5167-GBFRE,Male,Yes,No,No,4,No,No phone service,DSL,No,No,No,No,No,No,Month-to-month,Yes,Bank transfer (automatic),25.2,102.5,Yes,0-5,No,Yes,No,No,4,25.625
9786-YWNHU,Female,No,Yes,Yes,63,Yes,No,DSL,Yes,Yes,Yes,Yes,No,No,Two year,No,Mailed check,63.55,4014.2,No,60-72,No,No,No,No,0,63.71746031746032
4024-CSNBY,Female,No,Yes,No,72,Yes,Yes,Fiber optic,Yes,Yes,Yes,Yes,No,No,Two year,Yes,Bank transfer (automatic),94.25,6849.75,No,60-72,No,No,No,Yes,0,95.13541666666669
3950-VPYJB,Male,No,Yes,Yes,57,Yes,No,DSL,Yes,Yes,No,Yes,No,No,One year,No,Mailed check,59.6,3509.4,No,48-59,No,No,No,No,1,61.56842105263158
8265-HKSOW,Female,No,Yes,Yes,72,Yes,Yes,Fiber optic,Yes,Yes,Yes,Yes,No,Yes,Two year,No,Credit card (automatic),107.45,7658.3,No,60-72,No,No,No,Yes,0,106.36527777777778
8818-XYFCQ,Male,No,Yes,Yes,32,Yes,Yes,Fiber optic,Yes,No,No,No,Yes,Yes,Month-to-month,Yes,Credit card (automatic),99.55,3204.65,Yes,24-35,No,Yes,No,Yes,3,100.1453125
2120-SMPEX,Male,No,No,No,25,Yes,No,No,No internet service,No internet service,No internet service,No internet service,No internet service,No internet service,Month-to-month,Yes,Mailed check,20.15,536.35,No,24-35,No,Yes,No,No,0,21.454
5440-FLBQG,Male,Yes,Yes,No,69,Yes,Yes,Fiber optic,No,Yes,Yes,Yes,Yes,Yes,Two year,Yes,Bank transfer (automatic),108.4,7318.2,Yes,60-72,No,No,No,Yes,1,106.0608695652174
0623-IIHUG,Female,Yes,No,No,21,No,No phone service,DSL,Yes,No,No,No,Yes,No,Month-to-month,Yes,Electronic check,41.9,840.1,Yes,12-23,No,Yes,Yes,No,3,40.00476190476191
3090-LETTY,Male,No,No,Yes,2,Yes,Yes,DSL,Yes,Yes,No,No,No,No,Month-to-month,No,Bank transfer (automatic),60.95,134.6,No,0-5,Yes,Yes,No,No,2,67.3
8221-EQDGL,Male,No,Yes,No,35,Yes,No,DSL,Yes,Yes,Yes,No,No,No,Month-to-month,No,Mailed check,61.0,2130.45,No,24-35,No,Yes,No,No,1,60.87
2535-PBCGC,Female,No,Yes,No,70,No,No phone service,DSL,Yes,Yes,Yes,Yes,Yes,Yes,Two year,No,Bank transfer (automatic),64.55,4504.9,No,60-72,No,No,No,No,0,64.35571428571428
0793-TWELN,Female,No,No,No,4,Yes,Yes,Fiber optic,Yes,No,No,No,No,No,Month-to-month,Yes,Electronic check,80.15,319.85,No,0-5,No,Yes,Yes,Yes,3,79.9625
8417-FMLZI,Male,No,Yes,Yes,6,Yes,No,Fiber optic,No,Yes,No,No,No,Yes,Month-to-month,Yes,Credit card (automatic),83.55,477.55,Yes,6-11,No,Yes,No,Yes,3,79.59166666666667
5309-TAIKL,Female,No,No,No,7,Yes,No,DSL,No,No,Yes,Yes,No,Yes,Month-to-month,No,Bank transfer (automatic),62.8,418.3,No,6-11,No,Yes,No,No,2,59.75714285714286
3873-WOSBC,Male,No,Yes,No,67,Yes,Yes,No,No internet service,No internet service,No internet service,No internet service,No internet service,No internet service,Two year,No,Credit card (automatic),25.6,1784.9,No,60-72,No,No,No,No,0,26.64029850746269
9631-RXVJM,Male,No,No,No,35,Yes,No,No,No internet service,No internet service,No internet service,No internet service,No internet service,No internet service,Two year,No,Mailed check,19.25,677.9,No,24-35,No,No,No,No,0,19.36857142857143
6158-DWPZT,Male,No,Yes,No,9,No,No phone service,DSL,No,No,No,No,No,No,One year,No,Bank transfer (automatic),24.1,259.8,Yes,6-11,No,No,No,No,4,28.866666666666667
2007-QVGAW,Female,No,Yes,Yes,68,Yes,No,No,No internet service,No internet service,No internet service,No internet service,No internet service,No internet service,Two year,Yes,Bank transfer (automatic),19.35,1292.65,No,60-72,No,No,No,No,0,19.009558823529414
7860-UXCRM,Male,No,Yes,Yes,63,Yes,No,DSL,Yes,Yes,Yes,Yes,Yes,No,Two year,No,Credit card (automatic),74.5,4674.55,No,60-72,No,No,No,No,0,74.19920634920635
3096-YXENJ,Female,No,Yes,No,65,Yes,Yes,Fiber optic,No,Yes,Yes,Yes,Yes,Yes,Two year,Yes,Bank transfer (automatic),107.65,7082.85,No,60-72,No,No,No,Yes,1,108.96692307692308
4360-QRAVE,Male,Yes,No,No,37,No,No phone service,DSL,No,Yes,Yes,No,No,No,Month-to-month,No,Electronic check,36.65,1315.0,No,36-47,No,Yes,Yes,No,2,35.54054054054054
0943-ZQPXH,Male,No,Yes,Yes,44,Yes,No,Fiber optic,No,No,Yes,No,Yes,Yes,Month-to-month,Yes,Bank transfer (automatic),92.95,4122.9,No,36-47,No,Yes,No,Yes,3,93.70227272727271
8605-ITULD,Female,No,No,No,1,Yes,No,No,No internet service,No internet service,No internet service,No internet service,No internet service,No internet service,Month-to-month,No,Mailed check,19.55,19.55,No,0-5,Yes,Yes,No,No,0,19.55
6439-LAJXL,Male,No,Yes,No,9,Yes,No,DSL,Yes,Yes,No,Yes,Yes,No,Month-to-month,Yes,Mailed check,68.95,593.85,No,6-11,No,Yes,No,No,1,65.98333333333333
4135-FRWKJ,Female,Yes,Yes,Yes,55,Yes,Yes,DSL,Yes,No,Yes,Yes,Yes,No,One year,No,Electronic check,76.25,4154.55,No,48-59,No,No,Yes,No,1,75.53727272727274
0023-HGHWL,Male,Yes,No,No,1,No,No phone service,DSL,No,No,No,No,No,No,Month-to-month,Yes,Electronic check,25.1,25.1,Yes,0-5,Yes,Yes,Yes,No,4,25.1
3583-EKAPL,Male,No,No,No,1,Yes,No,DSL,No,No,No,No,No,Yes,Month-to-month,Yes,Electronic check,55.0,55.0,Yes,0-5,Yes,Yes,Yes,No,4,55.0
0308-GIQJT,Male,Yes,No,No,71,Yes,Yes,Fiber optic,No,Yes,No,Yes,Yes,Yes,One year,No,Bank transfer (automatic),105.75,7382.85,No,60-72,No,No,No,Yes,2,103.98380281690142
7325-ENZFI,Female,No,No,No,39,No,No phone service,DSL,Yes,Yes,No,Yes,No,No,One year,Yes,Bank transfer (automatic),40.3,1630.4,No,36-47,No,No,No,No,1,41.805128205128206
8945-MUQUF,Male,No,No,No,51,Yes,Yes,Fiber optic,Yes,Yes,No,No,Yes,No,One year,Yes,Electronic check,94.8,4837.6,Yes,48-59,No,No,Yes,Yes,2,94.85490196078432
9803-FTJCG,Male,No,Yes,Yes,71,Yes,Yes,DSL,Yes,Yes,No,Yes,No,No,One year,Yes,Credit card (automatic),66.85,4748.7,No,60-72,No,No,No,No,1,66.8830985915493
1488-SYSFC,Male,No,Yes,Yes,31,Yes,No,No,No internet service,No internet service,No internet service,No internet service,No internet service,No internet service,Month-to-month,Yes,Electronic check,20.65,702.05,No,24-35,No,Yes,Yes,No,0,22.646774193548385
2359-KLTEK,Female,No,Yes,Yes,41,Yes,No,Fiber optic,No,No,Yes,No,Yes,Yes,Month-to-month,Yes,Bank transfer (automatic),94.9,3848.0,No,36-47,No,Yes,No,Yes,3,93.85365853658536
3627-FCRDW,Female,No,No,No,9,Yes,No,Fiber optic,No,No,No,No,No,No,Month-to-month,No,Electronic check,71.0,672.55,Yes,6-11,No,Yes,Yes,Yes,4,74.72777777777777
0687-ZVTHB,Male,No,Yes,Yes,65,Yes,Yes,DSL,Yes,Yes,Yes,No,No,Yes,One year,No,Credit card (automatic),72.45,4653.85,Yes,60-72,No,No,No,No,1,71.59769230769231
4919-IKATY,Male,No,Yes,Yes,5,Yes,Yes,Fiber optic,Yes,No,Yes,No,No,No,Month-to-month,Yes,Electronic check,84.5,453.75,Yes,0-5,No,Yes,Yes,Yes,2,90.75
1725-MIMXW,Male,No,No,Yes,1,Yes,No,No,No internet service,No internet service,No internet service,No internet service,No internet service,No internet service,Month-to-month,Yes,Mailed check,19.45,19.45,Yes,0-5,Yes,Yes,No,No,0,19.45
5183-KLYEM,Female,No,No,No,72,Yes,Yes,Fiber optic,Yes,Yes,Yes,Yes,Yes,Yes,Two year,Yes,Credit card (automatic),112.75,8192.6,No,60-72,No,No,No,Yes,0,113.78611111111113
5949-XIKAE,Female,No,Yes,Yes,8,Yes,No,Fiber optic,No,Yes,No,No,Yes,No,Month-to-month,Yes,Electronic check,83.55,680.05,Yes,6-11,No,Yes,Yes,Yes,3,85.00625
0742-NXBGR,Female,No,No,No,1,Yes,No,Fiber optic,No,Yes,Yes,No,No,No,Month-to-month,Yes,Electronic check,82.3,82.3,Yes,0-5,Yes,Yes,Yes,Yes,2,82.3
5493-SDRDQ,Male,No,No,No,2,Yes,No,DSL,Yes,No,Yes,No,No,No,Month-to-month,Yes,Mailed check,55.1,113.35,Yes,0-5,Yes,Yes,No,No,2,56.675
9814-AOUDH,Male,No,No,No,53,Yes,No,No,No internet service,No internet service,No internet service,No internet service,No internet service,No internet service,Two year,No,Credit card (automatic),19.5,1050.5,No,48-59,No,No,No,No,0,19.82075471698113
8752-GHJFU,Male,Yes,Yes,No,71,Yes,Yes,Fiber optic,Yes,Yes,Yes,Yes,No,No,One year,Yes,Electronic check,92.0,6585.2,No,60-72,No,No,Yes,Yes,0,92.74929577464788
7647-GYYKX,Female,No,Yes,Yes,54,Yes,No,No,No internet service,No internet service,No internet service,No internet service,No internet service,No internet service,Two year,Yes,Bank transfer (automatic),20.35,1092.35,No,48-59,No,No,No,No,0,20.2287037037037
4821-WQOYN,Female,No,Yes,Yes,72,Yes,No,No,No internet service,No internet service,No internet service,No internet service,No internet service,No internet service,Two year,Yes,Credit card (automatic),20.1,1326.25,No,60-72,No,No,No,No,0,18.42013888888889
4021-RQSNY,Male,Yes,Yes,No,29,Yes,Yes,Fiber optic,No,No,Yes,No,Yes,Yes,Month-to-month,Yes,Electronic check,98.5,3004.15,Yes,24-35,No,Yes,Yes,Yes,3,103.59137931034483
2684-EIWEO,Female,Yes,No,No,30,Yes,Yes,Fiber optic,Yes,Yes,Yes,No,No,No,Month-to-month,No,Credit card (automatic),91.7,2758.15,Yes,24-35,No,Yes,No,Yes,1,91.93833333333332
1215-EXRMO,Male,No,Yes,No,50,Yes,No,No,No internet service,No internet service,No internet service,No internet service,No internet service,No internet service,Two year,No,Mailed check,20.55,1067.65,No,48-59,No,No,No,No,0,21.353
3254-YRILK,Male,Yes,No,No,19,Yes,Yes,Fiber optic,No,Yes,No,No,Yes,No,Month-to-month,Yes,Electronic check,88.2,1775.8,Yes,12-23,No,Yes,Yes,Yes,3,93.46315789473684
7613-LLQFO,Male,No,No,No,12,Yes,Yes,Fiber optic,No,No,No,No,Yes,No,Month-to-month,Yes,Electronic check,84.45,1059.55,Yes,12-23,No,Yes,Yes,Yes,4,88.29583333333333
4824-GUCBY,Female,Yes,No,No,22,Yes,No,Fiber optic,Yes,Yes,No,No,No,No,Month-to-month,No,Electronic check,81.7,1820.9,No,12-23,No,Yes,Yes,Yes,2,82.76818181818182
3258-ZKPAI,Male,No,Yes,Yes,72,Yes,Yes,Fiber optic,Yes,Yes,Yes,Yes,Yes,Yes,Two year,Yes,Bank transfer (automatic),116.6,8337.45,No,60-72,No,No,No,Yes,0,115.79791666666668
0781-LKXBR,Male,Yes,No,No,9,Yes,Yes,Fiber optic,No,No,Yes,No,Yes,Yes,Month-to-month,Yes,Electronic check,100.5,918.6,Yes,6-11,No,Yes,Yes,Yes,3,102.06666666666666
2275-RBYQS,Female,No,No,No,1,Yes,No,DSL,No,No,No,No,No,No,Month-to-month,Yes,Mailed check,45.4,45.4,No,0-5,Yes,Yes,No,No,4,45.4
2810-FTLEM,Female,No,No,No,16,Yes,No,DSL,Yes,No,No,No,No,No,Month-to-month,Yes,Electronic check,50.15,762.25,Yes,12-23,No,Yes,Yes,No,3,47.640625
5879-SESNB,Female,No,No,No,11,Yes,Yes,Fiber optic,No,No,No,No,No,No,Month-to-month,No,Electronic check,75.25,888.65,No,6-11,No,Yes,Yes,Yes,4,80.78636363636363
5550-VFRLC,Female,Yes,No,No,1,Yes,No,Fiber optic,No,No,No,No,No,No,Month-to-month,Yes,Electronic check,69.85,69.85,Yes,0-5,Yes,Yes,Yes,Yes,4,69.85
1834-ABKHQ,Female,No,Yes,Yes,52,Yes,No,DSL,No,No,Yes,No,No,No,One year,Yes,Bank transfer (automatic),50.95,2610.65,No,48-59,No,No,No,No,3,50.204807692307696
3629-ZNKXA,Male,Yes,No,No,17,Yes,No,Fiber optic,No,Yes,Yes,No,Yes,Yes,Month-to-month,Yes,Electronic check,101.8,1752.45,No,12-23,No,Yes,Yes,Yes,2,103.08529411764708
0117-LFRMW,Male,No,Yes,Yes,37,No,No phone service,DSL,Yes,Yes,Yes,No,No,No,Month-to-month,No,Bank transfer (automatic),40.2,1448.8,Yes,36-47,No,Yes,No,No,1,39.15675675675676
5669-SRAIP,Female,No,No,No,5,No,No phone service,DSL,No,No,Yes,No,No,Yes,Month-to-month,No,Electronic check,39.5,210.75,Yes,0-5,No,Yes,Yes,No,3,42.15
9840-EFJQB,Female,No,No,No,1,Yes,No,Fiber optic,No,Yes,No,No,No,No,Month-to-month,No,Electronic check,74.35,74.35,No,0-5,Yes,Yes,Yes,Yes,3,74.35
9158-VCTQB,Female,No,Yes,No,41,Yes,Yes,Fiber optic,Yes,Yes,Yes,Yes,Yes,Yes,Month-to-month,Yes,Bank transfer (automatic),113.6,4594.95,Yes,36-47,No,Yes,No,Yes,0,112.0719512195122
3594-IVHJZ,Female,No,No,No,2,Yes,No,No,No internet service,No internet service,No internet service,No internet service,No internet service,No internet service,Month-to-month,Yes,Mailed check,20.45,42.45,No,0-5,Yes,Yes,No,No,0,21.225
7684-XSZIY,Male,No,Yes,Yes,72,Yes,Yes,No,No internet service,No internet service,No internet service,No internet service,No internet service,No internet service,Two year,No,Bank transfer (automatic),24.3,1643.25,No,60-72,No,No,No,No,0,22.822916666666668
2657-ALMWY,Female,Yes,Yes,No,26,Yes,No,Fiber optic,No,Yes,No,No,No,Yes,Month-to-month,No,Electronic check,84.95,2169.75,Yes,24-35,No,Yes,Yes,Yes,3,83.45192307692308
5747-PMBSQ,Male,Yes,Yes,No,10,Yes,No,Fiber optic,No,Yes,Yes,Yes,Yes,No,Month-to-month,Yes,Mailed check,92.5,934.1,Yes,6-11,No,Yes,No,Yes,1,93.41
6618-RYATB,Female,No,No,No,1,Yes,Yes,Fiber optic,No,No,Yes,No,No,No,Month-to-month,Yes,Mailed check,79.55,79.55,Yes,0-5,Yes,Yes,No,Yes,3,79.55
9501-UKKNL,Male,No,No,No,59,No,No phone service,DSL,No,No,No,Yes,Yes,Yes,Month-to-month,Yes,Electronic check,51.7,3005.8,No,48-59,No,Yes,Yes,No,3,50.94576271186441
6959-GQEGV,Male,No,No,No,45,Yes,No,DSL,Yes,No,Yes,No,Yes,Yes,Month-to-month,Yes,Electronic check,75.95,3273.8,No,36-47,No,Yes,Yes,No,2,72.75111111111111
4086-YQSNZ,Female,Yes,Yes,No,3,Yes,No,Fiber optic,No,No,No,No,Yes,No,Month-to-month,Yes,Electronic check,80.4,224.05,Yes,0-5,Yes,Yes,Yes,Yes,4,74.68333333333334
9863-JZAIC,Male,No,No,No,35,Yes,No,DSL,No,No,No,No,Yes,No,Month-to-month,No,Mailed check,55.0,2010.55,Yes,24-35,No,Yes,No,No,4,57.44428571428571
6017-PPLPX,Male,No,Yes,Yes,20,Yes,No,Fiber optic,No,No,No,No,No,No,Month-to-month,Yes,Electronic check,70.45,1470.95,Yes,12-23,No,Yes,Yes,Yes,4,73.5475
9588-YRFHY,Male,No,No,No,49,Yes,No,No,No internet service,No internet service,No internet service,No internet service,No internet service,No internet service,Two year,Yes,Credit card (automatic),19.9,1022.6,No,48-59,No,No,No,No,0,20.869387755102043
1833-VGRUM,Female,Yes,No,No,1,Yes,Yes,Fiber optic,No,No,No,No,No,No,Month-to-month,Yes,Electronic check,74.2,74.2,Yes,0-5,Yes,Yes,Yes,Yes,4,74.2
5130-YPIRV,Female,No,Yes,No,62,Yes,No,DSL,Yes,Yes,Yes,No,Yes,No,Two year,Yes,Credit card (automatic),72.0,4284.2,No,60-72,No,No,No,No,1,69.1
7029-IJEJK,Female,No,No,No,54,No,No phone service,DSL,Yes,No,No,Yes,No,Yes,One year,No,Bank transfer (automatic),44.1,2369.7,No,48-59,No,No,No,No,2,43.88333333333333
5351-QESIO,Male,No,No,Yes,1,No,No phone service,DSL,No,No,No,No,No,No,Month-to-month,No,Mailed check,24.2,24.2,No,0-5,Yes,Yes,No,No,4,24.2
3097-NNSPB,Female,No,No,No,2,Yes,No,DSL,No,Yes,No,No,No,No,Month-to-month,Yes,Credit card (automatic),49.05,91.1,Yes,0-5,Yes,Yes,No,No,3,45.55
3810-DVDQQ,Female,No,Yes,Yes,72,Yes,Yes,Fiber optic,Yes,Yes,Yes,Yes,Yes,Yes,Two year,Yes,Bank transfer (automatic),117.6,8308.9,No,60-72,No,No,No,Yes,0,115.40138888888887
7748-UMTRK,Female,Yes,No,Yes,30,Yes,Yes,Fiber optic,No,No,No,Yes,Yes,Yes,Month-to-month,Yes,Electronic check,101.3,2974.5,No,24-35,No,Yes,Yes,Yes,3,99.15
3196-NVXLZ,Female,No,No,No,25,Yes,Yes,Fiber optic,No,No,No,No,Yes,No,Month-to-month,Yes,Mailed check,84.6,2088.05,No,24-35,No,Yes,No,Yes,4,83.522
3992-YWPKO,Female,No,No,No,6,Yes,Yes,Fiber optic,No,Yes,Yes,Yes,Yes,Yes,Month-to-month,Yes,Credit card (automatic),109.9,669.45,Yes,6-11,No,Yes,No,Yes,1,111.575
6804-GDMOI,Female,No,No,No,61,Yes,Yes,Fiber optic,No,No,Yes,Yes,Yes,Yes,Two year,Yes,Electronic check,106.6,6428.4,Yes,60-72,No,No,Yes,Yes,2,105.38360655737704
8292-TYSPY,Male,No,No,No,19,Yes,No,DSL,No,No,Yes,Yes,No,No,Month-to-month,Yes,Credit card (automatic),55.0,1046.5,Yes,12-23,No,Yes,No,No,2,55.078947368421055
0898-XCGTF,Male,No,Yes,No,61,Yes,Yes,Fiber optic,No,No,No,No,Yes,Yes,One year,Yes,Bank transfer (automatic),96.5,5673.7,No,60-72,No,No,No,Yes,4,93.01147540983608
1941-HOSAM,Male,No,Yes,Yes,1,Yes,No,Fiber optic,No,No,No,No,Yes,Yes,Month-to-month,Yes,Electronic check,90.1,90.1,No,0-5,Yes,Yes,Yes,Yes,4,90.1
9026-RNUJS,Male,Yes,No,No,5,Yes,No,DSL,No,No,Yes,No,No,No,Month-to-month,No,Electronic check,50.35,237.25,Yes,0-5,No,Yes,Yes,No,3,47.45
6734-PSBAW,Male,No,Yes,No,72,Yes,Yes,No,No internet service,No internet service,No internet service,No internet service,No internet service,No internet service,Two year,Yes,Bank transfer (automatic),23.55,1723.95,No,60-72,No,No,No,No,0,23.94375
3370-GQEAL,Male,No,Yes,Yes,30,Yes,Yes,Fiber optic,No,No,No,No,Yes,No,Month-to-month,No,Electronic check,85.45,2509.95,No,24-35,No,Yes,Yes,Yes,4,83.66499999999999
2908-WGAXL,Female,No,Yes,Yes,56,Yes,Yes,No,No internet service,No internet service,No internet service,No internet service,No internet service,No internet service,Two year,Yes,Credit card (automatic),24.95,1468.9,No,48-59,No,No,No,No,0,26.230357142857144
9481-IEBZY,Male,Yes,Yes,No,72,Yes,Yes,Fiber optic,Yes,Yes,Yes,Yes,Yes,Yes,Month-to-month,Yes,Credit card (automatic),112.9,8061.5,No,60-72,No,Yes,No,Yes,0,111.96527777777776
6032-IGALN,Female,No,No,No,1,No,No phone service,DSL,No,No,No,No,No,No,Month-to-month,Yes,Mailed check,25.1,25.1,Yes,0-5,Yes,Yes,No,No,4,25.1
7181-OQCUT,Male,No,No,No,21,Yes,Yes,Fiber optic,Yes,No,Yes,No,Yes,Yes,Month-to-month,No,Mailed check,103.85,2215.0,No,12-23,No,Yes,No,Yes,2,105.47619047619048
1349-WXNGG,Male,No,No,No,1,Yes,No,No,No internet service,No internet service,No internet service,No internet service,No internet service,No internet service,Month-to-month,No,Bank transfer (automatic),20.05,20.05,Yes,0-5,Yes,Yes,No,No,0,20.05
3234-VKACU,Male,No,No,No,2,Yes,No,DSL,No,No,No,Yes,Yes,Yes,Month-to-month,No,Electronic check,70.3,132.4,No,0-5,Yes,Yes,Yes,No,3,66.2
5639-NTUPK,Male,No,No,Yes,13,Yes,No,DSL,Yes,No,No,No,No,No,Month-to-month,Yes,Credit card (automatic),52.1,670.65,No,12-23,No,Yes,No,No,3,51.58846153846154
1303-SRDOK,Female,No,Yes,Yes,55,Yes,No,Fiber optic,No,No,No,No,No,No,Two year,Yes,Credit card (automatic),69.05,3842.6,No,48-59,No,No,No,Yes,4,69.86545454545454
6908-VVYHM,Male,No,Yes,No,65,Yes,Yes,Fiber optic,No,Yes,No,No,No,Yes,Month-to-month,Yes,Electronic check,90.65,5931.0,No,60-72,No,Yes,Yes,Yes,3,91.24615384615385
2342-CKIAO,Female,No,No,No,2,Yes,No,No,No internet service,No internet service,No internet service,No internet service,No internet service,No internet service,Month-to-month,No,Mailed check,20.3,41.2,No,0-5,Yes,Yes,No,No,0,20.6
4360-PNRQB,Male,No,No,No,18,Yes,Yes,Fiber optic,No,No,No,No,No,No,Month-to-month,Yes,Bank transfer (automatic),75.6,1395.05,No,12-23,No,Yes,No,Yes,4,77.50277777777778
4657-FWVFY,Female,No,Yes,Yes,40,Yes,Yes,Fiber optic,No,Yes,Yes,No,Yes,No,Month-to-month,Yes,Credit card (automatic),96.35,3915.4,No,36-47,No,Yes,No,Yes,2,97.885
2193-SFWQW,Male,No,Yes,Yes,72,Yes,No,Fiber optic,Yes,Yes,Yes,Yes,Yes,Yes,Two year,No,Bank transfer (automatic),111.95,8033.1,No,60-72,No,No,No,Yes,0,111.57083333333334
8465-SBRXP,Male,No,Yes,Yes,38,Yes,Yes,Fiber optic,No,No,Yes,Yes,Yes,No,Two year,Yes,Bank transfer (automatic),94.9,3616.25,No,36-47,No,No,No,Yes,2,95.16447368421052
2065-MMKGR,Female,No,No,No,29,Yes,Yes,DSL,No,No,No,No,Yes,Yes,One year,Yes,Credit card (automatic),71.0,2080.1,No,24-35,No,No,No,No,4,71.72758620689655
4075-WKNIU,Female,No,Yes,Yes,0,Yes,Yes,DSL,No,Yes,Yes,Yes,Yes,No,Two year,No,Mailed check,73.35,0.0,No,0-5,Yes,No,No,No,1,0.0
3320-VEOYC,Male,Yes,No,No,14,Yes,Yes,Fiber optic,No,No,No,No,Yes,Yes,Month-to-month,Yes,Electronic check,95.6,1273.3,No,12-23,No,Yes,Yes,Yes,4,90.95
9874-QLCLH,Female,No,Yes,Yes,17,Yes,Yes,Fiber optic,Yes,No,Yes,No,Yes,Yes,Month-to-month,Yes,Electronic check,104.2,1743.5,Yes,12-23,No,Yes,Yes,Yes,2,102.55882352941175
8065-QBYTO,Female,Yes,No,No,71,Yes,Yes,Fiber optic,Yes,Yes,No,Yes,Yes,No,One year,Yes,Credit card (automatic),99.65,7181.25,No,60-72,No,No,No,Yes,1,101.1443661971831
3097-NQYSN,Male,Yes,Yes,No,2,Yes,Yes,Fiber optic,No,No,No,No,Yes,No,Month-to-month,Yes,Mailed check,86.85,156.35,Yes,0-5,Yes,Yes,No,Yes,4,78.175
2988-PLAHS,Female,No,No,No,3,Yes,No,DSL,No,No,Yes,No,Yes,Yes,One year,Yes,Electronic check,69.95,220.45,No,0-5,Yes,No,Yes,No,3,73.48333333333333
2506-CLAKW,Female,No,No,No,6,Yes,No,Fiber optic,Yes,Yes,Yes,Yes,No,Yes,Month-to-month,Yes,Bank transfer (automatic),98.15,567.45,Yes,6-11,No,Yes,No,Yes,0,94.575
1685-VAYJF,Male,No,No,No,11,Yes,No,DSL,No,No,No,No,No,No,Month-to-month,No,Credit card (automatic),45.2,492.0,No,6-11,No,Yes,No,No,4,44.72727272727273
5995-LFTLE,Male,No,No,No,58,Yes,Yes,No,No internet service,No internet service,No internet service,No internet service,No internet service,No internet service,Two year,Yes,Credit card (automatic),25.3,1474.35,No,48-59,No,No,No,No,0,25.419827586206896
3810-PJUHR,Male,No,Yes,Yes,70,Yes,Yes,No,No internet service,No internet service,No internet service,No internet service,No internet service,No internet service,Two year,No,Mailed check,25.35,1715.15,No,60-72,No,No,No,No,0,24.502142857142857
4884-LEVMQ,Male,No,Yes,No,39,Yes,No,No,No internet service,No internet service,No internet service,No internet service,No internet service,No internet service,Two year,Yes,Bank transfer (automatic),20.45,790.0,No,36-47,No,No,No,No,0,20.256410256410252
3352-ALMCK,Male,No,No,No,40,Yes,Yes,Fiber optic,No,Yes,Yes,No,Yes,Yes,Month-to-month,Yes,Mailed check,102.65,4108.15,No,36-47,No,Yes,No,Yes,2,102.70375
4629-NRXKX,Female,No,Yes,Yes,2,Yes,No,Fiber optic,No,No,No,No,No,No,Month-to-month,No,Electronic check,70.4,147.15,Yes,0-5,Yes,Yes,Yes,Yes,4,73.575
8058-INTPH,Female,No,No,No,1,Yes,No,Fiber optic,No,No,No,No,Yes,No,Month-to-month,Yes,Electronic check,79.65,79.65,Yes,0-5,Yes,Yes,Yes,Yes,4,79.65
1600-DILPE,Female,No,No,No,12,Yes,No,DSL,No,No,No,No,No,No,Month-to-month,Yes,Bank transfer (automatic),45.0,524.35,No,12-23,No,Yes,No,No,4,43.69583333333333
1685-BQULA,Female,No,No,No,40,Yes,Yes,Fiber optic,No,Yes,Yes,No,Yes,No,Month-to-month,Yes,Bank transfer (automatic),93.4,3756.4,No,36-47,No,Yes,No,Yes,2,93.91
6086-ESGRL,Female,No,No,No,1,Yes,No,Fiber optic,No,No,No,No,No,Yes,Month-to-month,No,Credit card (automatic),80.15,80.15,Yes,0-5,Yes,Yes,No,Yes,4,80.15
9281-PKKZE,Female,No,Yes,No,46,No,No phone service,DSL,No,No,No,No,Yes,Yes,Month-to-month,Yes,Electronic check,43.95,2007.85,No,36-47,No,Yes,Yes,No,4,43.64891304347826
5066-GFJMM,Female,No,Yes,No,3,Yes,No,No,No internet service,No internet service,No internet service,No internet service,No internet service,No internet service,Month-to-month,Yes,Mailed check,19.9,45.75,No,0-5,Yes,Yes,No,No,0,15.25
9470-RTWDV,Male,No,Yes,Yes,26,Yes,Yes,DSL,No,No,Yes,Yes,Yes,Yes,One year,Yes,Credit card (automatic),82.0,2083.1,No,24-35,No,No,No,No,2,80.11923076923077
3057-VJJQE,Male,No,No,No,35,Yes,Yes,DSL,Yes,No,No,No,No,No,Two year,No,Mailed check,55.25,1924.1,No,24-35,No,No,No,No,3,54.97428571428571
2303-PJYHN,Female,No,Yes,No,2,Yes,No,No,No internet service,No internet service,No internet service,No internet service,No internet service,No internet service,Month-to-month,No,Bank transfer (automatic),19.85,52.0,No,0-5,Yes,Yes,No,No,0,26.0
5348-CAGXB,Male,No,No,No,12,Yes,Yes,Fiber optic,No,No,Yes,No,Yes,No,Month-to-month,Yes,Electronic check,89.55,1021.75,No,12-23,No,Yes,Yes,Yes,3,85.14583333333333
7268-WNTCP,Male,No,Yes,Yes,62,Yes,No,No,No internet service,No internet service,No internet service,No internet service,No internet service,No internet service,Two year,No,Bank transfer (automatic),20.45,1297.35,No,60-72,No,No,No,No,0,20.925
8016-NCFVO,Male,Yes,No,No,55,Yes,Yes,Fiber optic,Yes,Yes,Yes,Yes,Yes,Yes,Month-to-month,Yes,Electronic check,116.5,6382.55,No,48-59,No,Yes,Yes,Yes,0,116.04636363636364
3284-SVCRO,Female,No,Yes,No,45,Yes,Yes,No,No internet service,No internet service,No internet service,No internet service,No internet service,No internet service,Two year,No,Mailed check,25.5,1121.05,No,36-47,No,No,No,No,0,24.912222222222223
8510-TMWYB,Female,No,Yes,Yes,54,Yes,Yes,DSL,No,Yes,Yes,No,No,No,Two year,Yes,Bank transfer (automatic),59.8,3246.45,No,48-59,No,No,No,No,2,60.11944444444444
0960-HUWBM,Male,No,Yes,Yes,65,Yes,Yes,Fiber optic,No,No,Yes,Yes,Yes,Yes,Two year,Yes,Bank transfer (automatic),104.1,6700.05,No,60-72,No,No,No,Yes,2,103.07769230769232
7813-TKCVO,Female,No,Yes,No,20,Yes,No,No,No internet service,No internet service,No internet service,No internet service,No internet service,No internet service,One year,No,Mailed check,20.35,393.15,No,12-23,No,No,No,No,0,19.6575
9297-FVVDH,Female,No,Yes,Yes,57,Yes,Yes,DSL,Yes,No,Yes,Yes,Yes,Yes,Two year,Yes,Electronic check,84.5,4845.4,No,48-59,No,No,Yes,No,1,85.00701754385965
5327-CNLUQ,Male,No,Yes,No,48,Yes,Yes,Fiber optic,Yes,Yes,Yes,No,Yes,No,Two year,Yes,Bank transfer (automatic),96.9,4473.45,No,48-59,No,No,No,Yes,1,93.196875
4700-UBQMV,Male,No,Yes,Yes,21,Yes,Yes,DSL,Yes,No,No,No,Yes,Yes,One year,Yes,Bank transfer (automatic),75.9,1549.75,No,12-23,No,No,No,No,3,73.79761904761905
8065-YKXKD,Female,No,No,No,10,Yes,Yes,Fiber optic,No,No,No,No,No,No,Month-to-month,Yes,Electronic check,74.75,799.65,Yes,6-11,No,Yes,Yes,Yes,4,79.965
5716-EZXZN,Female,No,Yes,Yes,65,Yes,Yes,Fiber optic,Yes,Yes,No,Yes,Yes,No,Two year,Yes,Credit card (automatic),99.05,6416.7,No,60-72,No,No,No,Yes,1,98.71846153846154
7138-GIRSH,Male,No,No,No,50,Yes,Yes,DSL,No,No,Yes,Yes,No,Yes,Two year,No,Bank transfer (automatic),69.5,3418.2,No,48-59,No,No,No,No,2,68.36399999999999
2923-ARZLG,Male,No,Yes,Yes,0,Yes,No,No,No internet service,No internet service,No internet service,No internet service,No internet service,No internet service,One year,Yes,Mailed check,19.7,0.0,No,0-5,Yes,No,No,No,0,0.0
3696-DFHHB,Female,No,No,No,68,Yes,Yes,No,No internet service,No internet service,No internet service,No internet service,No internet service,No internet service,Two year,No,Bank transfer (automatic),25.5,1821.8,No,60-72,No,No,No,No,0,26.791176470588237
4476-OSWTN,Male,Yes,Yes,No,69,Yes,Yes,Fiber optic,Yes,No,Yes,Yes,Yes,Yes,One year,Yes,Mailed check,110.55,7610.1,No,60-72,No,No,No,Yes,1,110.2913043478261
5663-QBGIS,Male,Yes,Yes,No,72,Yes,Yes,Fiber optic,No,Yes,No,No,Yes,Yes,Two year,No,Bank transfer (automatic),98.35,6929.4,No,60-72,No,No,No,Yes,3,96.24166666666666
2660-EMUBI,Male,Yes,No,No,10,Yes,Yes,Fiber optic,No,No,No,No,Yes,Yes,Month-to-month,Yes,Electronic check,95.35,898.35,Yes,6-11,No,Yes,Yes,Yes,4,89.83500000000001
9337-SRRNI,Male,No,No,Yes,66,Yes,Yes,No,No internet service,No internet service,No internet service,No internet service,No internet service,No internet service,Two year,Yes,Credit card (automatic),25.3,1673.8,No,60-72,No,No,No,No,0,25.36060606060606
5158-RIVOP,Female,No,Yes,Yes,11,Yes,No,No,No internet service,No internet service,No internet service,No internet service,No internet service,No internet service,Two year,No,Credit card (automatic),20.9,202.3,No,6-11,No,No,No,No,0,18.39090909090909
4429-WYGFR,Male,No,No,No,26,Yes,No,DSL,No,No,No,Yes,No,No,Month-to-month,No,Bank transfer (automatic),49.15,1237.3,No,24-35,No,Yes,No,No,3,47.58846153846154
3424-NMNBO,Male,Yes,Yes,No,58,Yes,Yes,Fiber optic,Yes,Yes,Yes,No,Yes,Yes,One year,Yes,Electronic check,108.85,6287.25,Yes,48-59,No,No,Yes,Yes,1,108.40086206896552
2253-KPMNB,Female,No,Yes,Yes,69,No,No phone service,DSL,Yes,Yes,Yes,Yes,No,No,Two year,No,Bank transfer (automatic),46.25,3121.4,No,60-72,No,No,No,No,0,45.23768115942029
5811-IWXYM,Female,No,Yes,Yes,52,Yes,Yes,Fiber optic,No,No,Yes,No,Yes,Yes,One year,No,Bank transfer (automatic),101.25,5301.1,No,48-59,No,No,No,Yes,3,101.94423076923076
3197-NNYNB,Male,No,No,No,65,Yes,Yes,Fiber optic,No,Yes,Yes,No,Yes,Yes,Two year,No,Credit card (automatic),105.1,6631.85,No,60-72,No,No,No,Yes,2,102.02846153846154
8107-RZLNV,Male,No,Yes,No,72,Yes,Yes,Fiber optic,No,Yes,Yes,No,Yes,Yes,Two year,Yes,Bank transfer (automatic),106.3,7565.35,No,60-72,No,No,No,Yes,2,105.07430555555555
3589-PPVKW,Male,No,No,No,9,Yes,No,DSL,No,No,No,No,No,No,Month-to-month,Yes,Mailed check,44.4,348.15,No,6-11,No,Yes,No,No,4,38.68333333333333
2351-BKRZW,Female,No,Yes,Yes,43,Yes,No,DSL,Yes,No,Yes,No,Yes,Yes,Two year,No,Bank transfer (automatic),75.2,3254.35,No,36-47,No,No,No,No,2,75.68255813953488
3338-CVVEH,Male,No,No,No,12,Yes,Yes,Fiber optic,No,No,No,No,Yes,Yes,Month-to-month,No,Electronic check,94.55,1173.55,No,12-23,No,Yes,Yes,Yes,4,97.79583333333332
1212-GLHMD,Male,No,No,No,3,Yes,No,Fiber optic,Yes,No,No,No,No,Yes,Month-to-month,Yes,Mailed check,86.05,244.85,No,0-5,Yes,Yes,No,Yes,3,81.61666666666666
9470-YFUYI,Male,Yes,Yes,No,71,Yes,No,DSL,Yes,Yes,No,Yes,Yes,No,One year,Yes,Bank transfer (automatic),71.0,5012.1,No,60-72,No,No,No,No,1,70.59295774647887
3113-IWHLC,Male,No,No,No,5,Yes,No,DSL,Yes,No,Yes,No,No,No,Month-to-month,Yes,Mailed check,55.8,274.35,No,0-5,No,Yes,No,No,2,54.870000000000005
8969-PRHFK,Male,No,No,No,18,Yes,No,No,No internet service,No internet service,No internet service,No internet service,No internet service,No internet service,One year,No,Mailed check,19.65,411.25,No,12-23,No,No,No,No,0,22.84722222222222
4116-IQRFR,Male,No,Yes,Yes,4,Yes,Yes,No,No internet service,No internet service,No internet service,No internet service,No internet service,No internet service,One year,No,Credit card (automatic),24.1,73.1,No,0-5,No,No,No,No,0,18.275
0880-TKATG,Male,No,Yes,Yes,4,Yes,Yes,Fiber optic,No,No,Yes,No,Yes,Yes,Month-to-month,No,Electronic check,101.15,385.9,Yes,0-5,No,Yes,Yes,Yes,3,96.475
6352-TWCAU,Female,No,No,No,35,Yes,Yes,Fiber optic,No,No,No,No,Yes,No,Month-to-month,Yes,Electronic check,86.45,3029.1,Yes,24-35,No,Yes,Yes,Yes,4,86.54571428571428
4632-XJMEX,Male,No,No,Yes,53,Yes,No,DSL,Yes,Yes,No,Yes,No,No,One year,No,Credit card (automatic),62.85,3419.5,No,48-59,No,No,No,No,1,64.51886792452831
8033-ATFAS,Female,No,Yes,Yes,39,Yes,No,DSL,No,No,Yes,No,Yes,No,Month-to-month,Yes,Mailed check,59.85,2341.5,No,36-47,No,Yes,No,No,3,60.03846153846154
0925-VYDLG,Female,No,No,No,3,Yes,Yes,Fiber optic,No,No,No,No,No,No,Month-to-month,No,Electronic check,75.25,242.0,Yes,0-5,Yes,Yes,Yes,Yes,4,80.66666666666667
7164-BPTUT,Male,No,No,Yes,57,Yes,Yes,DSL,Yes,Yes,Yes,Yes,Yes,Yes,Two year,No,Mailed check,89.55,5012.35,No,48-59,No,No,No,No,0,87.93596491228071
1086-LXKFY,Female,No,Yes,Yes,1,Yes,No,Fiber optic,No,No,No,No,No,No,Month-to-month,Yes,Mailed check,69.1,69.1,Yes,0-5,Yes,Yes,No,Yes,4,69.1
4299-SIMNS,Male,No,No,No,9,Yes,Yes,Fiber optic,Yes,No,No,No,No,No,Month-to-month,Yes,Electronic check,81.15,784.45,No,6-11,No,Yes,Yes,Yes,3,87.16111111111111
8388-FYNPZ,Male,No,No,No,4,Yes,No,DSL,Yes,No,Yes,No,No,No,Month-to-month,No,Electronic check,56.75,245.15,No,0-5,No,Yes,Yes,No,2,61.2875
4800-CZMPC,Female,No,Yes,Yes,48,Yes,Yes,Fiber optic,Yes,Yes,No,No,Yes,Yes,One year,Yes,Credit card (automatic),103.25,5037.55,Yes,48-59,No,No,No,Yes,2,104.94895833333334
1619-YWUBB,Female,No,Yes,No,68,Yes,Yes,No,No internet service,No internet service,No internet service,No internet service,No internet service,No internet service,Two year,Yes,Credit card (automatic),24.95,1614.9,No,60-72,No,No,No,No,0,23.748529411764707
0392-BZIUW,Female,No,Yes,No,72,Yes,Yes,Fiber optic,Yes,No,Yes,No,Yes,Yes,Two year,Yes,Credit card (automatic),105.0,7589.8,No,60-72,No,No,No,Yes,2,105.41388888888888
6295-OSINB,Male,No,Yes,No,72,Yes,Yes,Fiber optic,Yes,Yes,Yes,No,Yes,Yes,Two year,Yes,Electronic check,109.65,7880.25,No,60-72,No,No,Yes,Yes,1,109.44791666666669
9191-MYQKX,Female,No,Yes,No,7,Yes,No,Fiber optic,No,No,Yes,No,No,No,Month-to-month,Yes,Bank transfer (automatic),75.15,496.9,Yes,6-11,No,Yes,No,Yes,3,70.98571428571428
7826-VVKWT,Female,Yes,Yes,Yes,24,Yes,No,Fiber optic,No,No,Yes,No,Yes,Yes,Two year,Yes,Electronic check,96.55,2263.45,No,24-35,No,No,Yes,Yes,3,94.31041666666664
8823-RLPWL,Female,No,Yes,No,72,Yes,Yes,Fiber optic,Yes,Yes,Yes,No,Yes,Yes,Two year,Yes,Credit card (automatic),110.65,8065.65,No,60-72,No,No,No,Yes,1,112.02291666666666
1228-ZLNBX,Male,No,No,No,21,Yes,Yes,Fiber optic,No,No,No,No,No,No,Month-to-month,No,Mailed check,75.3,1570.7,No,12-23,No,Yes,No,Yes,4,74.79523809523809
7524-VRLPL,Male,Yes,No,No,69,Yes,Yes,DSL,Yes,No,Yes,Yes,No,Yes,Two year,No,Credit card (automatic),74.1,5031.0,No,60-72,No,No,No,No,1,72.91304347826087
6348-SNFUS,Male,No,Yes,Yes,72,No,No phone service,DSL,Yes,Yes,Yes,Yes,No,Yes,Two year,Yes,Credit card (automatic),55.45,4179.2,No,60-72,No,No,No,No,0,58.04444444444445
5394-SVGJV,Male,No,No,No,37,Yes,Yes,Fiber optic,No,No,No,Yes,Yes,Yes,Month-to-month,No,Bank transfer (automatic),98.8,3475.55,Yes,36-47,No,Yes,No,Yes,3,93.9337837837838
2811-POVEX,Female,Yes,Yes,Yes,23,Yes,No,Fiber optic,No,Yes,Yes,No,No,Yes,Month-to-month,Yes,Bank transfer (automatic),88.45,2130.55,No,12-23,No,Yes,No,Yes,2,92.63260869565218
5961-VUSRV,Female,No,No,No,12,Yes,No,No,No internet service,No internet service,No internet service,No internet service,No internet service,No internet service,One year,Yes,Bank transfer (automatic),19.35,219.35,No,12-23,No,No,No,No,0,18.279166666666665
5474-LAMUQ,Male,No,Yes,No,24,Yes,No,No,No internet service,No internet service,No internet service,No internet service,No internet service,No internet service,One year,No,Mailed check,20.1,533.9,No,24-35,No,No,No,No,0,22.245833333333334
2176-LVPNX,Female,Yes,No,No,71,Yes,Yes,DSL,Yes,Yes,Yes,Yes,Yes,Yes,Two year,No,Mailed check,89.85,6293.45,No,60-72,No,No,No,No,0,88.64014084507042
1591-MQJTP,Male,Yes,Yes,No,51,Yes,Yes,Fiber optic,Yes,No,Yes,No,No,Yes,One year,Yes,Bank transfer (automatic),93.65,4839.15,No,48-59,No,No,No,Yes,2,94.88529411764704
1750-CSKKM,Male,No,No,Yes,9,Yes,No,DSL,No,No,No,No,Yes,No,Month-to-month,No,Electronic check,55.35,449.75,Yes,6-11,No,Yes,Yes,No,4,49.97222222222222
9225-BZLNZ,Male,No,Yes,No,72,Yes,Yes,DSL,Yes,Yes,Yes,No,Yes,Yes,Two year,Yes,Electronic check,85.25,6083.1,No,60-72,No,No,Yes,No,1,84.48750000000001
4254-QPEDE,Female,No,Yes,No,52,No,No phone service,DSL,Yes,Yes,Yes,Yes,Yes,Yes,Two year,No,Credit card (automatic),66.25,3330.1,No,48-59,No,No,No,No,0,64.04038461538461
1271-SJBGZ,Male,Yes,No,No,12,No,No phone service,DSL,No,No,Yes,Yes,No,Yes,Month-to-month,Yes,Electronic check,43.65,526.95,Yes,12-23,No,Yes,Yes,No,2,43.9125
0701-RFGFI,Female,No,Yes,Yes,49,Yes,Yes,Fiber optic,No,No,No,No,Yes,Yes,Month-to-month,Yes,Bank transfer (automatic),95.4,4613.95,No,48-59,No,Yes,No,Yes,4,94.16224489795918
5858-EAFCZ,Male,No,No,No,1,Yes,No,DSL,No,No,No,No,No,No,Month-to-month,No,Mailed check,44.45,44.45,No,0-5,Yes,Yes,No,No,4,44.45
8808-ELEHO,Male,Yes,No,No,8,Yes,Yes,Fiber optic,No,No,Yes,No,No,No,Month-to-month,Yes,Electronic check,81.25,585.95,Yes,6-11,No,Yes,Yes,Yes,3,73.24375
7126-RBHSD,Female,No,Yes,No,17,Yes,Yes,Fiber optic,Yes,No,No,No,No,No,Month-to-month,No,Electronic check,78.9,1348.95,No,12-23,No,Yes,Yes,Yes,3,79.35000000000001
1169-SAOCL,Male,No,No,No,49,Yes,Yes,Fiber optic,No,Yes,No,Yes,Yes,Yes,One year,Yes,Bank transfer (automatic),106.65,5168.1,No,48-59,No,No,No,Yes,2,105.47142857142858
9753-OYLBX,Female,No,No,No,1,Yes,No,No,No internet service,No internet service,No internet service,No internet service,No internet service,No internet service,Month-to-month,No,Mailed check,20.5,20.5,No,0-5,Yes,Yes,No,No,0,20.5
4592-IWTJI,Female,No,Yes,Yes,3,No,No phone service,DSL,Yes,No,No,No,No,No,Month-to-month,No,Credit card (automatic),29.7,91.7,Yes,0-5,Yes,Yes,No,No,3,30.566666666666663
5117-IFGPS,Male,Yes,Yes,No,29,Yes,Yes,Fiber optic,No,No,No,No,No,Yes,Month-to-month,Yes,Electronic check,84.3,2357.75,No,24-35,No,Yes,Yes,Yes,4,81.30172413793103
8008-OTEZX,Female,No,Yes,Yes,35,Yes,No,No,No internet service,No internet service,No internet service,No internet service,No internet service,No internet service,One year,No,Mailed check,19.65,708.8,No,24-35,No,No,No,No,0,20.25142857142857
4531-AUZNK,Female,No,Yes,Yes,51,Yes,Yes,Fiber optic,Yes,No,No,Yes,Yes,No,One year,Yes,Mailed check,95.15,5000.05,No,48-59,No,No,No,Yes,2,98.04019607843138
4472-LVYGI,Female,No,Yes,Yes,0,No,No phone service,DSL,Yes,No,Yes,Yes,Yes,No,Two year,Yes,Bank transfer (automatic),52.55,0.0,No,0-5,Yes,No,No,No,1,0.0
2114-MGINA,Female,No,No,No,14,Yes,No,Fiber optic,No,No,No,No,Yes,Yes,Month-to-month,Yes,Mailed check,89.8,1129.1,Yes,12-23,No,Yes,No,Yes,4,80.64999999999999
6518-KZXCB,Male,No,No,No,22,Yes,Yes,No,No internet service,No internet service,No internet service,No internet service,No internet service,No internet service,Two year,No,Mailed check,25.25,566.5,No,12-23,No,No,No,No,0,25.75
9637-EIHEQ,Female,No,No,No,1,Yes,No,DSL,No,No,No,Yes,No,No,Month-to-month,Yes,Electronic check,50.8,50.8,Yes,0-5,Yes,Yes,Yes,No,3,50.8
0303-WMMRN,Male,No,No,No,5,Yes,No,No,No internet service,No internet service,No internet service,No internet service,No internet service,No internet service,Month-to-month,Yes,Mailed check,19.25,86.05,No,0-5,No,Yes,No,No,0,17.21
7812-FZHPE,Female,No,Yes,Yes,17,Yes,Yes,No,No internet service,No internet service,No internet service,No internet service,No internet service,No internet service,Month-to-month,No,Mailed check,24.1,409.9,Yes,12-23,No,Yes,No,No,0,24.11176470588235
9309-BZGNT,Male,Yes,Yes,No,69,No,No phone service,DSL,No,No,Yes,No,No,No,One year,Yes,Credit card (automatic),29.8,2134.3,No,60-72,No,No,No,No,3,30.93188405797102
9500-IWPXQ,Female,No,Yes,Yes,61,Yes,Yes,DSL,Yes,Yes,Yes,Yes,No,Yes,One year,Yes,Electronic check,79.4,4820.55,No,60-72,No,No,Yes,No,0,79.02540983606558
2192-OZITF,Female,No,No,No,45,Yes,Yes,DSL,Yes,No,No,Yes,No,Yes,Two year,No,Mailed check,73.55,3349.1,No,36-47,No,No,No,No,2,74.42444444444445
8336-TAVKX,Female,Yes,Yes,No,72,Yes,Yes,DSL,Yes,Yes,Yes,Yes,No,Yes,Two year,No,Bank transfer (automatic),78.45,5682.25,No,60-72,No,No,No,No,0,78.92013888888889
6278-FEPBZ,Female,No,No,No,9,Yes,No,No,No internet service,No internet service,No internet service,No internet service,No internet service,No internet service,Month-to-month,No,Mailed check,20.25,186.15,No,6-11,No,Yes,No,No,0,20.683333333333334
8387-MOJJT,Female,No,Yes,Yes,42,Yes,No,Fiber optic,No,No,No,No,Yes,No,Month-to-month,Yes,Credit card (automatic),77.95,3384.0,Yes,36-47,No,Yes,No,Yes,4,80.57142857142857
3866-MDTUB,Female,No,No,No,2,Yes,No,DSL,Yes,No,No,No,Yes,Yes,Month-to-month,Yes,Electronic check,70.75,146.9,Yes,0-5,Yes,Yes,Yes,No,3,73.45
2263-SFSQZ,Male,No,Yes,Yes,51,Yes,Yes,No,No internet service,No internet service,No internet service,No internet service,No internet service,No internet service,Two year,Yes,Mailed check,24.95,1222.25,No,48-59,No,No,No,No,0,23.965686274509803
7639-OPLNG,Male,No,Yes,Yes,70,Yes,Yes,DSL,Yes,Yes,Yes,Yes,Yes,No,Two year,Yes,Bank transfer (automatic),79.25,5731.85,No,60-72,No,No,No,No,0,81.88357142857143
4439-YRNVD,Female,No,No,No,10,No,No phone service,DSL,No,Yes,No,Yes,No,No,Month-to-month,No,Electronic check,36.25,374.0,No,6-11,No,Yes,Yes,No,2,37.4
5055-MGMGF,Female,No,Yes,No,65,Yes,Yes,Fiber optic,Yes,No,Yes,No,Yes,Yes,Month-to-month,Yes,Electronic check,105.05,6914.95,No,60-72,No,Yes,Yes,Yes,2,106.38384615384616
3308-JSGML,Male,Yes,Yes,No,59,No,No phone service,DSL,Yes,No,Yes,Yes,Yes,Yes,Two year,Yes,Credit card (automatic),64.05,3886.85,No,48-59,No,No,No,No,1,65.87881355932203
5712-AHQNN,Female,No,No,No,43,Yes,No,Fiber optic,No,Yes,Yes,No,Yes,No,Month-to-month,Yes,Electronic check,91.65,3954.1,No,36-47,No,Yes,Yes,Yes,2,91.95581395348836
9469-WEJBT,Male,No,Yes,No,37,Yes,No,Fiber optic,No,No,Yes,Yes,No,Yes,Month-to-month,Yes,Electronic check,90.35,3419.3,No,36-47,No,Yes,Yes,Yes,2,92.41351351351352
9601-BRXPO,Female,No,Yes,No,25,Yes,Yes,Fiber optic,No,No,Yes,Yes,Yes,Yes,Month-to-month,Yes,Bank transfer (automatic),104.95,2566.5,Yes,24-35,No,Yes,No,Yes,2,102.66
8414-OOEEL,Male,No,No,Yes,66,Yes,No,DSL,No,Yes,Yes,Yes,Yes,Yes,Two year,Yes,Credit card (automatic),79.5,5196.1,No,60-72,No,No,No,No,1,78.72878787878788
2569-WGERO,Female,No,No,No,72,Yes,No,No,No internet service,No internet service,No internet service,No internet service,No internet service,No internet service,Two year,Yes,Bank transfer (automatic),21.15,1419.4,No,60-72,No,No,No,No,0,19.71388888888889
6885-PKOAM,Female,No,Yes,No,71,Yes,Yes,DSL,Yes,Yes,Yes,Yes,Yes,Yes,Two year,No,Credit card (automatic),85.75,6223.8,No,60-72,No,No,No,No,0,87.65915492957747
8097-VBQTZ,Male,No,No,No,54,Yes,No,DSL,Yes,Yes,No,Yes,Yes,No,Month-to-month,Yes,Mailed check,69.9,3883.3,No,48-59,No,Yes,No,No,1,71.91296296296296
5201-FRKKS,Male,No,No,No,25,Yes,No,Fiber optic,Yes,No,No,No,No,No,Month-to-month,No,Bank transfer (automatic),74.3,1952.25,No,24-35,No,Yes,No,Yes,3,78.09
3657-COGMW,Female,Yes,No,No,52,Yes,Yes,Fiber optic,Yes,Yes,Yes,No,Yes,Yes,Month-to-month,No,Credit card (automatic),108.1,5839.3,No,48-59,No,Yes,No,Yes,1,112.29423076923078
0489-WMEMG,Female,No,No,Yes,23,Yes,No,DSL,No,No,No,Yes,No,No,One year,Yes,Electronic check,49.45,1119.35,No,12-23,No,No,Yes,No,3,48.667391304347824
7089-XXAYG,Male,No,Yes,No,25,No,No phone service,DSL,No,No,Yes,No,Yes,No,One year,Yes,Credit card (automatic),38.1,970.4,No,24-35,No,No,No,No,3,38.816
6127-IYJOZ,Male,Yes,No,No,1,Yes,No,DSL,No,No,No,No,No,No,Month-to-month,Yes,Mailed check,45.85,45.85,No,0-5,Yes,Yes,No,No,4,45.85
0487-CRLZF,Female,No,No,No,49,Yes,No,DSL,No,No,Yes,Yes,Yes,Yes,Two year,Yes,Bank transfer (automatic),74.45,3721.9,No,48-59,No,No,No,No,2,75.95714285714286
1208-NBVFH,Male,No,Yes,Yes,20,Yes,No,DSL,No,No,Yes,No,No,No,Month-to-month,Yes,Electronic check,49.6,939.8,No,12-23,No,Yes,Yes,No,3,46.99
8158-WPEZG,Male,No,No,No,11,No,No phone service,DSL,No,Yes,No,Yes,No,No,Month-to-month,Yes,Electronic check,35.65,425.1,No,6-11,No,Yes,Yes,No,2,38.64545454545455
8679-LZBMD,Male,No,Yes,No,44,Yes,No,Fiber optic,No,No,No,No,Yes,Yes,One year,Yes,Bank transfer (automatic),90.65,3974.15,No,36-47,No,No,No,Yes,4,90.32159090909092
8041-TMEID,Male,Yes,Yes,No,63,Yes,Yes,Fiber optic,Yes,Yes,Yes,No,Yes,Yes,Two year,No,Credit card (automatic),108.5,6991.9,No,60-72,No,No,No,Yes,1,110.98253968253968
2621-UDNLU,Female,No,Yes,No,3,Yes,No,No,No internet service,No internet service,No internet service,No internet service,No internet service,No internet service,Month-to-month,No,Mailed check,20.85,72.0,No,0-5,Yes,Yes,No,No,0,24.0
8495-LJDFO,Female,Yes,No,No,64,Yes,Yes,Fiber optic,Yes,No,Yes,Yes,Yes,Yes,Month-to-month,Yes,Bank transfer (automatic),108.95,7111.3,No,60-72,No,Yes,No,Yes,1,111.1140625
9681-KYGYB,Male,Yes,Yes,No,49,Yes,Yes,Fiber optic,Yes,Yes,Yes,No,No,No,Month-to-month,Yes,Electronic check,88.2,4159.45,No,48-59,No,Yes,Yes,Yes,1,84.88673469387754
6368-TZZDT,Male,No,Yes,Yes,4,Yes,No,No,No internet service,No internet service,No internet service,No internet service,No internet service,No internet service,Two year,No,Credit card (automatic),19.5,96.85,No,0-5,No,No,No,No,0,24.2125
9754-CLVZW,Female,No,Yes,Yes,26,No,No phone service,DSL,Yes,Yes,No,Yes,No,No,Month-to-month,No,Credit card (automatic),38.85,1025.15,No,24-35,No,Yes,No,No,1,39.42884615384616
3963-RYFNS,Female,No,No,No,72,Yes,Yes,Fiber optic,Yes,Yes,Yes,Yes,Yes,Yes,Two year,Yes,Bank transfer (automatic),116.45,8013.55,No,60-72,No,No,No,Yes,0,111.29930555555556
9670-BPNXF,Female,No,No,No,45,Yes,No,DSL,Yes,Yes,No,Yes,No,No,One year,Yes,Credit card (automatic),62.55,2796.45,No,36-47,No,No,No,No,1,62.14333333333333
2050-ONYDQ,Female,No,Yes,Yes,65,Yes,Yes,No,No internet service,No internet service,No internet service,No internet service,No internet service,No internet service,Two year,No,Credit card (automatic),26.0,1654.85,No,60-72,No,No,No,No,0,25.459230769230768
8914-RBTSB,Male,No,Yes,No,31,Yes,Yes,Fiber optic,No,Yes,Yes,No,Yes,No,Month-to-month,No,Electronic check,93.8,3019.5,Yes,24-35,No,Yes,Yes,Yes,2,97.40322580645162
6603-YRDCJ,Male,No,Yes,No,33,Yes,No,DSL,Yes,Yes,No,Yes,No,No,Two year,Yes,Mailed check,61.05,2018.4,No,24-35,No,No,No,No,1,61.16363636363637
3400-ESFUW,Male,No,Yes,Yes,55,Yes,No,DSL,Yes,Yes,No,Yes,No,No,Two year,No,Bank transfer (automatic),57.55,3046.4,Yes,48-59,No,No,No,No,1,55.38909090909091
4566-GOLUK,Male,No,Yes,Yes,47,Yes,Yes,Fiber optic,No,No,Yes,Yes,Yes,Yes,Month-to-month,Yes,Bank transfer (automatic),107.35,5118.95,Yes,36-47,No,Yes,No,Yes,2,108.91382978723404
5536-SLHPM,Female,No,Yes,No,55,Yes,Yes,Fiber optic,No,No,Yes,No,No,No,Month-to-month,Yes,Electronic check,77.75,4458.15,Yes,48-59,No,Yes,Yes,Yes,3,81.05727272727272
9909-IDLEK,Male,No,Yes,Yes,20,Yes,Yes,Fiber optic,No,Yes,No,Yes,Yes,No,Month-to-month,No,Mailed check,96.8,1826.7,No,12-23,No,Yes,No,Yes,2,91.335
1167-OYZJF,Female,Yes,Yes,No,67,Yes,No,No,No internet service,No internet service,No internet service,No internet service,No internet service,No internet service,Two year,Yes,Bank transfer (automatic),20.05,1263.05,No,60-72,No,No,No,No,0,18.851492537313437
4010-YLMVT,Female,No,No,No,56,Yes,Yes,Fiber optic,Yes,Yes,No,No,Yes,Yes,Month-to-month,Yes,Credit card (automatic),106.6,5893.95,No,48-59,No,Yes,No,Yes,2,105.24910714285714
3808-HFKDE,Female,No,No,No,20,Yes,No,DSL,No,No,No,No,No,No,Month-to-month,Yes,Electronic check,44.35,927.15,No,12-23,No,Yes,Yes,No,4,46.3575
7434-SHXLS,Female,No,No,No,1,Yes,No,No,No internet service,No internet service,No internet service,No internet service,No internet service,No internet service,Month-to-month,No,Mailed check,20.9,20.9,Yes,0-5,Yes,Yes,No,No,0,20.9
9134-CEQMF,Male,Yes,Yes,No,7,Yes,No,Fiber optic,No,No,No,No,Yes,Yes,Month-to-month,Yes,Electronic check,89.5,676.7,Yes,6-11,No,Yes,Yes,Yes,4,96.67142857142858
5092-STPKP,Female,No,No,No,24,Yes,No,DSL,Yes,No,No,Yes,No,No,Month-to-month,No,Credit card (automatic),56.35,1381.2,No,24-35,No,Yes,No,No,2,57.55
0148-DCDOS,Male,No,No,No,25,Yes,Yes,Fiber optic,No,No,No,No,Yes,Yes,Month-to-month,Yes,Bank transfer (automatic),94.7,2362.1,Yes,24-35,No,Yes,No,Yes,4,94.484
5465-BUBFA,Female,No,Yes,Yes,41,Yes,No,No,No internet service,No internet service,No internet service,No internet service,No internet service,No internet service,Two year,No,Bank transfer (automatic),19.3,772.4,No,36-47,No,No,No,No,0,18.839024390243903
7240-FQLHE,Female,Yes,Yes,No,18,Yes,Yes,Fiber optic,No,No,No,Yes,Yes,Yes,Month-to-month,No,Bank transfer (automatic),99.75,1836.25,Yes,12-23,No,Yes,No,Yes,3,102.01388888888889
1407-DIGZV,Female,No,Yes,Yes,3,Yes,No,No,No internet service,No internet service,No internet service,No internet service,No internet service,No internet service,Two year,No,Mailed check,19.1,52.0,No,0-5,Yes,No,No,No,0,17.333333333333332
4223-BKEOR,Female,No,No,Yes,21,Yes,No,DSL,Yes,No,Yes,No,No,Yes,One year,No,Mailed check,64.85,1336.8,No,12-23,No,No,No,No,2,63.65714285714286
2599-CZABP,Male,No,Yes,No,14,Yes,No,DSL,No,No,No,No,No,No,One year,No,Electronic check,44.6,641.25,No,12-23,No,No,Yes,No,4,45.80357142857143
4986-MXSFP,Female,No,No,No,2,Yes,No,No,No internet service,No internet service,No internet service,No internet service,No internet service,No internet service,Month-to-month,Yes,Mailed check,20.0,40.9,No,0-5,Yes,Yes,No,No,0,20.45
5688-KZTSN,Male,No,Yes,Yes,15,Yes,No,No,No internet service,No internet service,No internet service,No internet service,No internet service,No internet service,Month-to-month,Yes,Electronic check,20.0,288.05,Yes,12-23,No,Yes,Yes,No,0,19.203333333333333
1240-HCBOH,Female,No,No,No,67,Yes,Yes,No,No internet service,No internet service,No internet service,No internet service,No internet service,No internet service,Two year,Yes,Mailed check,26.1,1759.55,No,60-72,No,No,No,No,0,26.26194029850746
7168-HDQHG,Female,No,Yes,Yes,36,Yes,No,No,No internet service,No internet service,No internet service,No internet service,No internet service,No internet service,Month-to-month,No,Bank transfer (automatic),19.2,702.9,No,36-47,No,Yes,No,No,0,19.525
9728-FTTVZ,Female,No,No,No,1,Yes,No,Fiber optic,No,No,No,No,No,No,Month-to-month,Yes,Electronic check,69.2,69.2,Yes,0-5,Yes,Yes,Yes,Yes,4,69.2
4884-TVUQF,Female,Yes,No,No,57,Yes,Yes,Fiber optic,Yes,No,Yes,Yes,No,Yes,Two year,No,Credit card (automatic),101.3,5779.6,No,48-59,No,No,No,Yes,1,101.39649122807018
5777-KJIRB,Female,No,No,No,40,Yes,No,DSL,No,No,Yes,No,No,No,One year,Yes,Mailed check,50.25,2023.55,No,36-47,No,No,No,No,3,50.58875
2296-DKZFP,Female,No,Yes,No,65,Yes,No,DSL,Yes,Yes,Yes,No,No,Yes,Two year,No,Bank transfer (automatic),71.0,4386.2,No,60-72,No,No,No,No,1,67.48
1485-YDHMM,Male,No,Yes,Yes,52,Yes,Yes,Fiber optic,No,Yes,No,Yes,No,Yes,Month-to-month,Yes,Bank transfer (automatic),93.25,4631.7,No,48-59,No,Yes,No,Yes,2,89.07115384615385
9972-EWRJS,Female,No,Yes,Yes,67,Yes,No,No,No internet service,No internet service,No internet service,No internet service,No internet service,No internet service,Two year,Yes,Bank transfer (automatic),19.25,1372.9,No,60-72,No,No,No,No,0,20.49104477611941
9547-ITEFG,Male,No,Yes,Yes,9,Yes,Yes,Fiber optic,No,Yes,Yes,No,Yes,Yes,Month-to-month,Yes,Credit card (automatic),102.6,897.75,No,6-11,No,Yes,No,Yes,2,99.75
2533-TIBIX,Male,No,Yes,Yes,15,No,No phone service,DSL,Yes,No,No,No,No,No,Month-to-month,Yes,Bank transfer (automatic),30.2,469.65,No,12-23,No,Yes,No,No,3,31.31
1226-UDFZR,Female,No,No,No,2,Yes,No,DSL,No,Yes,No,No,No,No,Month-to-month,Yes,Mailed check,49.6,114.7,Yes,0-5,Yes,Yes,No,No,3,57.35
7422-WNBTY,Male,No,Yes,No,33,Yes,Yes,Fiber optic,No,Yes,Yes,No,No,Yes,Month-to-month,Yes,Electronic check,93.35,3092.0,No,24-35,No,Yes,Yes,Yes,2,93.6969696969697
3318-NMQXL,Male,No,No,No,3,Yes,No,Fiber optic,No,No,No,No,Yes,Yes,Month-to-month,Yes,Electronic check,92.0,266.8,No,0-5,Yes,Yes,Yes,Yes,4,88.93333333333334
9584-EXCDZ,Female,No,No,No,17,Yes,No,Fiber optic,No,No,No,No,No,No,Month-to-month,No,Bank transfer (automatic),70.5,1165.6,No,12-23,No,Yes,No,Yes,4,68.56470588235294
9586-JGQKH,Female,No,Yes,No,64,Yes,Yes,Fiber optic,No,Yes,No,Yes,Yes,Yes,Two year,Yes,Bank transfer (automatic),105.4,6794.75,No,60-72,No,No,No,Yes,2,106.16796875
7143-BQIBA,Male,No,No,No,10,Yes,No,DSL,Yes,No,No,Yes,Yes,No,Month-to-month,No,Bank transfer (automatic),62.25,612.95,No,6-11,No,Yes,No,No,2,61.295
3800-LYTRK,Female,No,No,No,14,Yes,No,DSL,Yes,No,No,Yes,No,No,One year,No,Mailed check,55.7,795.15,No,12-23,No,No,No,No,2,56.79642857142857
1832-PEUTS,Male,No,Yes,Yes,62,Yes,Yes,Fiber optic,No,No,Yes,No,Yes,No,Two year,Yes,Credit card (automatic),89.1,5411.65,No,60-72,No,No,No,Yes,3,87.28467741935484
1565-RHDJD,Female,No,No,Yes,4,Yes,Yes,Fiber optic,No,Yes,Yes,No,No,No,Month-to-month,No,Bank transfer (automatic),84.05,333.55,Yes,0-5,No,Yes,No,Yes,2,83.3875
1216-BGTSP,Male,No,No,No,45,Yes,Yes,Fiber optic,Yes,No,Yes,Yes,Yes,Yes,Month-to-month,Yes,Credit card (automatic),108.45,4964.7,No,36-47,No,Yes,No,Yes,1,110.32666666666668
4188-FRABG,Male,No,Yes,No,57,Yes,Yes,Fiber optic,Yes,Yes,Yes,Yes,Yes,No,Month-to-month,Yes,Electronic check,103.05,5925.75,No,48-59,No,Yes,Yes,Yes,0,103.96052631578948
2978-XXSOG,Female,No,No,No,22,Yes,Yes,DSL,Yes,No,No,Yes,No,No,Month-to-month,Yes,Mailed check,59.05,1253.5,No,12-23,No,Yes,No,No,2,56.97727272727273
1200-TUZHR,Female,Yes,No,No,8,Yes,Yes,Fiber optic,No,No,No,No,No,Yes,Month-to-month,No,Electronic check,85.2,695.75,No,6-11,No,Yes,Yes,Yes,4,86.96875
0323-XWWTN,Male,No,No,Yes,3,Yes,Yes,No,No internet service,No internet service,No internet service,No internet service,No internet service,No internet service,Two year,Yes,Mailed check,26.4,121.25,No,0-5,Yes,No,No,No,0,40.41666666666666
5872-OEQNH,Female,No,No,No,60,No,No phone service,DSL,Yes,No,Yes,No,No,Yes,One year,Yes,Electronic check,44.45,2773.9,No,60-72,No,No,Yes,No,2,46.23166666666667
9435-JMLSX,Male,No,Yes,No,71,Yes,No,DSL,Yes,Yes,Yes,Yes,Yes,Yes,Two year,Yes,Bank transfer (automatic),86.1,6045.9,No,60-72,No,No,No,No,0,85.15352112676055
8267-KFGYD,Male,No,No,Yes,1,Yes,No,No,No internet service,No internet service,No internet service,No internet service,No internet service,No internet service,Month-to-month,Yes,Mailed check,21.05,21.05,No,0-5,Yes,Yes,No,No,0,21.05
3884-HCSWG,Female,No,No,No,17,Yes,No,Fiber optic,No,No,No,No,No,No,Month-to-month,Yes,Electronic check,70.0,1144.5,Yes,12-23,No,Yes,Yes,Yes,4,67.32352941176471
8313-AFGBW,Male,No,Yes,No,47,Yes,No,DSL,No,Yes,Yes,No,Yes,Yes,Two year,No,Electronic check,73.6,3522.65,No,36-47,No,No,Yes,No,2,74.95
9102-IAYHT,Female,No,Yes,Yes,17,Yes,Yes,Fiber optic,No,No,No,No,No,Yes,Month-to-month,Yes,Electronic check,85.45,1451.6,Yes,12-23,No,Yes,Yes,Yes,4,85.38823529411764
2138-VFAPZ,Female,No,Yes,Yes,14,Yes,No,No,No internet service,No internet service,No internet service,No internet service,No internet service,No internet service,Two year,Yes,Mailed check,19.7,263.65,No,12-23,No,No,No,No,0,18.832142857142856
9780-FKVVF,Male,No,No,No,6,Yes,No,DSL,Yes,No,No,No,No,Yes,Month-to-month,Yes,Bank transfer (automatic),59.15,336.7,No,6-11,No,Yes,No,No,3,56.11666666666667
2775-SEFEE,Male,No,No,Yes,0,Yes,Yes,DSL,Yes,Yes,No,Yes,No,No,Two year,Yes,Bank transfer (automatic),61.9,0.0,No,0-5,Yes,No,No,No,1,0.0
0723-FDLAY,Male,No,No,No,44,Yes,Yes,DSL,No,Yes,Yes,Yes,Yes,Yes,One year,Yes,Bank transfer (automatic),85.25,3704.15,No,36-47,No,No,No,No,1,84.18522727272727
2446-BEGGB,Female,Yes,No,No,6,Yes,Yes,Fiber optic,No,Yes,No,No,Yes,Yes,Month-to-month,Yes,Electronic check,98.25,560.6,Yes,6-11,No,Yes,Yes,Yes,3,93.43333333333334
1618-CFHME,Female,No,No,No,2,Yes,Yes,Fiber optic,No,No,No,No,No,No,Month-to-month,Yes,Electronic check,75.9,143.35,Yes,0-5,Yes,Yes,Yes,Yes,4,71.675
5614-DNZCE,Female,No,No,No,58,Yes,No,DSL,Yes,Yes,Yes,Yes,No,No,Two year,Yes,Credit card (automatic),64.9,3795.45,No,48-59,No,No,No,No,0,65.43879310344828
8707-HOEDG,Female,No,Yes,Yes,70,Yes,Yes,Fiber optic,No,Yes,Yes,Yes,Yes,Yes,Two year,Yes,Electronic check,110.2,7689.8,No,60-72,No,No,Yes,Yes,1,109.85428571428572
8133-ANHHJ,Female,Yes,No,No,49,Yes,Yes,Fiber optic,Yes,Yes,Yes,Yes,No,Yes,One year,No,Bank transfer (automatic),103.0,5166.2,No,48-59,No,No,No,Yes,0,105.43265306122449
1357-MVDOZ,Male,No,Yes,Yes,11,Yes,No,DSL,No,No,Yes,No,Yes,No,Month-to-month,Yes,Bank transfer (automatic),59.65,683.25,No,6-11,No,Yes,No,No,3,62.11363636363637
0787-LHDYT,Male,No,No,No,16,Yes,No,No,No internet service,No internet service,No internet service,No internet service,No internet service,No internet service,Month-to-month,Yes,Credit card (automatic),20.6,330.25,No,12-23,No,Yes,No,No,0,20.640625
4325-NFSKC,Male,Yes,No,No,19,Yes,Yes,Fiber optic,Yes,No,No,No,Yes,No,Month-to-month,Yes,Electronic check,90.6,1660.0,Yes,12-23,No,Yes,Yes,Yes,3,87.36842105263158
0512-FLFDW,Female,Yes,Yes,No,60,Yes,Yes,Fiber optic,No,No,Yes,No,Yes,Yes,One year,Yes,Credit card (automatic),100.5,6029.0,No,60-72,No,No,No,Yes,3,100.48333333333332
4432-ADRLB,Male,No,No,No,2,Yes,No,DSL,No,No,No,No,No,No,Month-to-month,No,Mailed check,44.65,74.9,Yes,0-5,Yes,Yes,No,No,4,37.45
0940-OUQEC,Male,No,No,No,10,Yes,Yes,Fiber optic,No,Yes,No,No,No,No,Month-to-month,Yes,Bank transfer (automatic),80.7,788.8,Yes,6-11,No,Yes,No,Yes,3,78.88
3023-GFLBR,Female,No,Yes,Yes,33,Yes,Yes,Fiber optic,No,No,No,No,No,Yes,Month-to-month,No,Credit card (automatic),86.15,2745.7,Yes,24-35,No,Yes,No,Yes,4,83.2030303030303
9555-SAHUZ,Female,No,Yes,Yes,38,Yes,No,DSL,Yes,Yes,No,No,No,No,Month-to-month,No,Electronic check,54.5,2076.05,No,36-47,No,Yes,Yes,No,2,54.63289473684211
7351-MHQVU,Female,No,No,No,6,No,No phone service,DSL,Yes,Yes,No,Yes,No,Yes,Month-to-month,No,Credit card (automatic),50.95,307.6,No,6-11,No,Yes,No,No,1,51.26666666666667
6122-EFVKN,Male,No,No,Yes,24,No,No phone service,DSL,Yes,No,No,Yes,No,No,Two year,No,Mailed check,35.75,830.8,No,24-35,No,No,No,No,2,34.61666666666667
8434-VGEQQ,Male,No,Yes,Yes,61,Yes,No,No,No internet service,No internet service,No internet service,No internet service,No internet service,No internet service,Two year,No,Credit card (automatic),20.55,1305.95,No,60-72,No,No,No,No,0,21.409016393442624
3566-VVORZ,Female,No,Yes,No,12,Yes,No,DSL,No,No,No,No,No,No,Month-to-month,No,Bank transfer (automatic),45.9,505.95,No,12-23,No,Yes,No,No,4,42.1625
5815-HGGHV,Male,No,Yes,No,20,Yes,No,DSL,Yes,No,No,Yes,No,Yes,One year,Yes,Mailed check,64.15,1274.45,No,12-23,No,No,No,No,2,63.7225
3398-GCPMU,Female,Yes,Yes,Yes,72,Yes,Yes,DSL,Yes,Yes,Yes,Yes,Yes,Yes,Two year,Yes,Credit card (automatic),89.55,6448.85,No,60-72,No,No,No,No,0,89.56736111111111
5701-YVSVF,Female,Yes,Yes,No,11,Yes,No,Fiber optic,No,No,No,Yes,Yes,No,Month-to-month,Yes,Electronic check,82.9,880.05,No,6-11,No,Yes,Yes,Yes,3,80.00454545454545
5848-FHRFC,Female,No,No,No,68,Yes,No,No,No internet service,No internet service,No internet service,No internet service,No internet service,No internet service,Two year,No,Bank transfer (automatic),20.05,1386.9,No,60-72,No,No,No,No,0,20.39558823529412
5699-BNCAS,Male,Yes,No,No,71,Yes,Yes,No,No internet service,No internet service,No internet service,No internet service,No internet service,No internet service,Two year,Yes,Mailed check,24.65,1766.75,No,60-72,No,No,No,No,0,24.883802816901408
1921-KYSAY,Female,No,No,No,41,Yes,Yes,DSL,No,No,Yes,Yes,No,Yes,One year,Yes,Electronic check,68.6,2877.05,No,36-47,No,No,Yes,No,2,70.1719512195122
6631-HMANX,Male,No,Yes,No,72,Yes,Yes,DSL,No,Yes,Yes,Yes,Yes,Yes,Two year,Yes,Credit card (automatic),85.45,6227.5,No,60-72,No,No,No,No,1,86.49305555555556
9256-JTBNZ,Female,No,No,No,11,Yes,No,No,No internet service,No internet service,No internet service,No internet service,No internet service,No internet service,Month-to-month,No,Bank transfer (automatic),20.3,246.3,No,6-11,No,Yes,No,No,0,22.39090909090909
2101-RANCD,Female,No,No,No,55,Yes,Yes,Fiber optic,No,No,No,No,No,No,Month-to-month,Yes,Electronic check,73.1,4144.9,No,48-59,No,Yes,Yes,Yes,4,75.36181818181818
3070-BDOQC,Female,No,No,No,60,Yes,No,Fiber optic,No,Yes,Yes,No,Yes,Yes,Two year,Yes,Electronic check,99.65,5941.05,No,60-72,No,No,Yes,Yes,2,99.0175
9102-OXKFY,Male,No,No,No,59,Yes,Yes,DSL,No,No,Yes,No,No,No,Two year,No,Credit card (automatic),54.15,3116.15,No,48-59,No,No,No,No,3,52.81610169491525
7881-INRLC,Male,No,No,No,45,Yes,Yes,Fiber optic,No,Yes,No,No,Yes,Yes,Month-to-month,Yes,Credit card (automatic),100.85,4740.0,Yes,36-47,No,Yes,No,Yes,3,105.33333333333331
1222-KJNZD,Male,No,Yes,Yes,40,Yes,No,No,No internet service,No internet service,No internet service,No internet service,No internet service,No internet service,Month-to-month,Yes,Bank transfer (automatic),20.4,745.3,No,36-47,No,Yes,No,No,0,18.6325
7779-ORAEL,Male,Yes,Yes,No,45,Yes,Yes,DSL,Yes,No,Yes,Yes,No,Yes,Two year,No,Credit card (automatic),75.15,3480.35,No,36-47,No,No,No,No,1,77.3411111111111
1221-GHZEP,Female,No,No,No,62,Yes,No,DSL,Yes,No,No,Yes,No,Yes,Two year,Yes,Mailed check,65.1,3846.75,No,60-72,No,No,No,No,2,62.04435483870968
4503-BDXBD,Male,No,No,No,11,Yes,No,Fiber optic,No,Yes,No,No,No,No,Month-to-month,No,Electronic check,74.95,815.5,Yes,6-11,No,Yes,Yes,Yes,3,74.13636363636364
9526-JAWYF,Male,No,No,No,26,Yes,No,Fiber optic,No,Yes,Yes,No,Yes,No,Month-to-month,No,Electronic check,89.8,2335.3,Yes,24-35,No,Yes,Yes,Yes,2,89.81923076923077
4988-IQIGL,Male,Yes,No,No,1,Yes,Yes,Fiber optic,No,No,No,No,No,No,Month-to-month,Yes,Electronic check,75.35,75.35,Yes,0-5,Yes,Yes,Yes,Yes,4,75.35
6996-KNSML,Female,No,No,No,1,Yes,No,Fiber optic,No,No,Yes,No,No,No,Month-to-month,Yes,Electronic check,74.9,74.9,Yes,0-5,Yes,Yes,Yes,Yes,3,74.9
2911-IJORQ,Male,No,No,No,37,Yes,Yes,DSL,Yes,Yes,Yes,Yes,Yes,Yes,One year,Yes,Bank transfer (automatic),90.6,3358.65,No,36-47,No,No,No,No,0,90.77432432432433
5504-WSIUR,Female,No,No,No,70,Yes,Yes,Fiber optic,No,Yes,Yes,Yes,No,No,One year,Yes,Bank transfer (automatic),90.25,6385.95,No,60-72,No,No,No,Yes,1,91.22785714285716
6038-GCYEC,Female,No,No,No,24,No,No phone service,DSL,No,Yes,Yes,No,Yes,Yes,Month-to-month,Yes,Credit card (automatic),54.15,1240.25,Yes,24-35,No,Yes,No,No,2,51.677083333333336
3391-JSQEW,Male,No,Yes,No,40,Yes,No,DSL,No,Yes,No,No,No,No,Month-to-month,Yes,Mailed check,50.15,2058.5,No,36-47,No,Yes,No,No,3,51.4625
2097-YVPKN,Male,No,No,No,65,Yes,Yes,No,No internet service,No internet service,No internet service,No internet service,No internet service,No internet service,Two year,No,Mailed check,25.75,1654.75,No,60-72,No,No,No,No,0,25.45769230769231
9500-LTVBP,Female,No,No,No,35,Yes,Yes,Fiber optic,No,No,No,Yes,No,No,Month-to-month,No,Credit card (automatic),80.05,2835.9,No,24-35,No,Yes,No,Yes,3,81.02571428571429
7901-HXJVA,Male,No,No,No,14,Yes,No,Fiber optic,No,No,Yes,No,No,No,Month-to-month,No,Electronic check,76.45,1117.55,No,12-23,No,Yes,Yes,Yes,3,79.825
6556-DBKZF,Female,No,Yes,Yes,71,Yes,No,Fiber optic,No,No,Yes,No,No,No,Two year,No,Electronic check,76.05,5436.45,No,60-72,No,No,Yes,Yes,3,76.56971830985916
7077-XJMET,Male,No,Yes,No,12,Yes,No,DSL,No,No,Yes,Yes,Yes,Yes,Month-to-month,Yes,Electronic check,74.15,741.4,No,12-23,No,Yes,Yes,No,2,61.78333333333333
3170-NMYVV,Female,No,Yes,Yes,50,Yes,No,No,No internet service,No internet service,No internet service,No internet service,No internet service,No internet service,Two year,No,Bank transfer (automatic),20.15,930.9,No,48-59,No,No,No,No,0,18.618
5396-IZEPB,Male,No,No,No,9,Yes,No,No,No internet service,No internet service,No internet service,No internet service,No internet service,No internet service,Month-to-month,No,Credit card (automatic),19.7,180.7,No,6-11,No,Yes,No,No,0,20.077777777777776
8944-AILEF,Male,No,Yes,No,15,Yes,No,No,No internet service,No internet service,No internet service,No internet service,No internet service,No internet service,Month-to-month,Yes,Credit card (automatic),19.45,340.85,No,12-23,No,Yes,No,No,0,22.723333333333336
2018-QKYGT,Male,No,Yes,Yes,1,Yes,No,Fiber optic,No,No,No,No,No,Yes,Month-to-month,Yes,Electronic check,81.05,81.05,No,0-5,Yes,Yes,Yes,Yes,4,81.05
0799-DDIHE,Female,No,Yes,Yes,15,Yes,No,DSL,No,No,No,No,No,No,Month-to-month,No,Electronic check,46.3,639.45,No,12-23,No,Yes,Yes,No,4,42.63
5472-CVMDX,Female,No,No,No,68,No,No phone service,DSL,Yes,No,Yes,Yes,No,No,Two year,No,Mailed check,38.9,2719.2,No,60-72,No,No,No,No,1,39.98823529411764
3209-ZPKFI,Male,No,Yes,Yes,47,Yes,Yes,DSL,No,Yes,No,No,No,No,Month-to-month,No,Electronic check,54.25,2538.2,No,36-47,No,Yes,Yes,No,3,54.00425531914893
1254-IZEYF,Female,Yes,No,No,31,Yes,Yes,Fiber optic,No,Yes,No,No,Yes,Yes,Month-to-month,Yes,Electronic check,99.95,3186.65,Yes,24-35,No,Yes,Yes,Yes,3,102.79516129032258
4250-FDVOU,Female,No,No,No,6,Yes,No,DSL,Yes,Yes,No,No,No,No,Month-to-month,No,Electronic check,56.25,389.1,Yes,6-11,No,Yes,Yes,No,2,64.85000000000001
0178-SZBHO,Male,No,Yes,Yes,47,Yes,Yes,Fiber optic,No,Yes,No,No,Yes,No,Month-to-month,No,Electronic check,87.2,4017.45,No,36-47,No,Yes,Yes,Yes,3,85.47765957446808
8917-FAEMR,Female,No,No,No,37,Yes,No,No,No internet service,No internet service,No internet service,No internet service,No internet service,No internet service,Two year,No,Mailed check,19.85,784.25,No,36-47,No,No,No,No,0,21.195945945945947
6586-PSJOX,Male,No,No,Yes,15,Yes,No,DSL,No,No,Yes,Yes,No,No,One year,No,Credit card (automatic),55.2,864.55,No,12-23,No,No,No,No,2,57.63666666666666
3096-IZETN,Female,No,No,No,12,Yes,No,Fiber optic,No,No,No,No,No,Yes,Month-to-month,No,Bank transfer (automatic),78.1,947.3,Yes,12-23,No,Yes,No,Yes,4,78.94166666666666
0661-XEYAN,Female,Yes,No,No,1,No,No phone service,DSL,No,No,No,No,No,No,Month-to-month,Yes,Mailed check,25.8,25.8,Yes,0-5,Yes,Yes,No,No,4,25.8
2408-WITXK,Female,Yes,No,No,10,No,No phone service,DSL,No,No,No,No,No,Yes,Month-to-month,Yes,Electronic check,34.7,329.8,Yes,6-11,No,Yes,Yes,No,4,32.980000000000004
6257-DTAYD,Male,No,Yes,No,71,Yes,Yes,Fiber optic,No,Yes,No,Yes,Yes,Yes,Two year,Yes,Credit card (automatic),104.15,7365.3,No,60-72,No,No,No,Yes,2,103.73661971830988
1723-HKXJQ,Male,No,No,No,42,Yes,Yes,Fiber optic,No,Yes,No,No,Yes,Yes,Month-to-month,Yes,Electronic check,101.75,4273.45,Yes,36-47,No,Yes,Yes,Yes,3,101.74880952380953
6656-GULJQ,Male,No,Yes,Yes,72,Yes,Yes,DSL,Yes,No,Yes,Yes,Yes,Yes,Two year,Yes,Credit card (automatic),83.55,6093.3,No,60-72,No,No,No,No,1,84.62916666666666
4929-ROART,Male,No,No,No,18,Yes,Yes,DSL,Yes,No,No,No,No,No,Month-to-month,No,Mailed check,56.25,969.85,No,12-23,No,Yes,No,No,3,53.88055555555556
1790-NESIO,Female,No,No,No,13,Yes,No,No,No internet service,No internet service,No internet service,No internet service,No internet service,No internet service,Two year,Yes,Mailed check,20.4,261.3,No,12-23,No,No,No,No,0,20.1
1469-LBJQJ,Female,No,Yes,No,66,Yes,Yes,Fiber optic,No,Yes,Yes,No,Yes,Yes,Month-to-month,Yes,Electronic check,105.2,6936.85,No,60-72,No,Yes,Yes,Yes,2,105.10378787878788
3007-FDPEA,Female,No,No,No,2,Yes,No,No,No internet service,No internet service,No internet service,No internet service,No internet service,No internet service,Month-to-month,Yes,Bank transfer (automatic),20.7,39.85,No,0-5,Yes,Yes,No,No,0,19.925
5090-EMGTC,Female,No,Yes,No,59,Yes,No,Fiber optic,No,Yes,No,Yes,Yes,Yes,Two year,Yes,Mailed check,100.05,6034.85,No,48-59,No,No,No,Yes,2,102.285593220339
7018-FPXHH,Male,No,Yes,Yes,56,Yes,No,DSL,Yes,Yes,Yes,No,No,No,Two year,Yes,Bank transfer (automatic),59.8,3457.45,No,48-59,No,No,No,No,1,61.740178571428565
3874-EQOEP,Male,No,No,No,7,Yes,Yes,Fiber optic,No,No,No,No,Yes,Yes,Month-to-month,No,Mailed check,95.0,655.5,Yes,6-11,No,Yes,No,Yes,4,93.64285714285714
7729-JTEEC,Male,No,Yes,Yes,2,Yes,No,DSL,No,No,No,No,No,No,Month-to-month,Yes,Electronic check,44.5,90.05,No,0-5,Yes,Yes,Yes,No,4,45.025
1950-KSVVJ,Female,No,Yes,No,45,Yes,Yes,Fiber optic,Yes,Yes,Yes,Yes,Yes,Yes,One year,No,Mailed check,113.3,5032.25,No,36-47,No,No,No,Yes,0,111.82777777777778
1453-RZFON,Female,No,No,Yes,1,Yes,No,DSL,Yes,No,No,No,No,No,Month-to-month,No,Mailed check,49.9,49.9,No,0-5,Yes,Yes,No,No,3,49.9
4931-TRZWN,Female,No,No,No,13,Yes,No,DSL,Yes,No,No,No,Yes,Yes,Month-to-month,Yes,Electronic check,71.95,923.85,No,12-23,No,Yes,Yes,No,3,71.06538461538462
5084-OOVCJ,Female,No,Yes,Yes,17,Yes,No,DSL,Yes,No,No,Yes,No,No,Month-to-month,Yes,Credit card (automatic),55.35,920.5,No,12-23,No,Yes,No,No,2,54.14705882352941
2160-GPFXD,Male,No,Yes,Yes,54,Yes,Yes,DSL,Yes,Yes,No,Yes,No,No,Two year,Yes,Credit card (automatic),65.65,3566.7,No,48-59,No,No,No,No,1,66.05
8626-XHBIE,Male,No,No,Yes,56,Yes,Yes,No,No internet service,No internet service,No internet service,No internet service,No internet service,No internet service,Two year,Yes,Mailed check,24.8,1424.2,No,48-59,No,No,No,No,0,25.432142857142857
8350-NYMVI,Female,No,No,No,39,No,No phone service,DSL,No,Yes,Yes,Yes,No,No,Month-to-month,No,Bank transfer (automatic),41.1,1597.05,No,36-47,No,Yes,No,No,1,40.95
7661-CPURM,Male,No,No,No,19,Yes,No,Fiber optic,No,No,No,Yes,No,Yes,One year,Yes,Credit card (automatic),87.7,1725.95,No,12-23,No,No,No,Yes,3,90.83947368421052
8547-NSBBO,Male,No,No,No,35,Yes,Yes,Fiber optic,Yes,Yes,Yes,Yes,No,No,Month-to-month,Yes,Mailed check,96.75,3403.4,No,24-35,No,Yes,No,Yes,0,97.24
6173-ITPWD,Male,No,Yes,No,47,Yes,Yes,Fiber optic,No,Yes,Yes,No,No,No,Month-to-month,Yes,Bank transfer (automatic),83.35,4065.0,Yes,36-47,No,Yes,No,Yes,2,86.48936170212765
1728-CXQBE,Male,Yes,Yes,No,64,Yes,Yes,Fiber optic,No,Yes,Yes,No,No,Yes,Month-to-month,Yes,Electronic check,94.25,6081.4,No,60-72,No,Yes,Yes,Yes,2,95.021875
2694-CIUMO,Female,No,No,No,12,Yes,Yes,Fiber optic,No,No,No,Yes,No,No,Month-to-month,Yes,Credit card (automatic),79.55,958.25,No,12-23,No,Yes,No,Yes,3,79.85416666666667
4686-GEFRM,Male,No,Yes,No,70,Yes,Yes,Fiber optic,No,Yes,Yes,Yes,No,Yes,Two year,Yes,Bank transfer (automatic),98.7,6858.9,No,60-72,No,No,No,Yes,1,97.9842857142857
5449-FIBXJ,Male,No,Yes,Yes,19,Yes,Yes,Fiber optic,No,No,Yes,Yes,Yes,Yes,Month-to-month,No,Electronic check,103.3,2012.7,Yes,12-23,No,Yes,Yes,Yes,2,105.93157894736842
7895-VONWT,Female,No,No,No,25,No,No phone service,DSL,No,No,Yes,No,Yes,Yes,Month-to-month,Yes,Electronic check,48.25,1293.8,No,24-35,No,Yes,Yes,No,3,51.752
4145-UQXUQ,Female,Yes,No,No,8,Yes,No,Fiber optic,No,No,Yes,No,Yes,Yes,Month-to-month,Yes,Electronic check,92.1,729.95,Yes,6-11,No,Yes,Yes,Yes,3,91.24375
2898-MRKPI,Male,No,Yes,Yes,68,Yes,Yes,Fiber optic,No,Yes,No,No,Yes,Yes,One year,Yes,Credit card (automatic),101.05,6770.5,No,60-72,No,No,No,Yes,3,99.56617647058825
7605-SNLQG,Female,No,Yes,No,45,Yes,No,DSL,No,No,Yes,No,No,No,Month-to-month,Yes,Credit card (automatic),50.25,2221.55,No,36-47,No,Yes,No,No,3,49.36777777777778
6007-TCTST,Female,No,Yes,Yes,72,Yes,Yes,Fiber optic,Yes,Yes,Yes,Yes,Yes,Yes,Two year,Yes,Bank transfer (automatic),115.8,8476.5,No,60-72,No,No,No,Yes,0,117.72916666666669
0013-EXCHZ,Female,Yes,Yes,No,3,Yes,No,Fiber optic,No,No,No,Yes,Yes,No,Month-to-month,Yes,Mailed check,83.9,267.4,Yes,0-5,Yes,Yes,No,Yes,3,89.13333333333333
2961-VNFKL,Female,No,Yes,No,71,Yes,Yes,No,No internet service,No internet service,No internet service,No internet service,No internet service,No internet service,Two year,Yes,Credit card (automatic),25.95,1801.9,No,60-72,No,No,No,No,0,25.378873239436626
7074-IEVOJ,Female,Yes,No,No,3,Yes,Yes,Fiber optic,No,Yes,No,No,No,No,Month-to-month,Yes,Electronic check,79.4,205.05,Yes,0-5,Yes,Yes,Yes,Yes,3,68.35000000000001
2662-NNTDK,Male,No,No,No,65,Yes,Yes,No,No internet service,No internet service,No internet service,No internet service,No internet service,No internet service,One year,No,Credit card (automatic),24.8,1600.95,No,60-72,No,No,No,No,0,24.63
7449-HVPIV,Male,No,Yes,Yes,55,Yes,Yes,Fiber optic,No,No,Yes,No,Yes,No,Month-to-month,Yes,Credit card (automatic),90.4,5099.15,No,48-59,No,Yes,No,Yes,3,92.71181818181816
9705-IOVQQ,Male,Yes,Yes,Yes,61,Yes,Yes,Fiber optic,No,Yes,No,No,Yes,Yes,One year,No,Electronic check,99.0,5969.3,No,60-72,No,No,Yes,Yes,3,97.85737704918031
9489-DEDVP,Female,No,Yes,Yes,70,Yes,Yes,DSL,Yes,Yes,No,No,Yes,No,Two year,Yes,Credit card (automatic),69.2,4872.35,No,60-72,No,No,No,No,2,69.605
6839-ITVZJ,Female,No,Yes,Yes,26,Yes,Yes,DSL,No,Yes,No,Yes,No,No,Month-to-month,Yes,Electronic check,60.05,1616.15,Yes,24-35,No,Yes,Yes,No,2,62.159615384615385
9026-LHEVG,Female,No,No,No,9,No,No phone service,DSL,No,Yes,No,No,No,Yes,Month-to-month,No,Electronic check,40.75,359.4,No,6-11,No,Yes,Yes,No,3,39.93333333333333
0533-BNWKF,Female,Yes,Yes,No,55,Yes,Yes,Fiber optic,No,Yes,Yes,No,No,No,Month-to-month,Yes,Electronic check,85.45,4874.7,Yes,48-59,No,Yes,Yes,Yes,2,88.63090909090909
6963-KQYQB,Female,No,Yes,Yes,70,Yes,Yes,No,No internet service,No internet service,No internet service,No internet service,No internet service,No internet service,Two year,No,Mailed check,24.05,1764.75,No,60-72,No,No,No,No,0,25.210714285714285
6916-HIJSE,Female,No,No,No,65,Yes,No,DSL,Yes,Yes,Yes,Yes,Yes,Yes,Two year,Yes,Bank transfer (automatic),84.85,5459.2,No,60-72,No,No,No,No,0,83.9876923076923
5266-PFRQK,Male,No,Yes,Yes,52,Yes,No,No,No internet service,No internet service,No internet service,No internet service,No internet service,No internet service,One year,Yes,Credit card (automatic),20.85,1071.6,No,48-59,No,No,No,No,0,20.607692307692307
0096-FCPUF,Male,No,No,No,30,Yes,Yes,DSL,Yes,No,No,No,No,Yes,Month-to-month,Yes,Mailed check,64.5,1888.45,No,24-35,No,Yes,No,No,3,62.94833333333334
1157-BQCUW,Male,No,No,No,1,Yes,Yes,Fiber optic,No,No,No,No,No,No,Month-to-month,Yes,Electronic check,74.95,74.95,Yes,0-5,Yes,Yes,Yes,Yes,4,74.95
4622-YNKIJ,Male,No,No,No,33,Yes,No,Fiber optic,Yes,No,No,Yes,Yes,No,Two year,Yes,Electronic check,88.95,3027.65,No,24-35,No,No,Yes,Yes,2,91.7469696969697
8718-PTMEZ,Female,No,No,No,13,No,No phone service,DSL,No,Yes,No,No,No,No,Month-to-month,Yes,Electronic check,31.05,347.25,Yes,12-23,No,Yes,Yes,No,3,26.71153846153846
2181-UAESM,Male,No,No,No,2,Yes,No,DSL,Yes,No,Yes,No,No,No,Month-to-month,No,Electronic check,53.45,119.5,No,0-5,Yes,Yes,Yes,No,2,59.75
5996-NRVXR,Male,Yes,Yes,No,40,Yes,No,Fiber optic,Yes,Yes,Yes,Yes,Yes,No,One year,Yes,Credit card (automatic),98.15,4116.8,No,36-47,No,No,No,Yes,0,102.92
3351-NQLDI,Female,No,Yes,Yes,67,Yes,Yes,Fiber optic,Yes,No,No,Yes,No,Yes,One year,Yes,Credit card (automatic),94.35,6341.45,Yes,60-72,No,No,No,Yes,2,94.64850746268657
6128-CZOMY,Female,No,No,No,1,Yes,No,DSL,No,No,No,No,No,No,Month-to-month,Yes,Electronic check,45.65,45.65,Yes,0-5,Yes,Yes,Yes,No,4,45.65
5868-YWPDW,Male,Yes,Yes,No,6,Yes,No,Fiber optic,No,Yes,No,No,No,Yes,Month-to-month,Yes,Electronic check,84.2,519.15,Yes,6-11,No,Yes,Yes,Yes,3,86.52499999999999
1073-XXCZD,Male,No,Yes,No,55,Yes,Yes,No,No internet service,No internet service,No internet service,No internet service,No internet service,No internet service,Two year,No,Bank transfer (automatic),25.7,1443.65,No,48-59,No,No,No,No,0,26.24818181818182
4274-DRSQT,Female,No,No,No,66,Yes,Yes,Fiber optic,No,Yes,No,No,Yes,No,One year,Yes,Bank transfer (automatic),88.9,6000.1,No,60-72,No,No,No,Yes,3,90.91060606060609
0562-KBDVM,Female,No,No,No,70,No,No phone service,DSL,Yes,Yes,Yes,Yes,No,No,Two year,Yes,Bank transfer (automatic),44.6,3058.15,No,60-72,No,No,No,No,0,43.68785714285715
3643-AHCFP,Male,Yes,Yes,No,7,Yes,Yes,Fiber optic,No,No,No,No,Yes,Yes,Month-to-month,Yes,Bank transfer (automatic),95.6,644.35,Yes,6-11,No,Yes,No,Yes,4,92.05
0390-DCFDQ,Female,Yes,Yes,No,1,Yes,No,Fiber optic,No,No,No,No,No,No,Month-to-month,Yes,Mailed check,70.45,70.45,Yes,0-5,Yes,Yes,No,Yes,4,70.45
3778-FOAQW,Female,No,Yes,No,24,Yes,No,No,No internet service,No internet service,No internet service,No internet service,No internet service,No internet service,One year,No,Mailed check,20.15,456.85,No,24-35,No,No,No,No,0,19.035416666666663
8218-FFJDS,Female,No,Yes,No,72,Yes,Yes,DSL,Yes,Yes,No,Yes,Yes,Yes,Two year,Yes,Bank transfer (automatic),86.4,6058.95,No,60-72,No,No,No,No,1,84.15208333333334
6546-OPBBH,Male,No,Yes,Yes,51,Yes,Yes,No,No internet service,No internet service,No internet service,No internet service,No internet service,No internet service,One year,Yes,Mailed check,23.95,1216.35,No,48-59,No,No,No,No,0,23.85
4607-CHPCA,Male,No,Yes,Yes,25,Yes,No,Fiber optic,No,No,No,No,Yes,Yes,One year,Yes,Electronic check,90.4,2178.6,Yes,24-35,No,No,Yes,Yes,4,87.14399999999999
3340-QBBFM,Male,Yes,Yes,No,36,Yes,No,DSL,No,No,Yes,Yes,No,No,One year,No,Credit card (automatic),54.1,1992.85,No,36-47,No,No,No,No,2,55.35694444444445
7493-TPUWZ,Male,No,No,No,1,Yes,Yes,Fiber optic,No,Yes,No,No,No,No,Month-to-month,Yes,Electronic check,79.15,79.15,Yes,0-5,Yes,Yes,Yes,Yes,3,79.15
3258-SYSWS,Male,Yes,No,No,72,Yes,Yes,Fiber optic,Yes,Yes,Yes,Yes,Yes,Yes,Two year,No,Bank transfer (automatic),113.8,7845.8,No,60-72,No,No,No,Yes,0,108.96944444444443
3178-FESZO,Female,No,No,No,1,Yes,Yes,Fiber optic,No,Yes,No,No,Yes,Yes,Month-to-month,Yes,Credit card (automatic),100.25,100.25,Yes,0-5,Yes,Yes,No,Yes,3,100.25
6188-UXBBR,Female,No,Yes,No,38,Yes,No,No,No internet service,No internet service,No internet service,No internet service,No internet service,No internet service,One year,Yes,Credit card (automatic),20.25,814.75,No,36-47,No,No,No,No,0,21.44078947368421
2039-JONDJ,Male,No,No,No,27,Yes,No,DSL,Yes,Yes,No,No,No,No,One year,No,Bank transfer (automatic),55.45,1477.65,No,24-35,No,No,No,No,2,54.72777777777778
1360-XFJMR,Female,No,Yes,No,67,Yes,Yes,Fiber optic,No,Yes,Yes,Yes,Yes,Yes,One year,Yes,Credit card (automatic),109.7,7344.45,No,60-72,No,No,No,Yes,1,109.6186567164179
4732-RRJZC,Male,No,Yes,Yes,7,Yes,No,No,No internet service,No internet service,No internet service,No internet service,No internet service,No internet service,Month-to-month,No,Mailed check,20.25,144.35,No,6-11,No,Yes,No,No,0,20.62142857142857
5006-MXVRN,Female,No,No,No,39,Yes,No,No,No internet service,No internet service,No internet service,No internet service,No internet service,No internet service,Two year,No,Credit card (automatic),20.7,762.45,No,36-47,No,No,No,No,0,19.55
5277-ZLOOR,Female,Yes,No,No,2,Yes,Yes,Fiber optic,No,No,No,No,Yes,No,Month-to-month,Yes,Electronic check,85.55,187.45,Yes,0-5,Yes,Yes,Yes,Yes,4,93.725
7964-VEXDG,Male,No,No,Yes,21,Yes,Yes,Fiber optic,Yes,No,No,No,No,No,Month-to-month,No,Electronic check,80.35,1747.2,No,12-23,No,Yes,Yes,Yes,3,83.2
6686-YPGHK,Male,Yes,No,No,47,Yes,No,Fiber optic,Yes,No,No,No,No,Yes,Month-to-month,No,Mailed check,85.5,4042.3,Yes,36-47,No,Yes,No,Yes,3,86.00638297872341
6267-DCFFZ,Female,Yes,Yes,No,30,Yes,Yes,Fiber optic,No,Yes,No,No,Yes,No,Month-to-month,Yes,Electronic check,90.05,2627.2,No,24-35,No,Yes,Yes,Yes,3,87.57333333333332
4030-VPZBD,Female,No,No,No,2,No,No phone service,DSL,No,No,No,Yes,No,No,Month-to-month,Yes,Electronic check,30.9,59.05,Yes,0-5,Yes,Yes,Yes,No,3,29.525
6574-MCOEH,Female,No,Yes,Yes,33,Yes,Yes,DSL,No,No,Yes,Yes,Yes,Yes,One year,Yes,Electronic check,79.15,2531.4,No,24-35,No,No,Yes,No,2,76.70909090909092
8705-DWKTI,Male,No,No,No,52,Yes,No,Fiber optic,No,No,Yes,No,No,Yes,Month-to-month,Yes,Credit card (automatic),83.8,4331.4,No,48-59,No,Yes,No,Yes,3,83.29615384615384
4786-UKSNZ,Male,No,No,No,1,Yes,No,No,No internet service,No internet service,No internet service,No internet service,No internet service,No internet service,Month-to-month,No,Mailed check,20.2,20.2,Yes,0-5,Yes,Yes,No,No,0,20.2
7064-JHXCE,Male,No,Yes,Yes,62,Yes,No,No,No internet service,No internet service,No internet service,No internet service,No internet service,No internet service,Two year,No,Credit card (automatic),20.05,1263.9,No,60-72,No,No,No,No,0,20.385483870967743
8217-QYOHV,Male,No,No,No,5,Yes,No,DSL,Yes,No,No,Yes,No,No,Month-to-month,Yes,Mailed check,55.75,266.95,No,0-5,No,Yes,No,No,2,53.39
6390-DSAZX,Female,No,No,Yes,1,Yes,No,Fiber optic,Yes,No,No,No,No,No,Month-to-month,Yes,Mailed check,73.6,73.6,Yes,0-5,Yes,Yes,No,Yes,3,73.6
6036-TTFYU,Female,No,Yes,No,16,Yes,No,No,No internet service,No internet service,No internet service,No internet service,No internet service,No internet service,Month-to-month,No,Mailed check,19.6,314.45,No,12-23,No,Yes,No,No,0,19.653125
6976-BWGLQ,Female,No,Yes,Yes,72,Yes,Yes,No,No internet service,No internet service,No internet service,No internet service,No internet service,No internet service,Two year,No,Bank transfer (automatic),25.2,1787.35,No,60-72,No,No,No,No,0,24.824305555555554
4359-INNWN,Female,No,No,No,17,Yes,No,No,No internet service,No internet service,No internet service,No internet service,No internet service,No internet service,One year,No,Credit card (automatic),20.05,337.9,No,12-23,No,No,No,No,0,19.876470588235293
9206-GVPEQ,Male,No,Yes,No,13,No,No phone service,DSL,Yes,No,No,Yes,Yes,Yes,Month-to-month,Yes,Electronic check,54.45,706.85,Yes,12-23,No,Yes,Yes,No,2,54.37307692307692
7730-IUTDZ,Male,No,No,No,43,Yes,No,Fiber optic,Yes,No,No,No,No,No,Month-to-month,Yes,Electronic check,75.2,3198.6,Yes,36-47,No,Yes,Yes,Yes,3,74.38604651162791
3420-YJLQT,Female,No,No,No,2,Yes,Yes,Fiber optic,No,Yes,No,No,No,No,Month-to-month,No,Electronic check,79.55,151.75,No,0-5,Yes,Yes,Yes,Yes,3,75.875
2146-EGVDT,Male,No,Yes,Yes,59,Yes,No,No,No internet service,No internet service,No internet service,No internet service,No internet service,No internet service,Two year,No,Credit card (automatic),19.3,1192.7,No,48-59,No,No,No,No,0,20.215254237288136
6646-VRFOL,Male,Yes,Yes,No,53,Yes,Yes,Fiber optic,No,Yes,Yes,No,Yes,Yes,Month-to-month,Yes,Electronic check,103.85,5485.5,Yes,48-59,No,Yes,Yes,Yes,2,103.5
1116-DXXDF,Male,No,No,No,39,Yes,No,Fiber optic,Yes,No,Yes,No,Yes,Yes,Two year,Yes,Electronic check,100.45,3801.7,No,36-47,No,No,Yes,Yes,2,97.47948717948718
8267-ZNYVZ,Female,No,Yes,No,33,Yes,No,Fiber optic,Yes,No,Yes,Yes,Yes,Yes,One year,Yes,Electronic check,103.75,3361.05,Yes,24-35,No,No,Yes,Yes,1,101.85
3662-FXJFO,Female,No,No,No,54,Yes,No,No,No internet service,No internet service,No internet service,No internet service,No internet service,No internet service,Two year,Yes,Mailed check,20.5,1035.7,No,48-59,No,No,No,No,0,19.17962962962963
9873-MNDKV,Female,No,No,No,11,Yes,No,DSL,No,No,No,No,No,No,Month-to-month,Yes,Mailed check,44.65,472.25,No,6-11,No,Yes,No,No,4,42.93181818181818
3635-QQRQD,Male,No,No,No,62,Yes,No,No,No internet service,No internet service,No internet service,No internet service,No internet service,No internet service,Two year,Yes,Credit card (automatic),20.05,1201.65,No,60-72,No,No,No,No,0,19.381451612903227
2202-CUYXZ,Male,No,No,No,1,Yes,No,Fiber optic,No,No,Yes,No,Yes,No,Month-to-month,Yes,Electronic check,84.85,84.85,Yes,0-5,Yes,Yes,Yes,Yes,3,84.85
4559-UWIHT,Male,No,Yes,No,14,Yes,Yes,Fiber optic,No,Yes,Yes,No,No,No,Month-to-month,Yes,Electronic check,82.65,1185.0,No,12-23,No,Yes,Yes,Yes,2,84.64285714285714
3092-IGHWF,Male,No,Yes,Yes,67,Yes,Yes,Fiber optic,No,Yes,Yes,No,No,No,One year,No,Electronic check,87.4,5918.8,Yes,60-72,No,No,Yes,Yes,2,88.34029850746269
5515-AKOAJ,Female,No,No,No,54,Yes,Yes,Fiber optic,No,No,No,Yes,Yes,Yes,Month-to-month,Yes,Electronic check,100.1,5440.9,Yes,48-59,No,Yes,Yes,Yes,3,100.7574074074074
1699-HPSBG,Male,No,No,No,12,Yes,No,DSL,No,No,No,Yes,Yes,No,One year,Yes,Electronic check,59.8,727.8,Yes,12-23,No,No,Yes,No,3,60.65
9738-QLWTP,Male,No,No,No,39,Yes,No,Fiber optic,No,No,Yes,Yes,No,No,One year,No,Electronic check,81.9,3219.75,No,36-47,No,No,Yes,Yes,2,82.5576923076923
9090-SGQXL,Male,Yes,Yes,No,68,Yes,Yes,Fiber optic,No,Yes,Yes,No,Yes,Yes,Month-to-month,Yes,Electronic check,105.3,7299.65,Yes,60-72,No,Yes,Yes,Yes,2,107.34779411764706
2545-LXYVJ,Male,No,Yes,No,72,Yes,No,No,No internet service,No internet service,No internet service,No internet service,No internet service,No internet service,Two year,No,Bank transfer (automatic),20.7,1492.1,No,60-72,No,No,No,No,0,20.72361111111111
2896-TBNBE,Male,No,Yes,No,40,Yes,No,Fiber optic,No,Yes,Yes,No,No,No,One year,No,Electronic check,80.8,3132.75,No,36-47,No,No,Yes,Yes,2,78.31875
8671-KKKOS,Female,No,Yes,No,46,No,No phone service,DSL,Yes,Yes,No,No,Yes,No,Month-to-month,No,Electronic check,45.55,2062.15,No,36-47,No,Yes,Yes,No,2,44.82934782608696
4290-BSXUX,Male,No,Yes,No,3,Yes,Yes,Fiber optic,No,No,No,Yes,No,No,Month-to-month,Yes,Bank transfer (automatic),79.65,251.75,Yes,0-5,Yes,Yes,No,Yes,3,83.91666666666667
7133-VBDCG,Female,No,No,No,25,Yes,No,Fiber optic,Yes,Yes,No,No,No,No,Month-to-month,Yes,Bank transfer (automatic),79.85,2015.35,Yes,24-35,No,Yes,No,Yes,2,80.61399999999999
3902-MIVLE,Male,No,Yes,Yes,63,Yes,Yes,DSL,Yes,No,Yes,Yes,No,Yes,Two year,No,Mailed check,75.7,4676.7,No,60-72,No,No,No,No,1,74.23333333333333
5578-NKCXI,Female,No,Yes,Yes,58,Yes,No,Fiber optic,Yes,Yes,No,No,Yes,Yes,One year,No,Credit card (automatic),99.25,5846.65,No,48-59,No,No,No,Yes,2,100.80431034482758
0354-WYROK,Female,Yes,Yes,Yes,31,Yes,No,Fiber optic,No,No,Yes,Yes,Yes,Yes,Month-to-month,Yes,Electronic check,98.9,2911.3,Yes,24-35,No,Yes,Yes,Yes,2,93.91290322580646
3716-LRGXK,Male,No,Yes,No,60,Yes,Yes,Fiber optic,No,No,Yes,No,Yes,Yes,Two year,No,Credit card (automatic),101.15,6067.4,No,60-72,No,No,No,Yes,3,101.12333333333332
2474-LCNUE,Female,No,Yes,No,23,Yes,Yes,DSL,No,No,No,Yes,Yes,Yes,Month-to-month,Yes,Credit card (automatic),73.65,1642.75,No,12-23,No,Yes,No,No,3,71.42391304347827
8375-KVTHK,Male,No,Yes,No,68,Yes,No,Fiber optic,No,Yes,No,Yes,Yes,Yes,One year,Yes,Electronic check,100.3,6754.35,No,60-72,No,No,Yes,Yes,2,99.32867647058823
0932-YIXYU,Female,No,No,No,47,Yes,No,No,No internet service,No internet service,No internet service,No internet service,No internet service,No internet service,Two year,No,Credit card (automatic),20.25,1029.8,No,36-47,No,No,No,No,0,21.91063829787234
7017-VFHAY,Female,No,Yes,Yes,61,Yes,Yes,Fiber optic,Yes,Yes,Yes,Yes,Yes,Yes,Two year,No,Credit card (automatic),115.1,7008.15,No,60-72,No,No,No,Yes,0,114.88770491803278
5377-NDTOU,Female,No,Yes,Yes,71,Yes,Yes,DSL,Yes,Yes,Yes,Yes,Yes,Yes,Two year,No,Mailed check,91.05,6293.75,No,60-72,No,No,No,No,0,88.6443661971831
6048-NJXHX,Male,No,Yes,No,41,Yes,No,No,No internet service,No internet service,No internet service,No internet service,No internet service,No internet service,Two year,Yes,Electronic check,19.75,899.45,No,36-47,No,No,Yes,No,0,21.93780487804878
7905-TVXTA,Female,No,No,No,5,Yes,No,DSL,Yes,No,No,Yes,Yes,No,Month-to-month,Yes,Electronic check,64.35,352.65,No,0-5,No,Yes,Yes,No,2,70.53
0511-JTEOY,Female,No,No,No,1,Yes,No,Fiber optic,No,No,No,No,No,No,Month-to-month,No,Mailed check,71.1,71.1,Yes,0-5,Yes,Yes,No,Yes,4,71.1
6582-PLFUU,Male,No,Yes,Yes,51,Yes,No,No,No internet service,No internet service,No internet service,No internet service,No internet service,No internet service,Two year,No,Credit card (automatic),19.55,1086.75,No,48-59,No,No,No,No,0,21.308823529411764
9477-LGWQI,Male,No,Yes,Yes,70,Yes,No,DSL,Yes,Yes,Yes,No,Yes,Yes,Two year,Yes,Credit card (automatic),80.15,5600.15,No,60-72,No,No,No,No,1,80.00214285714286
8332-OSJDW,Male,No,Yes,Yes,12,Yes,Yes,No,No internet service,No internet service,No internet service,No internet service,No internet service,No internet service,One year,No,Mailed check,26.4,314.95,No,12-23,No,No,No,No,0,26.245833333333334
6317-YPKDH,Female,No,No,No,1,No,No phone service,DSL,No,Yes,No,No,No,No,Month-to-month,No,Bank transfer (automatic),29.95,29.95,Yes,0-5,Yes,Yes,No,No,3,29.95
2507-QZPQS,Male,No,No,No,15,Yes,Yes,Fiber optic,No,Yes,No,Yes,No,Yes,Month-to-month,No,Electronic check,95.7,1451.1,No,12-23,No,Yes,Yes,Yes,2,96.74
1585-MQSSU,Male,No,No,No,17,Yes,No,DSL,No,No,No,Yes,No,No,Month-to-month,No,Mailed check,51.5,900.5,Yes,12-23,No,Yes,No,No,3,52.97058823529412
4009-ALQFH,Female,No,No,No,25,Yes,No,Fiber optic,No,Yes,Yes,No,Yes,Yes,Month-to-month,Yes,Electronic check,99.5,2369.05,Yes,24-35,No,Yes,Yes,Yes,2,94.762
0696-UKTOX,Male,No,No,Yes,23,Yes,No,DSL,No,Yes,No,Yes,No,No,Month-to-month,No,Electronic check,54.15,1312.45,No,12-23,No,Yes,Yes,No,2,57.06304347826087
0270-THENM,Male,No,Yes,Yes,72,Yes,Yes,DSL,Yes,Yes,Yes,Yes,No,No,Two year,No,Bank transfer (automatic),69.85,5102.35,No,60-72,No,No,No,No,0,70.86597222222223
3482-ABPKK,Female,No,No,No,28,Yes,No,DSL,Yes,No,No,Yes,No,No,One year,No,Mailed check,54.3,1546.3,No,24-35,No,No,No,No,2,55.225
2011-TRQYE,Male,No,No,No,18,No,No phone service,DSL,No,Yes,Yes,No,No,No,Month-to-month,Yes,Credit card (automatic),33.5,600.0,Yes,12-23,No,Yes,No,No,2,33.333333333333336
9603-OAIHC,Male,Yes,No,No,1,Yes,No,Fiber optic,No,No,No,No,No,No,Month-to-month,Yes,Electronic check,70.05,70.05,No,0-5,Yes,Yes,Yes,Yes,4,70.05
3457-PQBYH,Female,No,Yes,Yes,58,Yes,No,No,No internet service,No internet service,No internet service,No internet service,No internet service,No internet service,Two year,No,Credit card (automatic),20.3,1160.75,No,48-59,No,No,No,No,0,20.01293103448276
1062-LHZOD,Male,No,Yes,Yes,1,Yes,No,Fiber optic,No,No,No,No,No,No,Month-to-month,Yes,Mailed check,69.9,69.9,Yes,0-5,Yes,Yes,No,Yes,4,69.9
2969-VAPYH,Female,No,No,No,67,Yes,No,DSL,Yes,Yes,No,Yes,No,No,One year,No,Credit card (automatic),60.5,3870.0,No,60-72,No,No,No,No,1,57.76119402985075
9068-VPWQQ,Male,No,Yes,No,61,Yes,Yes,DSL,Yes,No,Yes,Yes,No,Yes,Two year,No,Credit card (automatic),75.35,4729.3,No,60-72,No,No,No,No,1,77.52950819672131
7217-JYHOQ,Male,No,Yes,Yes,24,Yes,No,DSL,Yes,Yes,No,Yes,No,Yes,Month-to-month,Yes,Credit card (automatic),70.3,1706.45,No,24-35,No,Yes,No,No,1,71.10208333333334
0829-XXPLX,Female,No,No,No,20,Yes,No,Fiber optic,Yes,No,Yes,No,Yes,No,Month-to-month,Yes,Bank transfer (automatic),89.4,1871.15,No,12-23,No,Yes,No,Yes,2,93.5575
1099-BTKWT,Female,No,Yes,No,68,No,No phone service,DSL,Yes,No,Yes,No,Yes,Yes,One year,Yes,Electronic check,54.4,3723.65,No,60-72,No,No,Yes,No,2,54.75955882352941
8777-MBMTS,Female,Yes,Yes,No,65,Yes,No,Fiber optic,No,Yes,Yes,Yes,Yes,Yes,Two year,Yes,Credit card (automatic),105.85,6725.5,No,60-72,No,No,No,Yes,1,103.46923076923076
0872-CASZJ,Male,No,Yes,No,59,Yes,Yes,DSL,Yes,No,No,Yes,No,Yes,One year,Yes,Mailed check,69.1,4096.9,No,48-59,No,No,No,No,2,69.43898305084745
1680-VDCWW,Male,No,Yes,No,12,Yes,No,No,No internet service,No internet service,No internet service,No internet service,No internet service,No internet service,One year,No,Bank transfer (automatic),19.8,202.25,No,12-23,No,No,No,No,0,16.854166666666668
2320-JRSDE,Female,No,Yes,Yes,1,Yes,No,No,No internet service,No internet service,No internet service,No internet service,No internet service,No internet service,Month-to-month,Yes,Electronic check,19.9,19.9,Yes,0-5,Yes,Yes,Yes,No,0,19.9
2330-PQGDQ,Male,No,Yes,Yes,51,Yes,Yes,Fiber optic,No,Yes,No,Yes,No,No,One year,No,Bank transfer (automatic),84.2,4299.75,No,48-59,No,No,No,Yes,2,84.30882352941177
2274-XUATA,Male,Yes,Yes,No,72,No,No phone service,DSL,Yes,Yes,Yes,Yes,Yes,Yes,Two year,Yes,Bank transfer (automatic),63.1,4685.55,No,60-72,No,No,No,No,0,65.07708333333333
0485-ZBSLN,Male,No,Yes,Yes,65,Yes,Yes,No,No internet service,No internet service,No internet service,No internet service,No internet service,No internet service,Two year,No,Credit card (automatic),24.75,1715.1,No,60-72,No,No,No,No,0,26.38615384615385
5356-CSVSQ,Female,No,No,No,3,Yes,Yes,DSL,No,No,No,Yes,Yes,No,Month-to-month,No,Electronic check,64.6,174.2,No,0-5,Yes,Yes,Yes,No,3,58.06666666666666
2378-HTWFW,Male,Yes,No,No,35,Yes,Yes,Fiber optic,Yes,No,No,No,No,Yes,Month-to-month,No,Credit card (automatic),91.0,3180.5,No,24-35,No,Yes,No,Yes,3,90.87142857142857
4822-LPTYJ,Male,No,Yes,No,72,Yes,Yes,Fiber optic,No,Yes,Yes,No,Yes,Yes,Two year,Yes,Bank transfer (automatic),103.75,7346.2,No,60-72,No,No,No,Yes,2,102.03055555555557
9067-YGSCA,Female,No,No,No,70,Yes,Yes,No,No internet service,No internet service,No internet service,No internet service,No internet service,No internet service,One year,No,Credit card (automatic),26.05,1856.4,No,60-72,No,No,No,No,0,26.52
3259-KNMRR,Male,Yes,No,No,57,Yes,Yes,DSL,No,Yes,Yes,No,Yes,Yes,Two year,Yes,Bank transfer (automatic),79.75,4438.2,No,48-59,No,No,No,No,2,77.86315789473684
4686-UXDML,Female,No,No,No,21,Yes,Yes,Fiber optic,No,Yes,No,No,Yes,Yes,Month-to-month,Yes,Credit card (automatic),99.85,1992.55,No,12-23,No,Yes,No,Yes,3,94.88333333333333
4143-OOBWZ,Male,No,Yes,No,5,Yes,Yes,Fiber optic,No,Yes,No,No,No,No,Month-to-month,Yes,Electronic check,81.3,416.3,Yes,0-5,No,Yes,Yes,Yes,3,83.26
0862-PRCBS,Female,No,Yes,Yes,68,Yes,Yes,Fiber optic,No,Yes,No,Yes,Yes,Yes,Two year,Yes,Credit card (automatic),103.75,7039.45,No,60-72,No,No,No,Yes,2,103.52132352941176
2582-FFFZR,Female,No,No,No,22,No,No phone service,DSL,No,No,Yes,No,Yes,Yes,Month-to-month,Yes,Electronic check,50.6,1073.3,No,12-23,No,Yes,Yes,No,3,48.78636363636363
7802-EFKNY,Male,No,Yes,No,5,No,No phone service,DSL,No,No,No,No,No,No,Month-to-month,Yes,Electronic check,24.95,100.4,Yes,0-5,No,Yes,Yes,No,4,20.08
1431-AIDJQ,Male,No,Yes,Yes,33,Yes,No,DSL,No,Yes,Yes,Yes,Yes,Yes,Two year,No,Credit card (automatic),82.1,2603.1,No,24-35,No,No,No,No,1,78.88181818181818
1852-QSWCD,Male,No,Yes,Yes,64,Yes,Yes,No,No internet service,No internet service,No internet service,No internet service,No internet service,No internet service,Two year,Yes,Mailed check,24.8,1514.85,No,60-72,No,No,No,No,0,23.66953125
5295-PCJOO,Male,No,No,Yes,4,Yes,No,DSL,Yes,No,No,No,No,No,Month-to-month,Yes,Electronic check,49.4,184.4,Yes,0-5,No,Yes,Yes,No,3,46.1
5687-DKDTV,Female,No,No,No,4,Yes,No,No,No internet service,No internet service,No internet service,No internet service,No internet service,No internet service,Month-to-month,No,Mailed check,20.35,77.5,Yes,0-5,No,Yes,No,No,0,19.375
6646-JPPHA,Female,Yes,No,No,14,Yes,No,Fiber optic,Yes,Yes,No,No,No,No,Month-to-month,No,Electronic check,78.85,1043.8,No,12-23,No,Yes,Yes,Yes,2,74.55714285714285
1849-RJYIG,Female,No,No,No,8,Yes,No,DSL,Yes,No,No,No,Yes,No,Month-to-month,Yes,Electronic check,60.0,487.75,No,6-11,No,Yes,Yes,No,3,60.96875
6892-EZDTG,Female,No,Yes,No,4,Yes,Yes,Fiber optic,No,Yes,No,No,Yes,No,Month-to-month,Yes,Electronic check,91.65,365.4,Yes,0-5,No,Yes,Yes,Yes,3,91.35
1855-AGAWH,Male,No,Yes,No,31,Yes,No,Fiber optic,No,No,Yes,No,Yes,Yes,One year,Yes,Electronic check,93.8,2939.8,No,24-35,No,No,Yes,Yes,3,94.83225806451614
5404-GGUKR,Male,No,No,No,5,Yes,No,DSL,No,Yes,No,No,No,No,Month-to-month,Yes,Electronic check,51.35,262.3,No,0-5,No,Yes,Yes,No,3,52.46
3642-GKTCT,Female,No,No,No,61,Yes,Yes,Fiber optic,Yes,Yes,Yes,Yes,Yes,Yes,One year,Yes,Mailed check,115.1,6993.65,No,60-72,No,No,No,Yes,0,114.65
7734-DBOAI,Female,No,Yes,Yes,1,No,No phone service,DSL,No,No,No,Yes,Yes,No,Month-to-month,No,Electronic check,40.1,40.1,Yes,0-5,Yes,Yes,Yes,No,3,40.1
9124-LHCJQ,Female,No,No,No,1,Yes,Yes,Fiber optic,No,No,No,No,No,Yes,Month-to-month,Yes,Mailed check,85.45,85.45,Yes,0-5,Yes,Yes,No,Yes,4,85.45
8780-IXSTS,Female,No,No,No,6,Yes,Yes,Fiber optic,No,Yes,No,No,Yes,No,Month-to-month,Yes,Electronic check,90.1,521.3,Yes,6-11,No,Yes,Yes,Yes,3,86.88333333333333
9897-KXHCM,Female,No,Yes,Yes,3,Yes,No,Fiber optic,No,No,No,No,No,Yes,Month-to-month,Yes,Electronic check,80.3,250.05,Yes,0-5,Yes,Yes,Yes,Yes,4,83.35000000000001
9974-JFBHQ,Male,No,No,Yes,64,Yes,No,Fiber optic,No,Yes,No,Yes,Yes,Yes,Month-to-month,Yes,Credit card (automatic),99.15,6171.2,No,60-72,No,Yes,No,Yes,2,96.425
9497-QCMMS,Male,Yes,No,No,1,Yes,Yes,Fiber optic,No,No,No,No,Yes,Yes,Month-to-month,Yes,Electronic check,93.55,93.55,Yes,0-5,Yes,Yes,Yes,Yes,4,93.55
3317-VLGQT,Female,No,Yes,No,14,Yes,No,Fiber optic,No,No,No,No,No,Yes,Month-to-month,Yes,Electronic check,78.1,1122.4,No,12-23,No,Yes,Yes,Yes,4,80.17142857142858
5696-QURRL,Male,No,No,No,1,Yes,No,DSL,No,No,No,No,No,No,Month-to-month,Yes,Mailed check,45.05,45.05,Yes,0-5,Yes,Yes,No,No,4,45.05
8138-EALND,Male,No,No,No,15,Yes,No,No,No internet service,No internet service,No internet service,No internet service,No internet service,No internet service,Month-to-month,No,Mailed check,19.75,311.6,No,12-23,No,Yes,No,No,0,20.773333333333333
0623-GDISB,Female,No,No,No,1,Yes,No,DSL,Yes,No,No,No,No,No,Month-to-month,Yes,Bank transfer (automatic),48.45,48.45,No,0-5,Yes,Yes,No,No,3,48.45
1602-IJQQE,Female,No,No,No,4,Yes,Yes,Fiber optic,No,No,No,No,No,No,Month-to-month,No,Electronic check,75.35,338.1,Yes,0-5,No,Yes,Yes,Yes,4,84.525
2962-XPMCQ,Male,No,No,No,2,Yes,No,DSL,No,No,No,No,No,No,Month-to-month,Yes,Electronic check,45.15,98.5,Yes,0-5,Yes,Yes,Yes,No,4,49.25
3606-SBKRY,Male,No,No,No,31,No,No phone service,DSL,No,No,Yes,No,Yes,Yes,One year,Yes,Electronic check,50.05,1523.4,No,24-35,No,No,Yes,No,3,49.141935483870974
9365-SRSZE,Male,Yes,Yes,No,27,Yes,No,Fiber optic,No,No,No,No,No,No,Month-to-month,Yes,Electronic check,70.55,1943.9,No,24-35,No,Yes,Yes,Yes,4,71.9962962962963
0988-AADSA,Female,No,Yes,Yes,72,Yes,Yes,DSL,Yes,Yes,Yes,Yes,No,Yes,Two year,No,Bank transfer (automatic),80.85,5824.75,No,60-72,No,No,No,No,0,80.89930555555556
5364-XYIRR,Male,No,Yes,No,51,Yes,Yes,Fiber optic,No,No,No,No,Yes,Yes,Month-to-month,Yes,Electronic check,94.65,4812.75,Yes,48-59,No,Yes,Yes,Yes,4,94.36764705882354
6967-PEJLL,Male,No,Yes,Yes,37,No,No phone service,DSL,Yes,No,Yes,Yes,No,No,One year,Yes,Electronic check,40.2,1525.35,No,36-47,No,No,Yes,No,1,41.22567567567568
5231-FIQPA,Female,No,No,No,41,Yes,No,No,No internet service,No internet service,No internet service,No internet service,No internet service,No internet service,Two year,Yes,Mailed check,19.85,810.45,No,36-47,No,No,No,No,0,19.76707317073171
6695-AMZUF,Female,No,Yes,No,70,Yes,No,DSL,Yes,Yes,Yes,Yes,Yes,Yes,Two year,No,Credit card (automatic),86.45,5950.2,No,60-72,No,No,No,No,0,85.00285714285714
5756-JYOJT,Female,No,No,No,11,Yes,No,DSL,No,No,Yes,Yes,No,Yes,One year,No,Credit card (automatic),64.9,697.25,No,6-11,No,No,No,No,2,63.38636363636363
4759-TRPLW,Male,No,No,No,1,Yes,No,Fiber optic,No,No,No,No,No,No,Month-to-month,No,Electronic check,70.4,70.4,Yes,0-5,Yes,Yes,Yes,Yes,4,70.4
5049-GLYVG,Male,No,No,No,1,Yes,No,No,No internet service,No internet service,No internet service,No internet service,No internet service,No internet service,Month-to-month,No,Mailed check,20.6,20.6,Yes,0-5,Yes,Yes,No,No,0,20.6
4797-AXPXK,Female,No,No,Yes,1,Yes,No,DSL,Yes,Yes,No,Yes,No,No,Month-to-month,Yes,Electronic check,60.0,60.0,Yes,0-5,Yes,Yes,Yes,No,1,60.0
2267-FPIMA,Male,No,Yes,No,50,Yes,Yes,Fiber optic,Yes,Yes,No,No,No,Yes,Month-to-month,Yes,Credit card (automatic),94.4,4914.9,No,48-59,No,Yes,No,Yes,2,98.298
0601-WZHJF,Male,No,Yes,No,14,No,No phone service,DSL,No,No,No,No,Yes,Yes,Month-to-month,No,Electronic check,46.35,667.7,Yes,12-23,No,Yes,Yes,No,4,47.69285714285714
4778-IZARL,Male,No,Yes,No,63,Yes,No,Fiber optic,Yes,Yes,Yes,Yes,Yes,Yes,Two year,Yes,Credit card (automatic),110.1,6705.7,No,60-72,No,No,No,Yes,0,106.43968253968254
8263-OKETD,Female,No,No,No,20,Yes,Yes,DSL,No,Yes,No,Yes,No,Yes,Month-to-month,Yes,Credit card (automatic),68.9,1370.35,No,12-23,No,Yes,No,No,2,68.5175
0872-JCPIB,Male,No,No,No,17,Yes,Yes,DSL,Yes,No,No,No,No,Yes,Month-to-month,No,Bank transfer (automatic),65.75,1111.2,No,12-23,No,Yes,No,No,3,65.36470588235295
1432-FPAXX,Female,No,No,No,29,No,No phone service,DSL,No,Yes,No,No,No,No,Month-to-month,Yes,Electronic check,30.6,856.35,Yes,24-35,No,Yes,Yes,No,3,29.529310344827586
4741-WWJQZ,Female,No,Yes,No,2,Yes,No,Fiber optic,Yes,No,No,Yes,No,No,Month-to-month,Yes,Electronic check,80.15,194.55,No,0-5,Yes,Yes,Yes,Yes,2,97.275
4525-VZCZG,Male,No,No,Yes,54,Yes,No,Fiber optic,Yes,Yes,No,Yes,Yes,Yes,One year,Yes,Electronic check,105.85,5826.65,No,48-59,No,No,Yes,Yes,1,107.90092592592592
5931-FLJJF,Male,Yes,Yes,No,7,Yes,No,Fiber optic,No,No,No,No,No,No,Month-to-month,Yes,Mailed check,70.1,467.55,Yes,6-11,No,Yes,No,Yes,4,66.79285714285714
4234-XTNEA,Male,No,No,No,2,Yes,No,Fiber optic,No,No,No,No,Yes,No,Month-to-month,Yes,Electronic check,79.95,174.45,No,0-5,Yes,Yes,Yes,Yes,4,87.225
5353-WILCI,Female,No,No,No,28,Yes,No,DSL,Yes,Yes,No,No,No,No,Month-to-month,No,Electronic check,56.05,1522.65,No,24-35,No,Yes,Yes,No,2,54.38035714285714
8639-NHQEI,Female,No,Yes,Yes,72,Yes,Yes,Fiber optic,Yes,Yes,No,No,Yes,No,Two year,Yes,Bank transfer (automatic),95.9,6954.15,No,60-72,No,No,No,Yes,2,96.58541666666666
2037-XJFUP,Male,No,Yes,No,33,Yes,No,Fiber optic,No,No,Yes,No,Yes,Yes,One year,Yes,Electronic check,95.8,3036.75,Yes,24-35,No,No,Yes,Yes,3,92.02272727272728
9152-AMKAK,Male,No,No,No,6,Yes,No,DSL,Yes,No,Yes,Yes,Yes,Yes,Two year,Yes,Mailed check,80.25,493.4,No,6-11,No,No,No,No,1,82.23333333333333
5510-BOIUJ,Male,No,No,Yes,1,Yes,No,No,No internet service,No internet service,No internet service,No internet service,No internet service,No internet service,Month-to-month,No,Mailed check,19.25,19.25,Yes,0-5,Yes,Yes,No,No,0,19.25
6371-NZYEG,Male,No,Yes,Yes,16,Yes,No,DSL,Yes,No,Yes,No,Yes,No,Two year,No,Mailed check,64.25,1024.0,No,12-23,No,No,No,No,2,64.0
9995-HOTOH,Male,No,Yes,Yes,63,No,No phone service,DSL,Yes,Yes,Yes,No,Yes,Yes,Two year,No,Electronic check,59.0,3707.6,No,60-72,No,No,Yes,No,1,58.85079365079365
4282-MSACW,Male,No,No,No,68,Yes,Yes,Fiber optic,Yes,Yes,Yes,Yes,Yes,Yes,One year,Yes,Credit card (automatic),117.2,8035.95,No,60-72,No,No,No,Yes,0,118.17573529411764
3842-IYKUE,Female,No,No,No,35,Yes,Yes,Fiber optic,No,Yes,No,Yes,No,No,Month-to-month,No,Credit card (automatic),85.3,2917.5,Yes,24-35,No,Yes,No,Yes,2,83.35714285714286
0374-IOEGQ,Female,No,No,No,3,Yes,No,DSL,No,No,No,No,No,No,Month-to-month,No,Electronic check,44.6,122.7,No,0-5,Yes,Yes,Yes,No,4,40.9
2905-KFQUV,Female,No,Yes,No,2,Yes,No,Fiber optic,No,No,No,No,No,No,Month-to-month,Yes,Credit card (automatic),70.4,154.8,No,0-5,Yes,Yes,No,Yes,4,77.4
6543-XRMYR,Female,Yes,No,No,30,Yes,Yes,Fiber optic,No,Yes,No,No,Yes,Yes,Month-to-month,Yes,Electronic check,99.7,2967.35,Yes,24-35,No,Yes,Yes,Yes,3,98.91166666666666
3198-VELRD,Female,No,Yes,Yes,3,Yes,Yes,Fiber optic,No,No,No,No,No,Yes,Month-to-month,Yes,Bank transfer (automatic),84.75,264.85,Yes,0-5,Yes,Yes,No,Yes,4,88.28333333333335
6651-RLGGM,Male,No,Yes,Yes,67,Yes,Yes,No,No internet service,No internet service,No internet service,No internet service,No internet service,No internet service,Two year,No,Mailed check,26.3,1688.9,No,60-72,No,No,No,No,0,25.207462686567165
8799-OXZMD,Female,No,No,No,28,No,No phone service,DSL,No,No,Yes,No,No,No,Month-to-month,Yes,Mailed check,29.75,790.7,No,24-35,No,Yes,No,No,3,28.23928571428572
1222-LRYKO,Male,No,No,Yes,6,Yes,Yes,No,No internet service,No internet service,No internet service,No internet service,No internet service,No internet service,Month-to-month,No,Mailed check,26.35,184.05,No,6-11,No,Yes,No,No,0,30.675
1060-ENTOF,Female,Yes,Yes,No,67,Yes,Yes,Fiber optic,Yes,Yes,Yes,Yes,No,Yes,One year,Yes,Credit card (automatic),105.4,7035.6,No,60-72,No,No,No,Yes,0,105.0089552238806
0463-ZSDNT,Male,No,No,No,10,Yes,No,DSL,No,No,No,No,No,Yes,Month-to-month,Yes,Bank transfer (automatic),56.75,503.25,No,6-11,No,Yes,No,No,4,50.325
6506-EYCNH,Female,No,Yes,Yes,28,Yes,No,No,No internet service,No internet service,No internet service,No internet service,No internet service,No internet service,Month-to-month,Yes,Bank transfer (automatic),19.55,543.8,No,24-35,No,Yes,No,No,0,19.42142857142857
3811-VBYBZ,Male,No,No,No,7,Yes,Yes,Fiber optic,No,Yes,No,No,Yes,Yes,Month-to-month,Yes,Electronic check,99.8,673.25,Yes,6-11,No,Yes,Yes,Yes,3,96.17857142857144
2668-TZSPS,Male,No,No,No,1,Yes,No,No,No internet service,No internet service,No internet service,No internet service,No internet service,No internet service,Month-to-month,No,Mailed check,20.45,20.45,No,0-5,Yes,Yes,No,No,0,20.45
9572-MTILT,Male,No,Yes,No,59,Yes,Yes,Fiber optic,Yes,Yes,Yes,Yes,Yes,No,Month-to-month,Yes,Electronic check,106.75,6252.9,Yes,48-59,No,Yes,Yes,Yes,0,105.9813559322034
2642-DTVCO,Male,Yes,No,No,9,Yes,Yes,Fiber optic,No,No,No,No,No,Yes,Month-to-month,Yes,Electronic check,85.05,746.5,Yes,6-11,No,Yes,Yes,Yes,4,82.94444444444444
4576-CSAJH,Male,No,No,No,22,Yes,No,DSL,No,Yes,No,Yes,No,No,One year,Yes,Credit card (automatic),55.15,1193.05,Yes,12-23,No,No,No,No,2,54.22954545454545
3316-UWXUY,Male,No,No,No,50,Yes,No,Fiber optic,Yes,Yes,No,Yes,No,Yes,Month-to-month,Yes,Credit card (automatic),93.5,4747.5,No,48-59,No,Yes,No,Yes,1,94.95
0266-GMEAO,Male,No,Yes,Yes,72,Yes,Yes,Fiber optic,Yes,Yes,Yes,Yes,Yes,Yes,Two year,Yes,Credit card (automatic),114.3,8058.55,No,60-72,No,No,No,Yes,0,111.92430555555556
6292-TOSSS,Male,No,No,No,50,Yes,Yes,No,No internet service,No internet service,No internet service,No internet service,No internet service,No internet service,Two year,No,Bank transfer (automatic),24.9,1195.25,No,48-59,No,No,No,No,0,23.905
1371-OJCEK,Female,No,No,No,48,Yes,Yes,No,No internet service,No internet service,No internet service,No internet service,No internet service,No internet service,One year,No,Bank transfer (automatic),24.35,1133.7,No,48-59,No,No,No,No,0,23.61875
3750-RNQKR,Female,No,No,No,12,Yes,No,No,No internet service,No internet service,No internet service,No internet service,No internet service,No internet service,Month-to-month,No,Mailed check,19.45,246.25,No,12-23,No,Yes,No,No,0,20.52083333333333
2144-BFDSO,Female,Yes,Yes,No,50,Yes,Yes,Fiber optic,Yes,Yes,Yes,No,Yes,Yes,Month-to-month,No,Bank transfer (automatic),108.75,5431.9,No,48-59,No,Yes,No,Yes,1,108.638
5073-RZGBK,Female,No,Yes,Yes,50,Yes,Yes,DSL,Yes,Yes,Yes,Yes,No,Yes,One year,Yes,Bank transfer (automatic),80.05,4042.2,No,48-59,No,No,No,No,0,80.844
7925-PNRGI,Female,No,Yes,Yes,45,Yes,Yes,DSL,Yes,Yes,Yes,Yes,Yes,No,Month-to-month,No,Mailed check,81.3,3541.1,No,36-47,No,Yes,No,No,0,78.69111111111111
8372-JUXUI,Male,No,No,Yes,1,Yes,Yes,Fiber optic,No,No,No,No,No,No,Month-to-month,Yes,Electronic check,74.35,74.35,Yes,0-5,Yes,Yes,Yes,Yes,4,74.35
7954-MLBUN,Male,No,No,No,31,Yes,No,Fiber optic,No,No,Yes,Yes,Yes,Yes,Two year,No,Bank transfer (automatic),99.45,3109.9,No,24-35,No,No,No,Yes,2,100.31935483870969
2519-LBNQL,Male,Yes,Yes,No,60,Yes,Yes,Fiber optic,No,Yes,Yes,No,Yes,Yes,One year,Yes,Electronic check,104.35,6339.45,No,60-72,No,No,Yes,Yes,2,105.6575
7892-POOKP,Female,No,Yes,No,28,Yes,Yes,Fiber optic,No,No,Yes,Yes,Yes,Yes,Month-to-month,Yes,Electronic check,104.8,3046.05,Yes,24-35,No,Yes,Yes,Yes,2,108.7875
7153-CHRBV,Female,No,Yes,Yes,57,Yes,No,DSL,Yes,No,Yes,Yes,No,No,One year,Yes,Mailed check,59.3,3274.35,No,48-59,No,No,No,No,1,57.444736842105264
4937-QPZPO,Male,No,Yes,Yes,61,Yes,Yes,Fiber optic,No,No,Yes,No,Yes,Yes,One year,Yes,Electronic check,99.9,6241.35,No,60-72,No,No,Yes,Yes,3,102.31721311475413
5002-GCQFH,Male,No,Yes,No,49,Yes,Yes,Fiber optic,Yes,Yes,No,No,Yes,No,Month-to-month,Yes,Bank transfer (automatic),93.85,4733.1,No,48-59,No,Yes,No,Yes,2,96.5938775510204
1732-FEKLD,Female,No,No,No,54,Yes,Yes,Fiber optic,No,Yes,Yes,No,Yes,No,One year,Yes,Bank transfer (automatic),94.75,5121.75,No,48-59,No,No,No,Yes,2,94.84722222222224
9178-JHUVJ,Male,No,Yes,Yes,24,Yes,Yes,No,No internet service,No internet service,No internet service,No internet service,No internet service,No internet service,Two year,Yes,Bank transfer (automatic),24.1,587.4,No,24-35,No,No,No,No,0,24.475
0611-DFXKO,Male,No,Yes,No,20,Yes,No,Fiber optic,No,No,No,No,Yes,Yes,Month-to-month,Yes,Mailed check,89.0,1820.45,Yes,12-23,No,Yes,No,Yes,4,91.0225
5197-LQXXH,Female,No,Yes,No,71,Yes,Yes,DSL,No,Yes,Yes,Yes,Yes,Yes,Two year,Yes,Credit card (automatic),83.3,5894.5,No,60-72,No,No,No,No,1,83.02112676056338
6635-CPNUN,Male,No,Yes,No,28,Yes,Yes,Fiber optic,No,Yes,Yes,No,Yes,No,Month-to-month,No,Credit card (automatic),96.6,2684.35,No,24-35,No,Yes,No,Yes,2,95.86964285714284
8098-TDCBU,Female,No,Yes,No,42,Yes,Yes,No,No internet service,No internet service,No internet service,No internet service,No internet service,No internet service,Two year,No,Electronic check,25.25,1108.2,No,36-47,No,No,Yes,No,0,26.38571428571429
2205-YMZZJ,Male,Yes,No,No,7,Yes,Yes,Fiber optic,No,No,No,No,Yes,No,Month-to-month,Yes,Electronic check,84.8,546.95,Yes,6-11,No,Yes,Yes,Yes,4,78.13571428571429
4816-JBHOV,Male,Yes,No,No,2,Yes,No,DSL,No,No,No,No,No,No,Month-to-month,Yes,Electronic check,44.7,93.7,Yes,0-5,Yes,Yes,Yes,No,4,46.85
3079-BCHLN,Male,No,Yes,No,47,Yes,No,No,No internet service,No internet service,No internet service,No internet service,No internet service,No internet service,One year,No,Bank transfer (automatic),19.9,942.95,No,36-47,No,No,No,No,0,20.06276595744681
5766-FTRTS,Male,No,Yes,No,72,Yes,No,DSL,Yes,Yes,Yes,Yes,Yes,Yes,Two year,No,Mailed check,84.45,6033.1,No,60-72,No,No,No,No,0,83.79305555555555
6341-JVQGF,Female,No,Yes,Yes,31,Yes,No,DSL,Yes,No,Yes,Yes,Yes,Yes,One year,Yes,Mailed check,81.15,2545.75,No,24-35,No,No,No,No,1,82.12096774193549
0366-NQSHS,Male,No,No,No,2,Yes,No,No,No internet service,No internet service,No internet service,No internet service,No internet service,No internet service,Month-to-month,No,Mailed check,19.35,46.35,No,0-5,Yes,Yes,No,No,0,23.175
6427-FEFIG,Female,No,Yes,Yes,24,Yes,Yes,DSL,Yes,No,Yes,No,Yes,Yes,Two year,No,Credit card (automatic),78.6,1846.65,No,24-35,No,No,No,No,2,76.94375000000001
6103-BOCOU,Female,No,No,No,26,Yes,Yes,Fiber optic,No,No,Yes,No,No,No,Month-to-month,Yes,Electronic check,80.7,2193.0,No,24-35,No,Yes,Yes,Yes,3,84.34615384615384
9117-SHLZX,Male,No,No,No,1,Yes,No,DSL,No,No,No,No,No,No,Month-to-month,Yes,Mailed check,45.7,45.7,Yes,0-5,Yes,Yes,No,No,4,45.7
7205-BAIAD,Female,No,No,No,40,Yes,No,No,No internet service,No internet service,No internet service,No internet service,No internet service,No internet service,Two year,Yes,Bank transfer (automatic),20.6,827.3,No,36-47,No,No,No,No,0,20.6825
3389-KTRXV,Female,No,Yes,Yes,23,Yes,Yes,No,No internet service,No internet service,No internet service,No internet service,No internet service,No internet service,Two year,No,Mailed check,23.85,625.65,No,12-23,No,No,No,No,0,27.20217391304348
9560-BBZXK,Female,No,No,No,36,No,No phone service,DSL,Yes,No,No,No,No,No,Two year,No,Bank transfer (automatic),31.05,1126.35,No,36-47,No,No,No,No,3,31.2875
8727-JQFHV,Male,No,Yes,Yes,57,Yes,No,No,No internet service,No internet service,No internet service,No internet service,No internet service,No internet service,Two year,No,Mailed check,20.75,1123.15,No,48-59,No,No,No,No,0,19.704385964912284
8123-QBNAZ,Female,No,Yes,Yes,36,Yes,Yes,Fiber optic,Yes,No,Yes,No,Yes,Yes,Month-to-month,Yes,Credit card (automatic),104.5,3684.95,No,36-47,No,Yes,No,Yes,2,102.35972222222222
1447-PJGGA,Female,No,No,No,57,Yes,No,Fiber optic,No,No,Yes,No,Yes,Yes,Two year,Yes,Electronic check,95.25,5464.65,Yes,48-59,No,No,Yes,Yes,3,95.87105263157896
3696-XRIEN,Female,No,No,No,50,Yes,Yes,DSL,Yes,No,Yes,Yes,Yes,Yes,One year,Yes,Credit card (automatic),82.5,4179.1,No,48-59,No,No,No,No,1,83.58200000000001
7996-MHXLW,Female,No,No,No,66,Yes,Yes,No,No internet service,No internet service,No internet service,No internet service,No internet service,No internet service,Two year,Yes,Credit card (automatic),25.15,1683.6,No,60-72,No,No,No,No,0,25.509090909090908
5222-IMUKT,Male,No,No,No,32,Yes,No,Fiber optic,No,No,No,No,Yes,Yes,Month-to-month,No,Electronic check,91.05,2871.5,No,24-35,No,Yes,Yes,Yes,4,89.734375
2979-SXESE,Female,No,Yes,Yes,17,Yes,Yes,Fiber optic,Yes,No,Yes,No,Yes,No,Month-to-month,No,Electronic check,94.4,1607.2,Yes,12-23,No,Yes,Yes,Yes,2,94.54117647058824
2186-QZEYA,Female,Yes,No,No,29,Yes,Yes,DSL,Yes,Yes,No,No,No,No,Month-to-month,Yes,Bank transfer (automatic),58.55,1718.95,No,24-35,No,Yes,No,No,2,59.27413793103448
0557-ASKVU,Female,No,Yes,Yes,18,Yes,No,DSL,No,No,Yes,Yes,No,No,One year,Yes,Credit card (automatic),54.4,957.1,No,12-23,No,No,No,No,2,53.172222222222224
4803-LBYPN,Male,No,Yes,Yes,34,Yes,No,No,No internet service,No internet service,No internet service,No internet service,No internet service,No internet service,Month-to-month,No,Mailed check,20.8,635.9,No,24-35,No,Yes,No,No,0,18.70294117647059
7312-XSBAT,Male,No,No,No,1,Yes,No,DSL,Yes,No,No,No,No,No,Month-to-month,No,Electronic check,49.75,49.75,No,0-5,Yes,Yes,Yes,No,3,49.75
0486-LGCCH,Male,No,Yes,Yes,11,Yes,No,No,No internet service,No internet service,No internet service,No internet service,No internet service,No internet service,Two year,No,Mailed check,19.65,225.75,No,6-11,No,No,No,No,0,20.522727272727277
6702-OHFWR,Male,Yes,No,No,1,No,No phone service,DSL,No,Yes,Yes,No,No,Yes,Month-to-month,Yes,Electronic check,43.3,43.3,Yes,0-5,Yes,Yes,Yes,No,2,43.3
9975-SKRNR,Male,No,No,No,1,Yes,No,No,No internet service,No internet service,No internet service,No internet service,No internet service,No internet service,Month-to-month,No,Mailed check,18.9,18.9,No,0-5,Yes,Yes,No,No,0,18.9
4992-LTJNE,Male,No,Yes,Yes,72,Yes,Yes,DSL,Yes,No,No,No,No,No,Two year,No,Bank transfer (automatic),55.3,3983.6,No,60-72,No,No,No,No,3,55.327777777777776
7601-DHFWZ,Female,No,No,No,48,Yes,Yes,No,No internet service,No internet service,No internet service,No internet service,No internet service,No internet service,Two year,No,Credit card (automatic),24.0,1183.05,No,48-59,No,No,No,No,0,24.646875
3754-DXMRT,Male,Yes,No,No,2,Yes,No,DSL,No,No,No,No,No,No,Month-to-month,Yes,Electronic check,44.15,92.65,Yes,0-5,Yes,Yes,Yes,No,4,46.325
9928-BZVLZ,Female,No,No,No,12,No,No phone service,DSL,Yes,No,Yes,Yes,No,Yes,Two year,No,Mailed check,49.85,552.1,No,12-23,No,No,No,No,1,46.00833333333333
2122-YWVYA,Female,No,No,No,18,Yes,No,Fiber optic,Yes,No,No,No,No,No,Month-to-month,Yes,Electronic check,75.4,1380.4,No,12-23,No,Yes,Yes,Yes,3,76.6888888888889
9531-NSBMR,Female,No,No,No,36,Yes,No,No,No internet service,No internet service,No internet service,No internet service,No internet service,No internet service,One year,Yes,Bank transfer (automatic),19.25,679.8,No,36-47,No,No,No,No,0,18.883333333333333
4749-VFKVB,Female,No,No,No,1,Yes,Yes,DSL,No,No,No,No,No,No,Month-to-month,Yes,Mailed check,50.1,50.1,Yes,0-5,Yes,Yes,No,No,4,50.1
0906-QVPMS,Male,No,Yes,No,72,Yes,Yes,Fiber optic,Yes,Yes,Yes,Yes,Yes,Yes,Two year,No,Bank transfer (automatic),115.15,8349.45,No,60-72,No,No,No,Yes,0,115.96458333333334
8819-WFGGJ,Male,No,Yes,No,68,No,No phone service,DSL,Yes,No,Yes,No,Yes,Yes,Two year,Yes,Bank transfer (automatic),54.1,3794.5,No,60-72,No,No,No,No,2,55.8014705882353
3612-YUNGG,Male,No,Yes,Yes,64,Yes,Yes,Fiber optic,No,Yes,Yes,Yes,Yes,Yes,Two year,Yes,Credit card (automatic),109.2,6741.15,No,60-72,No,No,No,Yes,1,105.33046875
1356-MKYSK,Male,No,No,No,6,Yes,No,DSL,Yes,No,Yes,Yes,Yes,Yes,Month-to-month,No,Credit card (automatic),78.65,483.3,No,6-11,No,Yes,No,No,1,80.55
5668-MEISB,Female,No,Yes,Yes,72,Yes,Yes,Fiber optic,Yes,Yes,Yes,Yes,Yes,No,Two year,No,Credit card (automatic),106.1,7657.4,No,60-72,No,No,No,Yes,0,106.35277777777776
9052-VKDUW,Female,Yes,Yes,No,65,Yes,Yes,Fiber optic,Yes,Yes,Yes,No,Yes,Yes,Month-to-month,Yes,Credit card (automatic),109.4,7227.45,No,60-72,No,Yes,No,Yes,1,111.19153846153846
0516-VRYBW,Female,No,No,Yes,18,Yes,No,No,No internet service,No internet service,No internet service,No internet service,No internet service,No internet service,One year,No,Bank transfer (automatic),20.15,390.85,Yes,12-23,No,No,No,No,0,21.71388888888889
5673-TIYIB,Male,No,No,No,2,No,No phone service,DSL,No,Yes,Yes,Yes,No,No,Month-to-month,Yes,Credit card (automatic),40.4,77.15,Yes,0-5,Yes,Yes,No,No,1,38.575
9885-MFVSU,Female,No,Yes,Yes,35,No,No phone service,DSL,Yes,No,No,Yes,Yes,No,Two year,Yes,Credit card (automatic),46.35,1662.05,No,24-35,No,No,No,No,2,47.48714285714286
1779-PWPMG,Female,Yes,Yes,No,72,Yes,Yes,Fiber optic,Yes,Yes,Yes,Yes,Yes,Yes,Two year,Yes,Bank transfer (automatic),114.65,8333.95,No,60-72,No,No,No,Yes,0,115.74930555555557
9323-HGFWY,Female,No,Yes,No,27,Yes,No,Fiber optic,Yes,No,No,Yes,Yes,Yes,One year,Yes,Credit card (automatic),101.9,2681.15,No,24-35,No,No,No,Yes,2,99.30185185185184
4312-KFRXN,Male,No,Yes,No,72,Yes,Yes,No,No internet service,No internet service,No internet service,No internet service,No internet service,No internet service,Two year,No,Mailed check,25.4,1710.9,No,60-72,No,No,No,No,0,23.762500000000003
9137-UIYPG,Female,No,Yes,Yes,35,Yes,No,Fiber optic,Yes,No,Yes,Yes,Yes,Yes,Month-to-month,Yes,Electronic check,106.9,3756.45,No,24-35,No,Yes,Yes,Yes,1,107.32714285714285
5968-XQIVE,Male,No,Yes,Yes,72,Yes,Yes,Fiber optic,No,Yes,No,No,Yes,No,One year,Yes,Electronic check,89.7,6588.95,No,60-72,No,No,Yes,Yes,3,91.51319444444444
9079-LWTFD,Male,No,No,No,47,Yes,Yes,Fiber optic,Yes,Yes,No,Yes,Yes,No,Month-to-month,No,Mailed check,100.75,4669.2,No,36-47,No,Yes,No,Yes,1,99.34468085106384
3689-MOZGR,Female,No,No,No,29,No,No phone service,DSL,No,No,No,Yes,No,No,Month-to-month,Yes,Electronic check,31.2,926.2,No,24-35,No,Yes,Yes,No,3,31.93793103448276
2211-RMNHO,Female,No,Yes,Yes,68,Yes,Yes,DSL,No,Yes,Yes,Yes,Yes,Yes,Two year,No,Bank transfer (automatic),85.3,5560.0,No,60-72,No,No,No,No,1,81.76470588235294
9509-MPYOD,Female,No,No,No,35,Yes,No,No,No internet service,No internet service,No internet service,No internet service,No internet service,No internet service,One year,No,Mailed check,20.75,700.45,No,24-35,No,No,No,No,0,20.012857142857143
2208-NKVVH,Male,No,Yes,Yes,43,Yes,Yes,No,No internet service,No internet service,No internet service,No internet service,No internet service,No internet service,Two year,No,Mailed check,24.25,1077.95,No,36-47,No,No,No,No,0,25.06860465116279
2804-ETQDK,Male,No,No,Yes,66,Yes,No,No,No internet service,No internet service,No internet service,No internet service,No internet service,No internet service,Two year,No,Mailed check,20.55,1357.1,No,60-72,No,No,No,No,0,20.56212121212121
9629-NHXFW,Female,No,Yes,Yes,1,Yes,No,No,No internet service,No internet service,No internet service,No internet service,No internet service,No internet service,Month-to-month,Yes,Mailed check,19.4,19.4,No,0-5,Yes,Yes,No,No,0,19.4
6532-YLWSI,Female,No,Yes,No,53,Yes,No,No,No internet service,No internet service,No internet service,No internet service,No internet service,No internet service,One year,No,Bank transfer (automatic),20.8,1021.8,Yes,48-59,No,No,No,No,0,19.279245283018867
3776-EKTKM,Female,Yes,No,No,1,No,No phone service,DSL,No,No,No,No,Yes,No,Month-to-month,Yes,Electronic check,36.45,36.45,Yes,0-5,Yes,Yes,Yes,No,4,36.45
6504-VBLFL,Male,No,Yes,No,55,Yes,No,DSL,Yes,Yes,Yes,No,No,No,Two year,No,Electronic check,58.6,3068.6,No,48-59,No,No,Yes,No,1,55.79272727272727
6754-LZUKA,Male,No,Yes,No,61,Yes,Yes,DSL,No,Yes,Yes,No,Yes,Yes,Two year,No,Bank transfer (automatic),80.9,4932.5,No,60-72,No,No,No,No,2,80.86065573770492
0575-CUQOV,Male,Yes,Yes,No,60,Yes,No,Fiber optic,No,Yes,Yes,No,Yes,Yes,One year,Yes,Electronic check,97.95,5867.0,No,60-72,No,No,Yes,Yes,2,97.78333333333332
5366-OBVMR,Female,No,Yes,No,18,Yes,No,DSL,No,No,No,Yes,No,No,Month-to-month,Yes,Mailed check,50.3,908.75,No,12-23,No,Yes,No,No,3,50.48611111111112
3520-FJGCV,Male,No,Yes,Yes,72,Yes,Yes,Fiber optic,Yes,Yes,Yes,Yes,Yes,Yes,Two year,Yes,Credit card (automatic),112.6,8126.65,No,60-72,No,No,No,Yes,0,112.87013888888887
9921-EZKBY,Male,No,No,Yes,33,Yes,Yes,Fiber optic,Yes,No,Yes,No,No,Yes,Month-to-month,Yes,Bank transfer (automatic),95.3,3275.15,No,24-35,No,Yes,No,Yes,2,99.2469696969697
5135-GRQJV,Male,Yes,Yes,No,72,Yes,Yes,Fiber optic,Yes,Yes,Yes,Yes,Yes,Yes,Two year,Yes,Mailed check,114.5,8331.95,No,60-72,No,No,No,Yes,0,115.7215277777778
5397-TUPSH,Male,Yes,Yes,No,65,Yes,No,Fiber optic,No,No,No,No,No,No,One year,Yes,Bank transfer (automatic),70.95,4555.2,No,60-72,No,No,No,Yes,4,70.08
7379-FNIUJ,Male,No,No,No,2,Yes,No,Fiber optic,Yes,Yes,No,No,Yes,Yes,Month-to-month,No,Electronic check,100.2,198.5,No,0-5,Yes,Yes,Yes,Yes,2,99.25
3786-WOVKF,Female,Yes,Yes,No,72,Yes,Yes,Fiber optic,Yes,Yes,No,No,Yes,Yes,One year,Yes,Bank transfer (automatic),106.85,7677.4,No,60-72,No,No,No,Yes,2,106.63055555555556
3859-CVCET,Female,No,No,No,4,Yes,No,DSL,No,No,No,No,No,No,Month-to-month,No,Mailed check,45.65,191.05,Yes,0-5,No,Yes,No,No,4,47.7625
9190-MFJLN,Male,Yes,No,No,19,Yes,No,Fiber optic,No,No,Yes,No,Yes,Yes,Month-to-month,Yes,Credit card (automatic),95.9,1777.9,Yes,12-23,No,Yes,No,Yes,3,93.57368421052632
5445-UTODQ,Female,No,Yes,No,7,Yes,No,Fiber optic,No,No,No,No,Yes,No,Month-to-month,Yes,Electronic check,81.1,576.65,Yes,6-11,No,Yes,Yes,Yes,4,82.37857142857142
1897-RCFUM,Female,No,Yes,Yes,39,Yes,Yes,No,No internet service,No internet service,No internet service,No internet service,No internet service,No internet service,One year,Yes,Mailed check,24.2,914.6,No,36-47,No,No,No,No,0,23.451282051282053
5898-IGSLP,Male,No,Yes,Yes,31,Yes,Yes,Fiber optic,Yes,No,Yes,Yes,No,No,Month-to-month,No,Electronic check,89.3,2823.0,No,24-35,No,Yes,Yes,Yes,1,91.06451612903226
4381-MHQDC,Female,No,No,No,47,Yes,Yes,DSL,Yes,No,Yes,Yes,No,No,Two year,Yes,Mailed check,65.0,2879.9,No,36-47,No,No,No,No,1,61.27446808510639
3055-OYMSE,Female,Yes,No,No,53,Yes,No,Fiber optic,No,Yes,No,No,No,No,Month-to-month,Yes,Credit card (automatic),73.8,4003.85,No,48-59,No,Yes,No,Yes,3,75.5443396226415
2229-DPMBI,Female,No,Yes,Yes,8,Yes,No,No,No internet service,No internet service,No internet service,No internet service,No internet service,No internet service,Two year,No,Mailed check,19.5,162.15,No,6-11,No,No,No,No,0,20.26875
4831-EOBFE,Male,No,Yes,Yes,29,Yes,No,Fiber optic,Yes,No,No,No,Yes,Yes,Month-to-month,No,Credit card (automatic),94.65,2649.15,Yes,24-35,No,Yes,No,Yes,3,91.35
8761-NSOBC,Male,No,No,No,44,Yes,No,Fiber optic,No,Yes,No,Yes,Yes,Yes,Month-to-month,No,Electronic check,100.55,4398.15,Yes,36-47,No,Yes,Yes,Yes,2,99.95795454545454
5087-SUURX,Female,No,Yes,No,18,No,No phone service,DSL,No,No,Yes,No,Yes,No,Month-to-month,Yes,Electronic check,39.05,669.85,Yes,12-23,No,Yes,Yes,No,3,37.21388888888889
5859-HZYLF,Male,No,Yes,Yes,26,Yes,No,No,No internet service,No internet service,No internet service,No internet service,No internet service,No internet service,Two year,Yes,Credit card (automatic),19.15,515.75,No,24-35,No,No,No,No,0,19.83653846153846
4616-EWBNJ,Female,No,No,No,16,Yes,No,No,No internet service,No internet service,No internet service,No internet service,No internet service,No internet service,One year,No,Bank transfer (automatic),20.1,318.6,No,12-23,No,No,No,No,0,19.9125
8118-TJAFG,Male,No,Yes,Yes,9,Yes,No,Fiber optic,No,Yes,No,Yes,Yes,Yes,Month-to-month,Yes,Electronic check,101.5,906.85,No,6-11,No,Yes,Yes,Yes,2,100.76111111111112
8200-KLNYW,Female,No,Yes,No,21,Yes,No,DSL,Yes,No,Yes,Yes,Yes,Yes,One year,No,Mailed check,80.9,1714.95,No,12-23,No,No,No,No,1,81.66428571428571
0620-DLSLK,Female,No,No,No,13,Yes,No,Fiber optic,No,No,No,No,Yes,No,Month-to-month,Yes,Mailed check,81.9,1028.9,No,12-23,No,Yes,No,Yes,4,79.14615384615385
2460-FPSYH,Female,Yes,No,No,40,No,No phone service,DSL,Yes,Yes,No,No,Yes,Yes,Month-to-month,Yes,Electronic check,55.8,2109.35,Yes,36-47,No,Yes,Yes,No,2,52.73375
9766-HGEDE,Female,No,Yes,No,17,Yes,No,No,No internet service,No internet service,No internet service,No internet service,No internet service,No internet service,One year,No,Mailed check,19.35,307.0,No,12-23,No,No,No,No,0,18.058823529411764
3920-HIHMQ,Female,No,No,Yes,26,Yes,Yes,DSL,No,No,No,No,No,No,Month-to-month,Yes,Mailed check,49.5,1265.65,No,24-35,No,Yes,No,No,4,48.67884615384616
4583-PARNH,Male,Yes,Yes,No,16,Yes,No,Fiber optic,No,No,Yes,Yes,No,Yes,Month-to-month,Yes,Electronic check,91.55,1540.05,No,12-23,No,Yes,Yes,Yes,2,96.253125
1228-FZFRV,Male,No,Yes,Yes,50,Yes,Yes,Fiber optic,Yes,No,Yes,No,Yes,Yes,Month-to-month,No,Credit card (automatic),105.95,5341.8,Yes,48-59,No,Yes,No,Yes,2,106.836
2300-RQGOI,Female,No,No,No,38,Yes,No,No,No internet service,No internet service,No internet service,No internet service,No internet service,No internet service,Two year,No,Mailed check,20.05,741.5,No,36-47,No,No,No,No,0,19.51315789473684
3259-QMXUN,Male,No,Yes,No,58,Yes,Yes,DSL,Yes,Yes,Yes,No,Yes,Yes,Two year,Yes,Electronic check,86.1,4890.5,No,48-59,No,No,Yes,No,1,84.31896551724138
6840-RESVB,Male,No,Yes,Yes,24,Yes,Yes,DSL,Yes,No,Yes,Yes,Yes,Yes,One year,Yes,Mailed check,84.8,1990.5,No,24-35,No,No,No,No,1,82.9375
7632-MNYOY,Male,Yes,No,No,66,Yes,Yes,Fiber optic,No,Yes,Yes,Yes,Yes,Yes,One year,No,Credit card (automatic),110.9,7432.05,Yes,60-72,No,No,No,Yes,1,112.60681818181818
6257-RJOHI,Male,No,No,No,4,Yes,No,DSL,No,No,No,Yes,No,No,Month-to-month,Yes,Mailed check,50.8,202.3,No,0-5,No,Yes,No,No,3,50.575
9821-BESNZ,Male,No,No,No,66,Yes,Yes,Fiber optic,No,Yes,No,Yes,Yes,Yes,One year,Yes,Electronic check,104.25,6860.6,No,60-72,No,No,Yes,Yes,2,103.94848484848484
7892-QVYKW,Female,No,Yes,Yes,23,Yes,Yes,Fiber optic,No,No,No,No,No,Yes,Month-to-month,No,Electronic check,85.6,1868.4,No,12-23,No,Yes,Yes,Yes,4,81.23478260869565
0689-NKYLF,Male,No,No,No,13,Yes,No,Fiber optic,No,No,Yes,No,Yes,No,Month-to-month,Yes,Electronic check,83.2,1060.6,Yes,12-23,No,Yes,Yes,Yes,3,81.58461538461538
8108-UXRQN,Female,No,Yes,Yes,11,No,No phone service,DSL,Yes,No,No,No,Yes,Yes,Month-to-month,No,Electronic check,50.55,565.35,No,6-11,No,Yes,Yes,No,3,51.39545454545455
5980-BDHPY,Male,No,Yes,No,72,Yes,Yes,DSL,Yes,Yes,Yes,Yes,Yes,Yes,Two year,Yes,Bank transfer (automatic),87.1,6230.1,No,60-72,No,No,No,No,0,86.52916666666667
4134-BSXLX,Male,No,Yes,No,28,Yes,No,DSL,Yes,Yes,No,Yes,No,No,Month-to-month,No,Mailed check,60.9,1785.65,No,24-35,No,Yes,No,No,1,63.77321428571429
4119-ZYPZY,Male,Yes,No,No,71,Yes,Yes,Fiber optic,No,Yes,No,Yes,Yes,Yes,Two year,Yes,Electronic check,106.8,7623.2,No,60-72,No,No,Yes,Yes,2,107.36901408450704
8966-OIQHG,Female,No,Yes,Yes,22,Yes,No,No,No internet service,No internet service,No internet service,No internet service,No internet service,No internet service,One year,No,Bank transfer (automatic),20.75,452.35,No,12-23,No,No,No,No,0,20.56136363636364
4518-FZBSX,Male,No,Yes,Yes,42,Yes,No,No,No internet service,No internet service,No internet service,No internet service,No internet service,No internet service,One year,No,Mailed check,20.25,854.9,No,36-47,No,No,No,No,0,20.354761904761904
5399-ZIMKF,Male,No,No,No,5,Yes,No,Fiber optic,No,Yes,No,No,No,No,Month-to-month,Yes,Electronic check,74.65,383.65,No,0-5,No,Yes,Yes,Yes,3,76.72999999999999
8035-BUYVG,Male,No,Yes,No,40,No,No phone service,DSL,Yes,Yes,Yes,No,No,No,One year,Yes,Electronic check,42.35,1716.45,Yes,36-47,No,No,Yes,No,1,42.91125
0584-BJQGZ,Female,No,No,No,25,Yes,Yes,DSL,Yes,Yes,Yes,Yes,Yes,No,Month-to-month,Yes,Bank transfer (automatic),78.35,1837.9,No,24-35,No,Yes,No,No,0,73.516
8563-IIOXK,Male,No,Yes,Yes,7,Yes,No,DSL,Yes,No,No,No,No,No,One year,Yes,Electronic check,49.75,331.3,Yes,6-11,No,No,Yes,No,3,47.32857142857143
7392-YYPYJ,Male,No,No,No,22,Yes,Yes,Fiber optic,No,Yes,No,No,Yes,Yes,Month-to-month,Yes,Electronic check,100.65,2415.95,No,12-23,No,Yes,Yes,Yes,3,109.81590909090907
7670-ZBPOQ,Female,No,Yes,No,58,Yes,Yes,DSL,Yes,No,No,Yes,No,No,One year,Yes,Bank transfer (automatic),61.05,3478.75,No,48-59,No,No,No,No,2,59.97844827586207
5032-USPKF,Female,No,No,No,38,Yes,Yes,DSL,Yes,Yes,Yes,No,Yes,Yes,One year,No,Bank transfer (automatic),84.1,3187.65,No,36-47,No,No,No,No,1,83.88552631578948
2454-RPBRZ,Female,Yes,Yes,No,12,Yes,Yes,Fiber optic,No,Yes,Yes,No,Yes,No,Month-to-month,Yes,Electronic check,98.1,1060.2,Yes,12-23,No,Yes,Yes,Yes,2,88.35000000000001
0533-UCAAU,Male,Yes,Yes,No,57,Yes,Yes,DSL,No,Yes,Yes,No,Yes,No,One year,Yes,Credit card (automatic),71.1,4140.1,No,48-59,No,No,No,No,2,72.63333333333334
2123-AGEEN,Female,Yes,No,No,7,Yes,No,Fiber optic,No,No,Yes,No,Yes,No,Month-to-month,Yes,Electronic check,84.35,609.65,No,6-11,No,Yes,Yes,Yes,3,87.09285714285714
7878-RTCZG,Female,No,No,No,1,Yes,No,No,No internet service,No internet service,No internet service,No internet service,No internet service,No internet service,Month-to-month,No,Mailed check,19.9,19.9,No,0-5,Yes,Yes,No,No,0,19.9
9708-KFDBY,Male,No,No,No,1,Yes,No,No,No internet service,No internet service,No internet service,No internet service,No internet service,No internet service,Month-to-month,No,Credit card (automatic),20.55,20.55,No,0-5,Yes,Yes,No,No,0,20.55
5138-WVKYJ,Male,No,No,No,10,Yes,Yes,Fiber optic,Yes,No,No,No,Yes,Yes,Month-to-month,No,Electronic check,98.55,1008.55,Yes,6-11,No,Yes,Yes,Yes,3,100.855
1177-XZBJL,Male,No,Yes,Yes,53,Yes,Yes,DSL,Yes,Yes,No,Yes,No,No,One year,No,Bank transfer (automatic),64.15,3491.55,No,48-59,No,No,No,No,1,65.87830188679246
7538-GWHML,Female,No,No,No,2,Yes,No,Fiber optic,No,No,No,No,No,No,Month-to-month,No,Electronic check,69.65,145.15,Yes,0-5,Yes,Yes,Yes,Yes,4,72.575
9194-GFVOI,Female,No,Yes,No,42,Yes,Yes,DSL,Yes,No,Yes,Yes,Yes,Yes,Two year,No,Credit card (automatic),84.35,3571.6,No,36-47,No,No,No,No,1,85.03809523809524
3932-IJWDZ,Male,No,No,No,45,Yes,Yes,Fiber optic,No,No,Yes,Yes,Yes,Yes,Month-to-month,Yes,Bank transfer (automatic),103.65,4747.85,No,36-47,No,Yes,No,Yes,2,105.5077777777778
7293-LSCDV,Female,No,Yes,Yes,60,Yes,No,No,No internet service,No internet service,No internet service,No internet service,No internet service,No internet service,Two year,Yes,Credit card (automatic),19.25,1103.25,No,60-72,No,No,No,No,0,18.3875
1642-HMARX,Female,No,Yes,No,68,Yes,Yes,DSL,Yes,Yes,Yes,Yes,Yes,Yes,Two year,Yes,Electronic check,91.7,6424.7,No,60-72,No,No,Yes,No,0,94.48088235294118
1814-DKOLC,Female,No,No,No,5,Yes,Yes,No,No internet service,No internet service,No internet service,No internet service,No internet service,No internet service,Month-to-month,No,Mailed check,25.45,134.75,No,0-5,No,Yes,No,No,0,26.95
5627-TVBPP,Female,No,No,Yes,35,Yes,No,No,No internet service,No internet service,No internet service,No internet service,No internet service,No internet service,One year,Yes,Credit card (automatic),20.1,644.5,No,24-35,No,No,No,No,0,18.414285714285715
3022-BEXHZ,Male,No,Yes,Yes,67,Yes,Yes,Fiber optic,No,Yes,Yes,Yes,Yes,Yes,Two year,Yes,Bank transfer (automatic),111.2,7530.8,No,60-72,No,No,No,Yes,1,112.4
8309-IEYJD,Female,Yes,No,No,1,Yes,No,Fiber optic,No,No,No,No,No,No,Month-to-month,Yes,Mailed check,70.6,70.6,No,0-5,Yes,Yes,No,Yes,4,70.6
2144-ESWKO,Male,No,No,No,43,No,No phone service,DSL,Yes,No,Yes,No,No,No,One year,Yes,Credit card (automatic),35.2,1463.7,No,36-47,No,No,No,No,2,34.03953488372093
6878-GGDWG,Female,No,Yes,No,32,Yes,No,No,No internet service,No internet service,No internet service,No internet service,No internet service,No internet service,Month-to-month,No,Bank transfer (automatic),19.4,641.15,No,24-35,No,Yes,No,No,0,20.0359375
2826-DXLQO,Male,Yes,Yes,No,7,No,No phone service,DSL,Yes,No,No,No,No,No,Month-to-month,No,Bank transfer (automatic),29.8,220.45,No,6-11,No,Yes,No,No,3,31.49285714285714
1029-QFBEN,Male,No,No,No,1,Yes,No,No,No internet service,No internet service,No internet service,No internet service,No internet service,No internet service,Month-to-month,No,Mailed check,19.55,19.55,Yes,0-5,Yes,Yes,No,No,0,19.55
7663-YJHSN,Female,No,Yes,No,72,Yes,Yes,Fiber optic,Yes,Yes,Yes,Yes,Yes,No,Two year,Yes,Bank transfer (automatic),103.95,7556.9,No,60-72,No,No,No,Yes,0,104.95694444444445
1545-ACTAS,Female,No,Yes,Yes,48,Yes,No,Fiber optic,Yes,No,Yes,No,Yes,Yes,One year,Yes,Bank transfer (automatic),99.7,4977.2,No,48-59,No,No,No,Yes,2,103.69166666666666
7026-YMSBE,Male,No,No,No,30,Yes,No,No,No internet service,No internet service,No internet service,No internet service,No internet service,No internet service,One year,No,Mailed check,19.7,625.05,No,24-35,No,No,No,No,0,20.835
9442-JTWDL,Female,No,No,No,11,Yes,No,No,No internet service,No internet service,No internet service,No internet service,No internet service,No internet service,One year,No,Credit card (automatic),20.05,237.7,No,6-11,No,No,No,No,0,21.60909090909091
5616-PRTNT,Male,No,No,Yes,20,Yes,No,No,No internet service,No internet service,No internet service,No internet service,No internet service,No internet service,Month-to-month,Yes,Electronic check,19.4,374.5,Yes,12-23,No,Yes,Yes,No,0,18.725
4425-OWHWB,Female,No,No,No,20,Yes,No,No,No internet service,No internet service,No internet service,No internet service,No internet service,No internet service,One year,Yes,Credit card (automatic),19.35,433.75,No,12-23,No,No,No,No,0,21.6875
5117-ZSMHQ,Female,No,Yes,Yes,71,Yes,Yes,DSL,Yes,Yes,Yes,Yes,Yes,Yes,Two year,No,Bank transfer (automatic),89.9,6342.7,No,60-72,No,No,No,No,0,89.33380281690141
7445-WMRBW,Female,No,No,No,48,Yes,Yes,DSL,No,Yes,Yes,Yes,Yes,No,One year,Yes,Bank transfer (automatic),73.85,3581.4,No,48-59,No,No,No,No,1,74.6125
8660-BUETV,Female,No,No,No,3,Yes,No,DSL,No,No,No,No,No,No,Month-to-month,No,Mailed check,44.75,148.05,No,0-5,Yes,Yes,No,No,4,49.35
2153-MREFK,Female,No,Yes,No,37,Yes,Yes,Fiber optic,Yes,No,Yes,Yes,No,Yes,One year,Yes,Electronic check,99.2,3754.6,Yes,36-47,No,No,Yes,Yes,1,101.47567567567567
3050-RLLXC,Female,No,Yes,Yes,56,Yes,Yes,DSL,Yes,Yes,Yes,Yes,Yes,No,Two year,No,Credit card (automatic),81.25,4620.4,No,48-59,No,No,No,No,0,82.50714285714285
8800-ZKRFW,Female,No,Yes,Yes,30,Yes,Yes,Fiber optic,No,Yes,Yes,Yes,Yes,Yes,Month-to-month,Yes,Electronic check,107.5,3242.5,No,24-35,No,Yes,Yes,Yes,1,108.08333333333331
1658-BYGOY,Male,Yes,No,No,18,Yes,Yes,Fiber optic,No,No,No,No,Yes,Yes,Month-to-month,Yes,Electronic check,95.45,1752.55,Yes,12-23,No,Yes,Yes,Yes,4,97.36388888888888
8910-ICHIU,Female,No,No,No,46,Yes,No,Fiber optic,Yes,Yes,Yes,No,Yes,No,One year,Yes,Credit card (automatic),95.65,4664.2,No,36-47,No,No,No,Yes,1,101.39565217391304
5989-OMNJE,Female,No,Yes,Yes,24,No,No phone service,DSL,Yes,Yes,Yes,No,Yes,Yes,One year,No,Electronic check,57.6,1367.75,No,24-35,No,No,Yes,No,1,56.989583333333336
6365-MTGZX,Male,No,No,No,24,Yes,No,Fiber optic,No,No,No,Yes,Yes,Yes,Month-to-month,Yes,Electronic check,96.0,2122.45,Yes,24-35,No,Yes,Yes,Yes,3,88.43541666666665
6349-JDHQP,Female,No,No,No,53,Yes,No,No,No internet service,No internet service,No internet service,No internet service,No internet service,No internet service,Two year,No,Credit card (automatic),19.85,1049.6,No,48-59,No,No,No,No,0,19.80377358490566
5220-AGAAX,Male,No,Yes,Yes,68,Yes,Yes,No,No internet service,No internet service,No internet service,No internet service,No internet service,No internet service,Two year,Yes,Bank transfer (automatic),24.0,1664.3,No,60-72,No,No,No,No,0,24.475
0463-TXOAK,Male,No,No,Yes,52,Yes,Yes,No,No internet service,No internet service,No internet service,No internet service,No internet service,No internet service,Two year,No,Credit card (automatic),25.6,1334.5,No,48-59,No,No,No,No,0,25.66346153846154
9967-ATRFS,Female,No,No,No,19,Yes,No,No,No internet service,No internet service,No internet service,No internet service,No internet service,No internet service,Month-to-month,No,Mailed check,19.9,367.55,No,12-23,No,Yes,No,No,0,19.344736842105263
9451-LPGOO,Male,No,No,No,7,Yes,Yes,Fiber optic,No,No,No,No,No,Yes,Month-to-month,Yes,Electronic check,86.8,620.35,Yes,6-11,No,Yes,Yes,Yes,4,88.62142857142858
7291-CDTMJ,Male,No,No,No,1,Yes,No,No,No internet service,No internet service,No internet service,No internet service,No internet service,No internet service,Month-to-month,Yes,Bank transfer (automatic),19.65,19.65,No,0-5,Yes,Yes,No,No,0,19.65
0068-FIGTF,Female,No,No,No,27,Yes,No,DSL,No,Yes,Yes,Yes,Yes,Yes,One year,No,Mailed check,78.2,2078.95,No,24-35,No,No,No,No,1,76.99814814814815
0244-LGNFY,Female,No,Yes,Yes,72,Yes,Yes,DSL,Yes,Yes,Yes,Yes,Yes,Yes,Two year,No,Bank transfer (automatic),92.65,6733.0,No,60-72,No,No,No,No,0,93.51388888888889
1708-PBBOA,Female,No,No,No,42,No,No phone service,DSL,Yes,Yes,Yes,Yes,No,Yes,One year,Yes,Electronic check,54.75,2348.45,No,36-47,No,No,Yes,No,0,55.91547619047618
4291-TPNFG,Male,No,Yes,No,72,Yes,Yes,DSL,Yes,Yes,Yes,Yes,No,Yes,Two year,Yes,Bank transfer (automatic),82.3,5980.55,No,60-72,No,No,No,No,0,83.06319444444445
2720-WGKHP,Male,Yes,No,No,2,Yes,Yes,Fiber optic,No,No,No,No,Yes,Yes,Month-to-month,Yes,Electronic check,94.0,181.7,Yes,0-5,Yes,Yes,Yes,Yes,4,90.85
0378-XSZPU,Male,No,Yes,No,58,Yes,No,DSL,Yes,Yes,Yes,No,No,No,One year,No,Credit card (automatic),60.3,3563.8,Yes,48-59,No,No,No,No,1,61.4448275862069
2294-SALNE,Male,No,Yes,Yes,23,Yes,No,Fiber optic,No,Yes,Yes,Yes,No,No,One year,No,Mailed check,86.8,1940.8,No,12-23,No,No,No,Yes,1,84.38260869565217
7075-BNDVQ,Female,No,No,No,4,No,No phone service,DSL,Yes,No,Yes,No,No,No,Month-to-month,No,Mailed check,35.0,135.75,No,0-5,No,Yes,No,No,2,33.9375
5712-PTIWW,Male,No,No,No,2,Yes,No,Fiber optic,No,No,Yes,Yes,No,No,Month-to-month,Yes,Electronic check,79.85,152.45,Yes,0-5,Yes,Yes,Yes,Yes,2,76.225
1841-YSJGV,Male,No,Yes,No,72,Yes,Yes,Fiber optic,Yes,Yes,No,Yes,Yes,Yes,Two year,Yes,Credit card (automatic),109.95,7852.4,No,60-72,No,No,No,Yes,1,109.0611111111111
2642-MAWLJ,Female,No,Yes,Yes,36,Yes,No,No,No internet service,No internet service,No internet service,No internet service,No internet service,No internet service,Two year,No,Bank transfer (automatic),20.25,717.95,No,36-47,No,No,No,No,0,19.94305555555556
8513-OLYGY,Male,No,Yes,No,72,Yes,Yes,Fiber optic,Yes,Yes,Yes,Yes,Yes,Yes,Two year,No,Credit card (automatic),115.8,8332.15,No,60-72,No,No,No,Yes,0,115.72430555555556
8868-GAGIO,Male,No,Yes,No,45,Yes,Yes,Fiber optic,Yes,No,Yes,No,No,No,Month-to-month,Yes,Mailed check,84.55,3713.95,No,36-47,No,Yes,No,Yes,2,82.53222222222222
2480-JZOSN,Female,No,Yes,No,1,Yes,No,No,No internet service,No internet service,No internet service,No internet service,No internet service,No internet service,Month-to-month,Yes,Mailed check,20.65,20.65,No,0-5,Yes,Yes,No,No,0,20.65
4918-QLLIW,Male,No,No,No,3,Yes,No,DSL,No,No,No,No,Yes,No,Month-to-month,No,Credit card (automatic),53.4,188.7,Yes,0-5,Yes,Yes,No,No,4,62.9
8627-EHGIP,Male,No,No,No,44,No,No phone service,DSL,No,Yes,Yes,No,Yes,Yes,One year,Yes,Mailed check,53.95,2375.4,Yes,36-47,No,No,No,No,2,53.98636363636364
4801-JZAZL,Female,No,Yes,Yes,11,No,No phone service,DSL,Yes,No,No,No,No,No,Month-to-month,Yes,Electronic check,29.6,346.45,No,6-11,No,Yes,Yes,No,3,31.495454545454542
2455-USLMV,Female,No,No,No,31,Yes,Yes,Fiber optic,Yes,No,Yes,No,No,No,Month-to-month,Yes,Credit card (automatic),84.75,2613.4,No,24-35,No,Yes,No,Yes,2,84.30322580645162
5650-VDUDS,Female,No,No,No,4,No,No phone service,DSL,No,No,No,No,No,No,Month-to-month,Yes,Mailed check,24.25,96.05,Yes,0-5,No,Yes,No,No,4,24.0125
8552-OBVRU,Female,Yes,Yes,Yes,48,Yes,No,Fiber optic,Yes,No,Yes,Yes,Yes,Yes,Month-to-month,Yes,Electronic check,104.5,5068.05,No,48-59,No,Yes,Yes,Yes,1,105.584375
5443-SCMKX,Female,No,Yes,No,58,Yes,Yes,Fiber optic,No,Yes,Yes,No,No,Yes,One year,Yes,Electronic check,94.3,5610.15,No,48-59,No,No,Yes,Yes,2,96.72672413793104
2074-GKOWZ,Male,No,Yes,Yes,2,Yes,No,Fiber optic,No,No,No,No,Yes,Yes,Month-to-month,Yes,Bank transfer (automatic),89.55,185.55,Yes,0-5,Yes,Yes,No,Yes,4,92.775
