customerID,churn_prob,churn_class
0002-ORFBO,0.22948964698256857,No
0003-MKNFE,0.5880540574044705,Yes
0004-TLHLJ,0.8331059506133459,Yes
0011-IGKFF,0.8622281767783289,Yes
0013-EXCHZ,0.8780154051138235,Yes
0013-MHZWF,0.5240348454218868,Yes
0013-SMEOE,0.11366602524671776,No
0014-BMAQU,0.09460026206127191,No
0015-UOCOJ,0.6024104863118289,Yes
0016-QLJIS,0.047954721764907025,No
0017-DINOC,0.06413579170544191,No
0017-IUDMW,0.09586424355983574,No
0018-NYROU,0.8264194306510769,Yes
0019-EFAEP,0.11296551026307476,No
0019-GFNTW,0.048963037699290834,No
0020-INWCK,0.1407315401681304,No
0020-JDNXP,0.14933709733340184,No
0021-IKXGC,0.9477326905838961,Yes
0022-TCJCI,0.16771302864116605,No
0023-HGHWL,0.8867624567613367,Yes
0023-UYUPN,0.1612570422917549,No
0023-XUOPT,0.778807508966131,Yes
0027-KWYKW,0.7674440731365005,Yes
0030-FNXPP,0.4387140133342502,No
0031-PVLZI,0.2580391042506526,No
0032-PGELS,0.7012752265253731,Yes
0036-IHMOT,0.33690907447696467,No
0040-HALCW,0.02314760552265108,No
0042-JVWOJ,0.08914611320128411,No
0042-RLHYP,0.015305761864523447,No
0048-LUMLS,0.37986852349242994,No
0048-PIHNL,0.07532183190249243,No
0052-DCKON,0.2326814824312537,No
0052-YNYOT,0.058140605453788616,No
0056-EPFBG,0.09275431713421885,No
0057-QBUQH,0.05605719978384082,No
0058-EVZWM,0.5901481324946183,Yes
0060-FUALY,0.6127530043900797,Yes
0064-SUDOG,0.04151704552155349,No
0064-YIJGF,0.5753927230150852,Yes
0067-DKWBL,0.7814439839655084,Yes
0068-FIGTF,0.14385075824221066,No
0071-NDAFP,0.033388050173220496,No
0074-HDKDG,0.116100394467542,No
0076-LVEPS,0.2250148188652374,No
0078-XZMHT,0.0676225378470183,No
0080-EMYVY,0.17217108884055607,No
0080-OROZO,0.436611861758864,No
0082-LDZUE,0.7071738024826075,Yes
0082-OQIQY,0.6566308676666938,Yes
0083-PIVIK,0.10603088471307706,No
0089-IIQKO,0.6335255269277538,Yes
0093-EXYQL,0.7671449980765173,Yes
0093-XWZFY,0.7170181003156116,Yes
0094-OIFMO,0.8788325430917868,Yes
0096-BXERS,0.6209729589374092,Yes
0096-FCPUF,0.3657138171613963,No
0098-BOWSO,0.22187278071822664,No
0100-DUVFC,0.5330065790172315,Yes
0103-CSITQ,0.43594623395865484,No
0104-PPXDV,0.11836289012068835,No
0106-GHRQR,0.5691508482585704,Yes
0106-UGRDO,0.16529911901189093,No
0107-WESLM,0.6291883611639574,Yes
0107-YHINA,0.957782401984114,Yes
0111-KLBQG,0.6144666674154831,Yes
0112-QAWRZ,0.7452576927369959,Yes
0112-QWPNC,0.2574612283621753,No
0114-IGABW,0.07022059471501742,No
0114-PEGZZ,0.6835142279183896,Yes
0114-RSRRW,0.3239077394526362,No
0115-TFERT,0.7921490201258671,Yes
0117-LFRMW,0.29056474585471626,No
0118-JPNOY,0.5622754441041689,Yes
0121-SNYRK,0.15930534501706653,No
0122-OAHPZ,0.8477841324786541,Yes
0123-CRBRT,0.04292284966371683,No
0125-LZQXK,0.7738013326142379,Yes
0128-MKWSG,0.25999823951921114,No
0129-KPTWJ,0.6019352099204179,Yes
0129-QMPDR,0.07273833621691225,No
0130-SXOUN,0.4691030534811961,No
0133-BMFZO,0.8244095165197887,Yes
0134-XWXCE,0.1892412710144686,No
0135-NMXAP,0.7624434456109078,Yes
0136-IFMYD,0.24989649422035792,No
0137-OCGAB,0.8871754027084526,Yes
0137-UDEUO,0.43972667378130975,No
0139-IVFJG,0.8662889652659178,Yes
0141-YEAYS,0.6382941897725465,Yes
0142-GVYSN,0.22184449745137358,No
0147-ESWWR,0.7801781680248359,Yes
0148-DCDOS,0.7507688796667978,Yes
0151-ONTOV,0.8200721770122497,Yes
0156-FVPTA,0.3308892711115169,No
0164-APGRB,0.15441326118648127,No
0164-XAIRP,0.03889814643634833,No
0168-XZKBB,0.797801237680289,Yes
0174-QRVVY,0.019070767752199506,No
0177-PXBAT,0.6494154906122019,Yes
0178-CIIKR,0.43819513723807396,No
0178-SZBHO,0.5908696595225528,Yes
0181-RITDD,0.07279734584321762,No
0186-CAERR,0.25229503209786136,No
0187-QSXOE,0.9037872880637853,Yes
0187-WZNAB,0.34052488088409943,No
0188-GWFLE,0.44535484314039964,No
0191-EQUUH,0.04998231061381945,No
0191-ZHSKZ,0.4681308308606,No
0193-ESZXP,0.3176280553913499,No
0195-IESCP,0.8834425794647228,Yes
0196-JTUQI,0.7787297886867879,Yes
0196-VULGZ,0.9133782624562421,Yes
0197-PNKNK,0.18055923238982602,No
0201-MIBOL,0.21952876185790468,No
0201-OAMXR,0.19883918228499767,No
0203-HHYIJ,0.09496386203671552,No
0206-OYVOC,0.026240645750702948,No
0206-TBWLC,0.3652843725633968,No
0207-MDKNV,0.6733640493168576,Yes
0208-BPQEJ,0.19408341715134753,No
0212-ISBBF,0.6971978568788576,Yes
0214-JHPFW,0.07267770406885239,No
0215-BQKGS,0.4211454811191583,No
0218-QNVAS,0.28466478787147365,No
0219-QAERP,0.061006025853370206,No
0219-YTZUE,0.8049550767994308,Yes
0220-EBGCE,0.9333736324432962,Yes
0221-NAUXK,0.15745655757170093,No
0221-WMXNQ,0.7736299372436638,Yes
0222-CNVPT,0.5742263561203557,Yes
0224-HJAPT,0.6639306463007348,Yes
0224-NIJLP,0.0505713299929941,No
0224-RLWWD,0.8182240100835576,Yes
0225-ZORZP,0.9015399081849274,Yes
0228-MAUWC,0.42068408952369285,No
0229-LFJAF,0.023570162342605318,No
0230-UBYPQ,0.11580391726028731,No
0230-WEQUW,0.05437586806459122,No
0231-LXVAP,0.8724860440827504,Yes
0233-FTHAV,0.3503623156568612,No
0234-TEVTT,0.2251100142305903,No
0235-KGSLC,0.8956021489178293,Yes
0236-HFWSV,0.8732035812814155,Yes
0237-YFUTL,0.6026511666542476,Yes
0238-WHBIQ,0.033743142054866365,No
0239-OXEXL,0.39201389764256633,No
0244-LGNFY,0.03260724467376516,No
0247-SLUJI,0.4237769511097225,No
0248-IPDFW,0.8359649562899072,Yes
0248-PGHBZ,0.09114433029243414,No
0253-ZTEOB,0.11611572700674655,No
0254-FNMCI,0.1162566979009457,No
0254-KCJGT,0.16791579352214,No
0254-WWRKD,0.06372488859678975,No
0256-LTHVJ,0.6446304704724107,Yes
0257-KXZGU,0.2382019286220265,No
0257-ZESQC,0.525765184420764,Yes
0258-NOKBL,0.9040745941768884,Yes
0259-GBZSH,0.9434211222065105,Yes
0260-ZDLGK,0.5308903340304865,Yes
0263-FJTQO,0.06469391720241423,No
0264-CNITK,0.014476660304345374,No
0265-EDXBD,0.7092734332643209,Yes
0265-PSUAE,0.6369398315862941,Yes
0266-CLZKZ,0.16092539196365618,No
0266-GMEAO,0.10328967023192093,No
0268-QKIWO,0.5471015511937709,Yes
0269-XFESX,0.09823901124817475,No
0270-THENM,0.02069311399523259,No
0274-JKUJR,0.6101289706915964,Yes
0277-BKSQP,0.6217484841997545,Yes
0277-ORXQS,0.07030266231321054,No
0278-YXOOG,0.2784437494669135,No
0280-XJGEX,0.743746747377114,Yes
0281-CNTZX,0.0271045431803785,No
0282-NVSJS,0.4885602912940786,No
0285-INHLN,0.20436855214214802,No
0289-IVARM,0.20727388541086533,No
0292-WEGCH,0.44764196371457277,No
0295-PPHDO,0.961321164226764,Yes
0295-QVKPB,0.5405886419008691,Yes
0297-RBCSG,0.22000974017246522,No
0298-XACET,0.06607202222566479,No
0301-FIDRB,0.06027767438973392,No
0301-KOBTQ,0.03249686924498696,No
0302-JOIVN,0.8309513123089405,Yes
0303-UNCIP,0.21947738899145836,No
0303-WMMRN,0.34682053484269154,No
0305-SQECB,0.24589194421109903,No
0306-JAELE,0.8540026190518656,Yes
0307-BCOPK,0.09326489915791582,No
0308-GIQJT,0.2876650119550836,No
0308-IVGOK,0.32929426685858876,No
0310-MVLET,0.6758927507287127,Yes
0310-SUCIN,0.094070491191878,No
0310-VQXAM,0.24450134015163472,No
0311-QYWSS,0.5464574848060931,Yes
0311-UNPFF,0.6774749428033499,Yes
0314-TKOSI,0.3419820356563691,No
0315-LVCRK,0.8008671419386347,Yes
0318-QUUOB,0.9250911339190112,Yes
0318-ZOPWS,0.04161958889422061,No
0319-QZTCO,0.7103426294878791,Yes
0320-DWVTU,0.09096917720103244,No
0320-JDNQG,0.6559580545947771,Yes
0322-CHQRU,0.7271891411155258,Yes
0322-YINQP,0.6599707453045239,Yes
0323-XWWTN,0.18793008643103593,No
0324-BRPCJ,0.7117361110993428,Yes
0325-XBFAC,0.8793403355069415,Yes
0326-VDYXE,0.5154963408494342,Yes
0327-WFZSY,0.559114305009051,Yes
0328-GRPMV,0.9046558806448192,Yes
0329-GTIAJ,0.9207566872690829,Yes
0330-BGYZE,0.4107602090443209,No
0330-IVZHA,0.7763365052908258,Yes
0334-GDDSO,0.9339557876413852,Yes
0334-ZFJSR,0.11163997421721503,No
0336-KXKFK,0.06817233248693645,No
0336-PIKEI,0.026833966537754095,No
0337-CNPZE,0.7711696775742716,Yes
0343-QLUZP,0.055058910833811515,No
0345-HKJVM,0.8485772365412197,Yes
0345-XMMUG,0.22745803432494904,No
0347-UBKUZ,0.1830727006376693,No
0348-SDKOL,0.6470251463603452,Yes
0354-VXMJC,0.031589111469319045,No
0354-WYROK,0.6753960608928858,Yes
0356-ERHVT,0.49916086103313756,No
0356-OBMAC,0.21058044300968384,No
0357-NVCRI,0.11459259354208026,No
0361-HJRDX,0.05327805770810572,No
0362-RAOQO,0.027185740206416117,No
0362-ZBZWJ,0.7766315819777326,Yes
0363-QJVFX,0.5553062131724094,Yes
0363-SVHYR,0.03934150227218818,No
0365-BZUWY,0.8653619714771783,Yes
0365-GXEZS,0.5936367358990541,Yes
0365-TRTPY,0.4763336838198357,No
0366-NQSHS,0.4528819929939612,No
0369-ZGOVK,0.3015950078620843,No
0373-AIVNJ,0.29234585531614105,No
0374-AACSZ,0.6815476671610157,Yes
0374-FIUCA,0.024146773705672104,No
0374-IOEGQ,0.7221844242451475,Yes
0375-HVGXO,0.8868900865379452,Yes
0376-OIWME,0.7196019440541315,Yes
0376-YMCJC,0.7228050106319882,Yes
0377-JBKKT,0.20379741751759312,No
0378-CJKPV,0.09590780523851986,No
0378-NHQXU,0.7544807627670324,Yes
0378-TOVMS,0.8771806970122814,Yes
0378-XSZPU,0.08559429999306087,No
0379-DJQHR,0.036595258372233194,No
0380-NEAVX,0.5534034483667558,Yes
0380-ZCSBI,0.25115891751298186,No
0383-CLDDA,0.05808042608038685,No
0384-LPITE,0.24216685461423468,No
0384-RVBPI,0.355982298558481,No
0386-CWRGM,0.019849689289702217,No
0388-EOPEX,0.8833665735211937,Yes
0390-DCFDQ,0.887596406043246,Yes
0392-BZIUW,0.1692283312718268,No
0394-YONDK,0.019622398915672246,No
0396-HUJBP,0.4494860678978073,No
0396-UKGAI,0.24761873465523163,No
0396-YCHWO,0.8147989870784247,Yes
0397-GZBBC,0.7558111658818217,Yes
0397-ZXWQF,0.017983103898260706,No
0401-WDBXM,0.15614244355788817,No
0402-CQAJN,0.7540001353603932,Yes
0402-OAMEN,0.01998544302164459,No
0404-AHASP,0.015905775353798824,No
0404-SWRVG,0.9296163062332906,Yes
0406-BPDVR,0.5576260065771256,Yes
0407-BDJKB,0.6378873977829111,Yes
0409-WTMPL,0.42732646103927885,No
0410-IPFTY,0.5781527849790721,Yes
0411-EZJZE,0.8582900591383067,Yes
0412-UCCNP,0.058350427984929294,No
0415-MOSGF,0.6419700419514539,Yes
0419-YAAPX,0.5644183363729266,Yes
0420-BWTPW,0.5083464600004686,Yes
0420-HLGXF,0.8382540727604364,Yes
0420-TXVSG,0.0461948722780137,No
0422-OHQHQ,0.0818904304873036,No
0422-UXFAP,0.6612093139697274,Yes
0423-UDIJQ,0.3911621462212444,No
0426-TIRNE,0.4443149763751067,No
0428-AXXLJ,0.09147931491873147,No
0428-IKYCP,0.6672800279482837,Yes
0430-IHCDJ,0.5879395057946543,Yes
0431-APWVY,0.4401069123902853,No
0432-CAJZV,0.8881294746436836,Yes
0434-CSFON,0.770989266622896,Yes
0436-TWFFZ,0.057617372772231425,No
0439-IFYUN,0.7267275615237989,Yes
0440-EKDCF,0.034843482248578334,No
0440-MOGPM,0.383811733130929,No
0440-QEXBZ,0.33157334443786024,No
0440-UEDAI,0.3123122459080475,No
0442-TDYUO,0.03844031568899327,No
0442-ZXKVS,0.44316690232882966,No
0447-BEMNG,0.5070170229336118,Yes
0447-RXSGD,0.7359858584595274,Yes
0454-OKRCT,0.0780577043053529,No
0455-ENTCR,0.06155942553762411,No
0455-XFASS,0.8891263435075624,Yes
0458-HEUZG,0.10586684758207064,No
0459-SPZHJ,0.0596143687141392,No
0461-CVKMU,0.4892996570757592,No
0463-TXOAK,0.03253738778256976,No
0463-WZZKO,0.5236374867709859,Yes
0463-ZSDNT,0.5825568511362869,Yes
0464-WJTKO,0.01414016966271831,No
0468-YRPXN,0.5823858379124704,Yes
0471-ARVMX,0.5488973596821745,Yes
0471-LVHGK,0.4362616881002706,No
0475-RIJEP,0.6562847862364716,Yes
0479-HMSWA,0.2262627764014973,No
0480-BIXDE,0.8089613607431982,Yes
0480-KYJVA,0.018940775703964984,No
0481-SUMCB,0.5836684030477013,Yes
0484-FFVBJ,0.2418590246570185,No
0484-JPBRU,0.2266398419059444,No
0485-ZBSLN,0.022233022385497066,No
0486-HECZI,0.628237490634433,Yes
0486-LGCCH,0.04789534833895759,No
0487-CRLZF,0.1050488333704445,No
0487-RPVUM,0.38148182710025397,No
0487-VVUVK,0.14683288995480612,No
0488-GSLFR,0.9058976126764173,Yes
0489-WMEMG,0.1875925105813413,No
0491-KAPQG,0.7622863112373135,Yes
0495-RVCBF,0.9332658933135818,Yes
0495-ZBNGW,0.8627695249949987,Yes
0496-AHOOK,0.1477496496334203,No
0504-HHAPI,0.6858779170719548,Yes
0505-SPOOW,0.017374002868978344,No
0506-LVNGN,0.7997484232112035,Yes
0506-YLVKJ,0.02595074320173063,No
0508-OOLTO,0.8863874172271503,Yes
0508-SQWPL,0.030000375526316816,No
0511-JTEOY,0.8193588390315205,Yes
0512-FLFDW,0.527555819595818,Yes
0513-RBGPE,0.06024858343729973,No
0515-YPMCW,0.8413750945097646,Yes
0516-OOHAR,0.35794311085532104,No
0516-QREYC,0.19370916389616497,No
0516-UXRMT,0.3107685096487695,No
0516-VRYBW,0.08466636767690866,No
0516-WJVXC,0.43294739602132826,No
0519-DRGTI,0.14817972439299348,No
0519-XUZJU,0.8206057361326652,Yes
0520-FDVVT,0.39863744938210866,No
0523-VNGTF,0.52326470688264,Yes
0524-IAVZO,0.7447083023031456,Yes
0526-SXDJP,0.040355986987088116,No
0529-ONKER,0.7712596920437088,Yes
0530-IJVDB,0.144821653183259,No
0531-XBKMM,0.02208732906686214,No
0531-ZZJWQ,0.725504784769377,Yes
0533-BNWKF,0.6993734557086363,Yes
0533-UCAAU,0.25727149572183855,No
0536-ACXIP,0.20946922885615915,No
0536-BGFMZ,0.11872499584081378,No
0536-ESJEP,0.09161054710991448,No
0537-QYZZN,0.6683040752850183,Yes
0541-FITGH,0.7179917121986521,Yes
0547-HURJB,0.1770079579401908,No
0549-CYCQN,0.45810370681142765,No
0550-DCXLH,0.3850611446609313,No
0556-FJEGU,0.04205466413929475,No
0557-ASKVU,0.1624882107628521,No
0559-CKHUS,0.03173348026356153,No
0562-FGDCR,0.021628340400874618,No
0562-HKHML,0.01983815050067367,No
0562-KBDVM,0.04118790789620755,No
0564-JJHGS,0.9037528091328536,Yes
0564-MUUQK,0.6870129810385917,Yes
0565-IYCGT,0.10653623315888851,No
0565-JUPYD,0.17988744190368594,No
0567-GGCAC,0.4432372349502917,No
0567-XRHCU,0.07653778272799895,No
0568-ONFPC,0.41961314228939045,No
0570-BFQHT,0.7165005995859213,Yes
0572-ZJKLT,0.10995926537375528,No
0575-CUQOV,0.5276906417360827,Yes
0576-WNXXC,0.7867711859482136,Yes
0577-WHMEV,0.6612329543394809,Yes
0578-SKVMF,0.6570214594373778,Yes
0580-PIQHM,0.38488957531309,No
0581-BXBUB,0.8083637105185189,Yes
0581-MDMPW,0.6782102954605256,Yes
0582-AVCLN,0.02630470293136948,No
0584-BJQGZ,0.30429567824510845,No
0585-EGDDA,0.5976076259083156,Yes
0587-DMGBH,0.5288253677797298,Yes
0594-UFTUL,0.217382599583364,No
0595-ITUDF,0.45543365667721114,No
0596-BQCEQ,0.5939223284037819,Yes
0599-XNYDO,0.6303325937938743,Yes
0601-WZHJF,0.7049943283068936,Yes
0602-DDUML,0.0381877274247106,No
0603-OLQDC,0.45960921625302786,No
0603-TPMIB,0.026588618737933282,No
0604-THJFP,0.05901339597876736,No
0607-DAAHE,0.024798450761504928,No
0607-MVMGC,0.21544793019666011,No
0608-JDVEC,0.04268772022212421,No
0611-DFXKO,0.7377269999605752,Yes
0612-RTZZA,0.8530982081859115,Yes
0613-WUXUM,0.01774015609153781,No
0616-ATFGB,0.8588676423424929,Yes
0617-AQNWT,0.08067184432266941,No
0617-FHSGK,0.5077516429143056,Yes
0618-XWMSS,0.4231023319607139,No
0619-OLYUR,0.12308614051091513,No
0620-DLSLK,0.6731819321534236,Yes
0620-XEFWH,0.2688869102596743,No
0621-CXBKL,0.02595657665908351,No
0621-HJWXJ,0.4754131765912505,No
0621-JFHOL,0.1696919174433233,No
0621-TSSMU,0.0627634819349421,No
0621-TWIEM,0.5742962079807234,Yes
0623-EJQEG,0.27879956305315334,No
0623-GDISB,0.6844880901523608,Yes
0623-IIHUG,0.6318007739091694,Yes
0625-AFOHS,0.020416928180638852,No
0626-QXNGV,0.0290899339102785,No
0628-CNQRM,0.16375956912771752,No
0634-SZPQA,0.6780833299116718,Yes
0635-WKOLD,0.14297834755405414,No
0637-KVDLV,0.9282796859330225,Yes
0637-UBJRP,0.6771925697557715,Yes
0637-YLETY,0.7643410958458242,Yes
0639-TSIQW,0.41666448310414567,No
0640-YJTPY,0.01399164351034761,No
0641-EVBOJ,0.7593541212288396,Yes
0643-OKLRP,0.5758110863341959,Yes
0644-OQMDK,0.8531063061462589,Yes
0650-BWOZN,0.7335618413588811,Yes
0654-HMSHN,0.780701428648785,Yes
0654-PQKDW,0.07926053031476903,No
0655-RBDUG,0.8908613069597019,Yes
0655-YDGFJ,0.2497644579744539,No
0657-DOGUM,0.15220288041122304,No
0661-KBKPA,0.23083813163507375,No
0661-KQHNK,0.1309759668102676,No
0661-WCQNQ,0.13062152376068148,No
0661-XEYAN,0.8315070278761573,Yes
0665-XHDJU,0.2513558692600434,No
0666-UXTJO,0.5950230005265553,Yes
0667-NSRGI,0.23700882989603939,No
0668-OGMHD,0.4807438715561849,No
0670-ANMUU,0.17026050027997924,No
0670-KDOMA,0.5185497912681472,Yes
0673-IGUQO,0.45024966842172176,No
0674-DGMAQ,0.7735136314739436,Yes
0674-EYYZV,0.8211631971636029,Yes
0674-GCDXG,0.06446719935714405,No
0675-NCDYU,0.0966880421678633,No
0678-RLHVP,0.3164199030666242,No
0679-IDSTG,0.9147081616863386,Yes
0679-TDGAK,0.16191837325186187,No
0680-DFNNY,0.8731263732745453,Yes
0682-USIXD,0.6634587364227696,Yes
0684-AOSIH,0.9351431898918006,Yes
0685-MLYYM,0.897282810389959,Yes
0687-ZVTHB,0.11218966292305955,No
0689-DSXGL,0.3253582305714605,No
0689-NKYLF,0.7865553562858444,Yes
0690-SRQID,0.3495791077463052,No
0691-IFBQW,0.5792297297208763,Yes
0691-JVSYA,0.4856929925893791,No
0691-NIKRI,0.4715972752997536,No
0696-UKTOX,0.2587376699087562,No
0697-ZMSWS,0.9045355892423375,Yes
0699-NDKJM,0.4871123154033096,No
0701-RFGFI,0.7223203437463345,Yes
0701-TJSEF,0.48286263601599655,No
0702-PGIBZ,0.8984628505799971,Yes
0704-VCUMB,0.019901785726575916,No
0707-HOVVN,0.06040749601593236,No
0708-LGSMF,0.62859504334064,Yes
0708-SJDIS,0.23351632438332048,No
0709-TVGUR,0.866423466304968,Yes
0716-BQNDX,0.21370198893865933,No
0719-SYFRB,0.38214067725118417,No
0722-SVSFK,0.8411642645574865,Yes
0722-TROQR,0.8924694538970303,Yes
0723-DRCLG,0.9463341348628427,Yes
0723-FDLAY,0.2371746137521683,No
0723-VSOBE,0.37599399487666957,No
0725-CXOTM,0.21771829457814432,No
0727-BMPLR,0.6752144752058122,Yes
0727-BNRLG,0.11772262238893658,No
0727-IWKVK,0.7831999101887499,Yes
0730-BGQGF,0.03406749417766141,No
0730-KOAVE,0.586222624415126,Yes
0731-EBJQB,0.10537971796011919,No
0732-OCQOC,0.04649181629236061,No
0733-VUNUW,0.3379767925551708,No
0734-OXWBT,0.6590382573116019,Yes
0739-UUAJR,0.08660135626389744,No
0742-LAFQK,0.18108113610275456,No
0742-MOABM,0.3914109226131761,No
0742-NXBGR,0.8949286735246945,Yes
0743-HNPFG,0.11166195228626732,No
0743-HRVFF,0.3637249040089491,No
0744-BIKKF,0.0435664869707742,No
0744-GKNGE,0.32022120008296023,No
0746-JTRFU,0.859860609727186,Yes
0748-RDGGM,0.21174826550103895,No
0749-IRGQE,0.7552825160678002,Yes
0750-EBAIU,0.3405550642301094,No
0750-EKNGL,0.24888662001006853,No
0754-EEBDC,0.06142195993084498,No
0754-UKWQP,0.9469368364409072,Yes
0756-MPZRL,0.1475706888411967,No
0757-WCUUZ,0.09638183051279606,No
0761-AETCS,0.5613522365465953,Yes
0769-MURVM,0.04405774064967165,No
0771-CHWSK,0.06526249187917126,No
0771-WLCLA,0.7564631592345241,Yes
0772-GYEQQ,0.8554530997163159,Yes
0774-IFUVM,0.5484895450885758,Yes
0774-RMNUW,0.04485096690258783,No
0778-NELLA,0.6798569319853701,Yes
0780-XNZFN,0.025732576118498055,No
0781-LKXBR,0.9255555260602776,Yes
0784-GTUUK,0.08868971838550087,No
0784-ZQJZX,0.013192040048949616,No
0786-IVLAW,0.38120956217023466,No
0786-VSSUD,0.612115448674993,Yes
0787-LHDYT,0.23505170471509662,No
0788-DXBFY,0.09595291579974703,No
0793-TWELN,0.8368126320329465,Yes
0794-YVSGE,0.014260496419266152,No
0795-GMVQO,0.2851980308660388,No
0795-LAFGP,0.04821386251373945,No
0795-XCCTE,0.0278702266789828,No
0799-DDIHE,0.38372569434482307,No
0804-XBFBV,0.5969257299187785,Yes
0804-YGEQV,0.102572328551266,No
0807-ZABDG,0.5203025613345551,Yes
0810-BDHAW,0.2646820026081888,No
0810-DHDBD,0.13050521983773072,No
0811-GSDTP,0.5051140042908583,Yes
0812-WUPTB,0.8566449407829468,Yes
0813-TAXXS,0.15426460910531,No
0815-MFZGM,0.20619418152858188,No
0816-TSPHQ,0.4433361132002538,No
0817-HSUSE,0.8349043633480496,Yes
0818-OCPZO,0.6993822918432685,Yes
0820-FNRNX,0.3299316909214986,No
0822-GAVAP,0.8979304831666343,Yes
0822-QGCXA,0.5024292680436444,Yes
0823-HSCDJ,0.6887135099313021,Yes
0824-VWDPO,0.3164373980075166,No
0825-CPPQH,0.01631984644625505,No
0827-ITJPH,0.04065626049054759,No
0829-DDVLK,0.09832863402726223,No
0829-XXPLX,0.6314511743086263,Yes
0831-JNISG,0.013102336453867736,No
0835-DUUIQ,0.059459516074214,No
0835-JKADZ,0.18880419526951928,No
0836-SEYLU,0.5218517187661944,Yes
0839-JTCUD,0.03847166639906934,No
0839-QNXME,0.024494703309630085,No
0840-DCNZE,0.1331328823481377,No
0840-DFEZH,0.8444026463556454,Yes
0841-NULXI,0.900052707588648,Yes
0842-IWYCP,0.22392993023292096,No
0843-WTBXE,0.5862654652562718,Yes
0847-HGRML,0.017559537424862885,No
0848-SOMKO,0.05119482979970678,No
0848-ZGQIJ,0.7539328877524047,Yes
0851-DFJKB,0.31059843652052066,No
0853-NWIFK,0.43409107989132023,No
0853-TWRVK,0.07790735969803077,No
0854-UYHZD,0.03688288857793105,No
0856-NAOES,0.49323566852935236,No
0859-YGKFW,0.08792619844938084,No
0862-PRCBS,0.13738541722072262,No
0864-FVJNJ,0.28308371699558443,No
0866-QLSIR,0.09632954843785028,No
0867-LDTTC,0.5729436531730847,Yes
0867-MKZVY,0.6428437010662188,Yes
0868-VJRDR,0.10385313666373042,No
0869-PAPRP,0.6364779854468793,Yes
0870-VEMYL,0.343670183968275,No
0871-OPBXW,0.5137327521602167,Yes
0871-URUWO,0.8305200903988896,Yes
0872-CASZJ,0.15380409731311467,No
0872-JCPIB,0.4506120641114023,No
0872-NXJYS,0.8430808498436047,Yes
0875-CABNR,0.8263304091973299,Yes
0876-WDUUZ,0.7649340282357305,Yes
0877-SDMBN,0.5003653661140453,Yes
0880-FVFWF,0.5664183626403022,Yes
0880-TKATG,0.8907869975680291,Yes
0883-EIBTI,0.445142733001609,No
0885-HMGPY,0.030303433464249987,No
0886-QGENL,0.7354522417538436,Yes
0887-HJGAR,0.7001282081198161,Yes
0887-WBJVH,0.48048502154489336,No
0895-DQHEW,0.7783853437491695,Yes
0895-LMRSF,0.33211373999666066,No
0895-LNKRC,0.12438807103668031,No
0895-UADGO,0.175612600503903,No
0897-FEGMU,0.9065364524342602,Yes
0898-XCGTF,0.4671970011629572,No
0899-LIIBW,0.7183015562647902,Yes
0899-WZRSD,0.5528228053090782,Yes
0902-RFHOF,0.0645256834708697,No
0902-XKXPN,0.015310305908628755,No
0906-QVPMS,0.09490476619321485,No
0907-HQNTS,0.1536819175737996,No
0909-SDHNU,0.45487423367906,No
0909-SELIE,0.05669666823414061,No
0913-XWSCN,0.5782485088096382,Yes
0916-KNFAJ,0.07837672986255155,No
0916-QOFDP,0.8787361267409727,Yes
0917-EZOLA,0.24328369507171485,No
0921-OHLVP,0.7758908143934299,Yes
0923-PNFUB,0.88869695542072,Yes
0924-BJCRC,0.6556968988708141,Yes
0925-VYDLG,0.9064538166436271,Yes
0927-CNGRH,0.41763211921803967,No
0927-LCSMG,0.6688013685629431,Yes
0928-JMXNP,0.8051357804693189,Yes
0928-XUTSN,0.7916178149281748,Yes
0929-HYQEW,0.6415577659178111,Yes
0929-PECLO,0.6579077767516459,Yes
0930-EHUZA,0.11149114830552387,No
0931-MHTEM,0.3609627679454215,No
0932-YIXYU,0.02283754172360515,No
0936-NQLJU,0.02665275874530471,No
0939-EREMR,0.2522401717361178,No
0939-YAPAF,0.7619689030174374,Yes
0940-OUQEC,0.7675893607264718,Yes
0942-KOWSM,0.05471808551501434,No
0943-ZQPXH,0.6385445116784101,Yes
0945-TSONX,0.06619650669684314,No
0946-CLJTI,0.8182827663552102,Yes
0946-FKYTX,0.17953161027186684,No
0947-IDHRQ,0.7552239817690712,Yes
0947-MUGVO,0.7307337807980421,Yes
0952-KMEEH,0.7358463698933273,Yes
0953-LGOVU,0.3373382998057712,No
0956-ACVZC,0.46213226623534986,No
0956-SYCWG,0.14297611472453423,No
0958-YHXGP,0.7144358706836097,Yes
0959-WHOKV,0.5059069961986227,Yes
0960-HUWBM,0.1756047629141322,No
0961-ZWLVI,0.4542671369270101,No
0962-CQPWQ,0.017690257634711253,No
0963-ZBDRN,0.6283745816494191,Yes
0967-BMLBD,0.14006519738144532,No
0968-GSIKN,0.8583269998521337,Yes
0969-RGKCU,0.06260759406176424,No
0970-ETWGE,0.9472089902811657,Yes
0970-QXPXW,0.45177553186366926,No
0971-QIFJK,0.02502599732158001,No
0973-KYVNF,0.030433758134816264,No
0975-UYDTX,0.2090481560859991,No
0975-VOOVL,0.7277641424414527,Yes
0979-MOZQI,0.0862811489148542,No
0979-PHULV,0.5759706354112638,Yes
0980-FEXWF,0.11068198081034916,No
0980-PVMRC,0.5947068163263367,Yes
0983-TATYJ,0.09757582939146343,No
0988-AADSA,0.02803844042209123,No
0988-JRWWP,0.8133480978955381,Yes
0991-BRRFB,0.3551364378221425,No
0993-OSGPT,0.09199136375433455,No
0997-YTLNY,0.21638810734423825,No
0999-QXNSA,0.5058108977412118,Yes
1000-AJSLD,0.5227339924265931,Yes
1004-NOZNR,0.3314920775842407,No
1009-IRMNA,0.27349673232724747,No
1010-DIAUQ,0.8242452674344326,Yes
1013-QCWAM,0.7192433972101604,Yes
1015-JPFYW,0.11893692564169865,No
1015-OWJKI,0.4586265141219122,No
1016-DJTSV,0.8278457064528806,Yes
1017-FBQMM,0.30563074797552586,No
1020-JPQOW,0.493689701855727,No
1022-RKXDR,0.10633519372334584,No
1023-BQXZE,0.09567553667349749,No
1024-GUALD,0.8645190394011758,Yes
1024-KPRBB,0.4677262425813854,No
1024-VRZHF,0.8364882779997909,Yes
1025-FALIX,0.5219025832770158,Yes
1027-LKKQQ,0.03669926575274575,No
1028-FFNJK,0.7618099489855052,Yes
1029-QFBEN,0.4556318480608186,No
1031-IIDEO,0.9030831160060323,Yes
1032-MAELW,0.13380001450813261,No
1035-IPQPU,0.7532641264561383,Yes
1036-GUDCL,0.19473777400705644,No
1038-RQOST,0.15195946631848345,No
1038-ZAGBI,0.09917937513018468,No
1041-RXHRA,0.45023424275698787,No
1042-HFUCW,0.09817912483981196,No
1043-UXOVO,0.1200213575858647,No
1043-YCUTE,0.04703687440076892,No
1045-LTCYT,0.2286086574263121,No
1047-NNCBF,0.5384709060146762,Yes
1047-RNXZV,0.024250619935328118,No
1049-FYSYG,0.5144233659067797,Yes
1051-EQPZR,0.10307059593860612,No
1051-GEJLJ,0.4441934645636381,No
1052-QJIBV,0.013726230701567334,No
1053-MXTTK,0.08074409214571603,No
1057-FOGLZ,0.17383678431377586,No
1060-ENTOF,0.2737211481238298,No
1061-PNTHC,0.5321782813139022,Yes
1062-LHZOD,0.8469145389294951,Yes
1063-DHQJF,0.06344687011409764,No
1064-FBXNK,0.26419872655976645,No
1066-JKSGK,0.45204249807064767,No
1069-QJOEE,0.08280231607760148,No
1069-XAIEM,0.9610130753630559,Yes
1073-XXCZD,0.03830885150662434,No
1074-AMIOH,0.5082187467506454,Yes
1074-WVEVG,0.05414757984055456,No
1075-BGWOH,0.8993498609668974,Yes
1077-HUUJM,0.7609832496972913,Yes
1078-TDCRN,0.870283097540762,Yes
1080-BWSYE,0.03223927112012078,No
1084-MNSMJ,0.0454257861266334,No
1084-UQCHV,0.8213056975938812,Yes
1085-LDWAM,0.0456833320023536,No
1086-LXKFY,0.8477118166822375,Yes
1087-GRUYI,0.03077088475760314,No
1087-UDSIH,0.510987055181982,Yes
1088-AUUZZ,0.057421297363523874,No
1088-CNNKB,0.09411836660490208,No
1089-HDMKP,0.48886822658159285,No
1089-XZWHH,0.030538278649952653,No
1090-ESELR,0.058141989429263664,No
1090-PYKCI,0.17520679195316233,No
1091-SOZGA,0.4971949353823196,No
1092-GANHU,0.7094803596561481,Yes
1092-WPIVQ,0.04516648315931069,No
1093-YSWCA,0.05739041043902717,No
1094-BKOSX,0.16547564869264456,No
1095-JUDTC,0.6426329227659789,Yes
1095-WGNGG,0.23777409738590682,No
1096-ADRUX,0.2826274156429753,No
1097-FSPVW,0.19783320776139302,No
1098-KFQEC,0.022916281837160622,No
1098-TDVUQ,0.5548807002888838,Yes
1099-BTKWT,0.3035866029340509,No
1099-GODLO,0.11592890624223882,No
1100-DDVRV,0.6410525693074337,Yes
1101-SSWAG,0.5775555841417326,Yes
1104-FEJAM,0.416366116864791,No
1104-TNLZA,0.7560840863454291,Yes
1106-HRLKZ,0.022934118761077267,No
1110-KYLGQ,0.4916235671959201,No
1112-CUNAO,0.8171225043485968,Yes
1113-IUJYX,0.35153335184720585,No
1114-CENIM,0.3019382539710919,No
1116-DXXDF,0.2952509410534591,No
1116-FRYVH,0.0456465885350418,No
1120-BMWUB,0.2915885953523663,No
1121-QSIVB,0.22696079745671496,No
1122-JWTJW,0.8445529574446071,Yes
1122-YJBCS,0.07684517487983138,No
1125-SNVCK,0.29173161548535526,No
1131-ALZWV,0.09728710924940892,No
1131-QQZEB,0.030429007626174835,No
1131-SUEKT,0.2711625832158843,No
1133-KXCGE,0.08741781943957717,No
1134-YWTYF,0.28916527131424435,No
1135-HIORI,0.3818265592129787,No
1135-LMECX,0.45058029634414776,No
1136-XGEQU,0.23171520048669442,No
1137-DGOWI,0.12145243258756466,No
1139-WUOAH,0.11251755454156617,No
1140-UKVZG,0.2326892285600549,No
1142-IHLOO,0.41296803855943465,No
1142-WACZW,0.7141025120606458,Yes
1143-NMNQJ,0.9495018855567811,Yes
1150-FTQGN,0.22946289024758665,No
1150-WFARN,0.1288293150973745,No
1153-GNOLC,0.3210425452026193,No
1154-HYWWO,0.08218752501582909,No
1156-ZFYDO,0.5586761916399755,Yes
1157-BQCUW,0.9317817144917749,Yes
1159-WFSGR,0.22655920178707883,No
1162-ECVII,0.18486590960566424,No
1163-ONYEY,0.3186797683705284,No
1163-VIPRI,0.14319372470952407,No
1166-PQLGG,0.014341239549934609,No
1167-OYZJF,0.03043308988896431,No
1169-SAOCL,0.46140493872495963,No
1169-WCVAK,0.5505171639760952,Yes
1170-SASML,0.45284531068563605,No
1171-TYKUR,0.21151585570954382,No
1172-VIYBP,0.07018768045863918,No
1173-NOEYG,0.6436790385018692,Yes
1173-XZPYF,0.8679424349580759,Yes
1174-FGIFN,0.46287608135482905,No
1177-XZBJL,0.0879223207220136,No
1178-PZGAB,0.09004999520453999,No
1179-INLAT,0.32975588668398687,No
1183-CANVH,0.15911770529899757,No
1184-PJVDB,0.8249144754032597,Yes
1187-WILMM,0.05564926343029763,No
1193-RTSLK,0.45543423766261615,No
1194-BHJYC,0.08313357125736708,No
1194-HVAIF,0.6712248921499356,Yes
1194-SPVSP,0.4854262827217252,No
1195-OIYEJ,0.8262460065509671,Yes
1196-AMORA,0.8110643555977187,Yes
1197-BVMVG,0.8923885508134161,Yes
1200-TUZHR,0.879145500658784,Yes
1202-KKGFU,0.25813139262763063,No
1205-WNWPJ,0.46743398425301746,No
1206-EHBDD,0.1029976709124413,No
1207-BLKSA,0.03315232569514116,No
1208-DNHLN,0.2501149556057193,No
1208-NBVFH,0.44695318952416363,No
1209-VFFOC,0.04602613965182225,No
1212-GLHMD,0.8687676349591967,Yes
1213-NGCUN,0.4435997912483843,No
1215-EXRMO,0.027613744635483654,No
1215-FIGMP,0.5535236228767001,Yes
1215-VFYVK,0.5740861597723083,Yes
1216-BGTSP,0.5893412069293688,Yes
1216-JWVUX,0.556393759146906,Yes
1217-VASWC,0.5060771367104163,Yes
1218-VKFPE,0.17788099860149834,No
1219-NNDDO,0.8305388061382613,Yes
1221-GHZEP,0.03772539286712361,No
1222-KJNZD,0.15791692110620206,No
1222-LRYKO,0.2900490003231507,No
1223-UNPKS,0.03149226421287138,No
1226-IENZN,0.8237863023905334,Yes
1226-JZNKR,0.16984012453320815,No
1226-UDFZR,0.6792794093965291,Yes
1227-UDMZR,0.05151048399638986,No
1228-FZFRV,0.5934128538505872,Yes
1228-ZLNBX,0.6011500391807053,Yes
1229-RCALF,0.3689222842494772,No
1230-QAJDW,0.7458781376247546,Yes
1231-YNDEK,0.03437778883465487,No
1236-WFCDV,0.7561040036791832,Yes
1237-WIYYZ,0.21856831457772902,No
1240-HCBOH,0.028358532511463246,No
1240-KNSEZ,0.5227339924265931,Yes
1241-EZFMJ,0.029493437231083944,No
1241-FPMOF,0.026251229840784488,No
1245-HARPS,0.04098638332288956,No
1247-QBVSH,0.1773843896284375,No
1248-DYXUB,0.032125980969759986,No
1251-KRREG,0.7513832288472445,Yes
1251-STYSZ,0.8643995578333891,Yes
1254-IZEYF,0.7955411929576521,Yes
1257-SXUXQ,0.25995472997825236,No
1258-YMZNM,0.5393049691088406,Yes
1260-TTRXI,0.663212015204828,Yes
1261-FWTTE,0.6545229861069967,Yes
1262-OPMFY,0.7378459174890749,Yes
1264-BYWMS,0.7704038390456642,Yes
1264-FUHCX,0.2940810914791957,No
1265-BCFEO,0.07574579639653523,No
1265-HVPZB,0.11099064296861418,No
1265-XTECC,0.32450664294288695,No
1265-ZFOSD,0.04578171017130643,No
1266-NZYUI,0.021722853451931357,No
1268-ASBGA,0.8173670414553844,Yes
1269-FOYWN,0.056542437439483756,No
1270-XKUCC,0.020225136965797013,No
1271-SJBGZ,0.7228988515282743,Yes
1271-UODNO,0.07646974157842568,No
1272-ILHFG,0.08495584854692104,No
1273-MTETI,0.9283933612594129,Yes
1282-IHQAC,0.2240893494023045,No
1285-OKIPP,0.9140467959995597,Yes
1291-CUOCY,0.1427005399093836,No
1293-BSEUN,0.016298941802762087,No
1293-HHSHJ,0.04798239302294327,No
1297-VQDRP,0.3494535276089492,No
1298-PHBTI,0.1070897371275271,No
1299-AURJA,0.020786302531185796,No
1301-LOPVR,0.17366733144922802,No
1302-TPUBN,0.018977351626912144,No
1302-UHBDD,0.7936773951044972,Yes
1303-SRDOK,0.1386937129475738,No
1304-BCCFO,0.6407901293324376,Yes
1304-NECVQ,0.9466625636257852,Yes
1304-SEGFY,0.28671793012862107,No
1306-RPWXZ,0.02486430354299191,No
1307-ATKGB,0.6929341102558428,Yes
1307-TVUFB,0.6345320483226294,Yes
1309-BXVOQ,0.8096689753530906,Yes
1309-XGFSN,0.4123602283827274,No
1310-QRITU,0.5587313368779526,Yes
1319-YLZJG,0.6790641302815558,Yes
1320-GVNHT,0.14138204572519925,No
1320-HTRDR,0.9264463935857826,Yes
1320-REHCS,0.7574884814067632,Yes
1322-AGOQM,0.3147521283209332,No
1323-OOEPC,0.7083892188370323,Yes
1324-NLTJE,0.3924667748485083,No
1325-USMEC,0.12207092431717761,No
1328-EUZHC,0.037740387736268914,No
1329-VHWNP,0.5823828743213445,Yes
1333-PBMXB,0.10518899052720014,No
1334-FJSVR,0.8642359727337297,Yes
1334-PDUKM,0.21279656910454312,No
1335-HQMKX,0.4826155771277713,No
1335-MXCSE,0.044937921354598266,No
1335-NTIUC,0.7074753050614478,Yes
1336-EZFZY,0.28507490165834404,No
1337-BOZWO,0.2761435557556729,No
1338-CECEE,0.18434882026786606,No
1342-JPNKI,0.8200723940666467,Yes
1343-EHPYB,0.711623118643942,Yes
1345-GKDZZ,0.23107549973128713,No
1345-ZUKID,0.09810890391404495,No
1346-PJWTK,0.3563720517319915,No
1346-UFHAX,0.671206543686187,Yes
1347-KTTTA,0.2866913202157862,No
1349-WXNGG,0.48301520779061713,No
1352-HNSAW,0.1042420560222379,No
1352-VHKAJ,0.3662736579416003,No
1353-GHZOS,0.22278202647076714,No
1353-LJWEM,0.47407598051923144,No
1354-YZFNB,0.06548739885005007,No
1355-KUSBG,0.5868041370321483,Yes
1356-MKYSK,0.4741645692625748,No
1357-BIJKI,0.6401626190800196,Yes
1357-MVDOZ,0.5367350343786044,Yes
1360-JYXKQ,0.5354943629430637,Yes
1360-RCYRT,0.39502850982347365,No
1360-XFJMR,0.3254606363282557,No
1363-TXLSL,0.925179145385121,Yes
1370-GGAWX,0.5363449137650981,Yes
1371-DWPAZ,0.24139190354746715,No
1371-OJCEK,0.10469192425456782,No
1371-WEPDS,0.27830410837107056,No
1373-ORVIZ,0.6280680681428336,Yes
1374-DMZUI,0.9399527524208694,Yes
1376-HHBDV,0.2224127463084416,No
1379-FRVEB,0.7746482038924456,Yes
1383-EZRWL,0.2509452187410504,No
1384-RCUXW,0.6696279098925707,Yes
1385-TQOZW,0.3062827114915709,No
1386-ZIKUV,0.3147562629181221,No
1389-CXMLU,0.9410358372006296,Yes
1389-WNUIB,0.27586669905574596,No
1391-UBDAR,0.7450942271450266,Yes
1393-IMKZG,0.9256615114972028,Yes
1394-SUIUH,0.4728375368921535,No
1395-OFUWC,0.2960479209722567,No
1395-WSWXR,0.02586113261431171,No
1396-QWFBJ,0.5644221893642175,Yes
1397-XKKWR,0.3207190262628234,No
1399-OUPJN,0.022979937338996895,No
1399-UBQIU,0.7217605981864202,Yes
1400-MMYXY,0.9664681368439376,Yes
1400-WIVLL,0.24663393509030127,No
1401-FTHFQ,0.09700085923589058,No
1402-PTHGN,0.10505151252002091,No
1403-GYAFU,0.014175973291314673,No
1403-LKLIK,0.04550877082775492,No
1406-PUQVY,0.7394409628351567,Yes
1407-DIGZV,0.11392699581944077,No
1409-PHXTF,0.36039737068142746,No
1410-RSCMR,0.43345709808666316,No
1414-YADCW,0.042800417289226976,No
1415-YFWLT,0.9572110384802123,Yes
1421-HCERK,0.5502288277416633,Yes
1422-DGUBX,0.396927546314162,No
1423-BMPBQ,0.4946689698960987,No
1427-VERSM,0.6566179260908193,Yes
1428-GTBJJ,0.7622297876260196,Yes
1428-IEDPR,0.29284538107038965,No
1429-UYJSV,0.10010250172102808,No
1430-SFQSA,0.11037907109562989,No
1431-AIDJQ,0.0471532613621864,No
1431-CYWMH,0.16226855177282068,No
1432-FPAXX,0.46247237974870886,No
1436-ZMJAN,0.6607219085975011,Yes
1439-LCGVL,0.06281425343062949,No
1442-BQPVU,0.5493973959488172,Yes
1442-OKRJE,0.2697919102119315,No
1444-VVSGW,0.2054552319421427,No
1447-GIQMR,0.9101092313238808,Yes
1447-PJGGA,0.3076456411495335,No
1448-CYWKC,0.453190816468228,No
1448-PWKYE,0.9034307045477139,Yes
1449-XQEMT,0.5127165215156682,Yes
1450-GALXR,0.8747967412731276,Yes
1450-SKCVI,0.5577557011329953,Yes
1452-KIOVK,0.6735350346717535,Yes
1452-UZOSF,0.07168455753321089,No
1452-VOQCH,0.9315512364980015,Yes
1452-XRSJV,0.1780478989175093,No
1453-RZFON,0.545043129891986,Yes
1455-ESIQH,0.9477494384964472,Yes
1455-HFBXA,0.1355833556449619,No
1455-UGQVH,0.9129297775419277,Yes
1456-TWCGB,0.44609950890083266,No
1459-QNFQT,0.053733660411465656,No
1460-UZPRJ,0.019542003841473858,No
1465-LNTLJ,0.5950263121661218,Yes
1465-VINDH,0.8511808021740863,Yes
1465-WCZVT,0.4098163117441108,No
1468-DEFNC,0.03989034980173275,No
1469-LBJQJ,0.682044341142637,Yes
1470-PSXNM,0.5286978569719605,Yes
1471-GIQKQ,0.7111673339888254,Yes
1472-TNCWL,0.7043612829853099,Yes
1474-JUWSM,0.22395386274353637,No
1475-VWVDO,0.8016818045806626,Yes
1478-VPOAD,0.7369372026214197,Yes
1480-BKXGA,0.14561888696553693,No
1480-IVEVR,0.43231708595991064,No
1481-ZUWZA,0.5987568760389687,Yes
1482-OXZSY,0.670361544345647,Yes
1485-YDHMM,0.5725627611332598,Yes
1488-PBLJN,0.10097297823370631,No
1488-SYSFC,0.18184955300153305,No
1492-KGETH,0.0762391384567442,No
1492-QGCLU,0.35985342174786444,No
1493-AMTIE,0.5524631767219803,Yes
1494-EJZDW,0.047878529888133986,No
1496-GGSUK,0.8318448938605968,Yes
1498-DQNRX,0.11803186227809453,No
1498-NHTLT,0.06778648684326408,No
1501-SGHBW,0.6288968214133779,Yes
1502-XFCVR,0.42318146600048623,No
1506-YJTYT,0.039630182983353586,No
1508-DFXCU,0.7685224648044975,Yes
1513-XNPPH,0.753180891257932,Yes
1518-OMDIK,0.26926325952339314,No
1518-VOWAV,0.6480063012273578,Yes
1522-VVDMG,0.7386027177346073,Yes
1525-LNLOJ,0.07744967721742216,No
1527-SXDPN,0.20851916307960583,No
1530-ZTDOZ,0.38456880312746655,No
1534-OULXE,0.09021131184269625,No
1535-VTJOQ,0.038320130668148884,No
1536-HBSWP,0.7241210869953558,Yes
1536-YHDOE,0.1590081525832085,No
1539-LNKHM,0.19195478342054115,No
1541-ETJZO,0.6471024288347682,Yes
1543-LLLFT,0.329952281268199,No
1544-JJMYL,0.0964833374751733,No
1545-ACTAS,0.42015124248217706,No
1545-JFUML,0.16508130133739704,No
1548-ARAGG,0.49030133866908754,No
1548-FEHVL,0.6457623089599187,Yes
1550-EENBN,0.6498699397665008,Yes
1550-LOAHA,0.4987927571847055,No
1552-AAGRX,0.516346859401189,Yes
1552-CZCLL,0.11175352386011965,No
1552-TKMXS,0.12806667872974517,No
1555-DJEQW,0.11327782458479502,No
1555-HAPSU,0.01957644422567959,No
1557-EMYVT,0.15089019128351464,No
1559-DTODC,0.530924302332564,Yes
1561-BWHIN,0.07731683614303145,No
1563-IWQEX,0.19387953915918166,No
1564-HJUVY,0.5228064493661558,Yes
1564-NTYXF,0.8812922405888345,Yes
1565-RHDJD,0.7493700702037885,Yes
1567-DSCIC,0.8675546461353144,Yes
1568-BEKZM,0.050621906409828006,No
1568-LJSZU,0.0457485761734597,No
1569-TTNYJ,0.8614464390249492,Yes
1571-SAVHK,0.7687787806477135,Yes
1573-LGXBA,0.3978318334601498,No
1574-DYCWE,0.023274423557216418,No
1575-KRZZE,0.4841326519387717,No
1576-PFZIW,0.11520777753426446,No
1577-HKTFG,0.12948927760066412,No
1579-KLYDT,0.8763658154906192,Yes
1580-BMCMR,0.7575528850240791,Yes
1582-RAFML,0.6237888093902714,Yes
1583-IHQZE,0.746653679298319,Yes
1585-MQSSU,0.2428844262053647,No
1587-FKLZB,0.6481734690165972,Yes
1589-AGTLK,0.776070226679917,Yes
1591-MQJTP,0.5363793102883824,Yes
1591-NFNLQ,0.5440410985302949,Yes
1591-XWLGB,0.016007385592107144,No
1596-BBVTG,0.47470969848010264,No
1596-OQSPS,0.4668272923538567,No
1597-FZREH,0.7834532026634274,Yes
1597-LHYNC,0.7357611399173037,Yes
1599-EAHXY,0.061486410445222316,No
1599-MMYRQ,0.16363628110132342,No
1600-DILPE,0.4335477893904251,No
1602-IJQQE,0.8323147489834193,Yes
1608-GMEWB,0.76360192598631,Yes
1612-EOHDH,0.7305722528215551,Yes
1614-JBEBI,0.29682130221523734,No
1618-CFHME,0.9272176945894128,Yes
1619-YWUBB,0.031243526231989328,No
1621-YNCJH,0.18676136288457482,No
1622-HSHSF,0.5227661521522632,Yes
1623-NLDOT,0.13596819842396918,No
1624-NALOJ,0.9160705757751222,Yes
1624-WOIWJ,0.6968529646551989,Yes
1625-JAIIY,0.39325752391458574,No
1626-ERCMM,0.883067072330011,Yes
1627-AFWVJ,0.023561548702507394,No
1628-BIZYP,0.9270737307471711,Yes
1629-DQQVB,0.30217948543266,No
1635-FJFCC,0.5464219941766011,Yes
1635-HDGFT,0.0306138325287322,No
1635-NZATJ,0.027650020503501974,No
1636-NTNCO,0.8113047486569512,Yes
1640-PLFMP,0.9043431653734475,Yes
1641-BYBTK,0.2797098685418786,No
1641-RQDAY,0.7672724373781236,Yes
1642-HMARX,0.074825692375737,No
1644-IRKSF,0.5025335224479767,Yes
1656-DRSMG,0.5302610164908351,Yes
1657-DYMBM,0.027879689073914814,No
1658-BYGOY,0.8833983243044534,Yes
1658-TJVOA,0.7995340129116774,Yes
1658-XUHBX,0.6749323073339492,Yes
1660-HSOOQ,0.7149776917653248,Yes
1661-CZBAU,0.20070722240531289,No
1663-MHLHE,0.45772779044986517,No
1666-JXLKU,0.8119323225111275,Yes
1666-JZPZT,0.29495662801346956,No
1670-SVOWZ,0.600480603200125,Yes
1676-MQAOA,0.02703602905808546,No
1678-FYZOW,0.9207235561752135,Yes
1679-JRFBR,0.3011535236417153,No
1680-VDCWW,0.1148467614027765,No
1682-VCOIO,0.07867907203405168,No
1684-FLBGS,0.3622330199744553,No
1685-BQULA,0.6553567679552794,Yes
1685-VAYJF,0.4110724553235302,No
1686-STUHN,0.06680652437654501,No
1689-MRZQR,0.5239589990431373,Yes
1689-YQBYY,0.7596688995339806,Yes
1696-HXOWK,0.18138629002909676,No
1696-MZVAU,0.23479633617692347,No
1697-BCSHV,0.33195874025338695,No
1697-LYYYX,0.04305022465013048,No
1697-NVVGY,0.38869520633179633,No
1698-XFZCI,0.48028794121419816,No
1699-HPSBG,0.3084423802720996,No
1699-TLDLZ,0.03427619007239052,No
1699-UOTXU,0.040603876202528574,No
1702-CCFNJ,0.23250988138252132,No
1703-MGIAB,0.4503911144547885,No
1704-NRWYE,0.8499796705993898,Yes
1705-GUHPV,0.024788748684350846,No
1707-HABPF,0.38289184016321387,No
1708-PBBOA,0.2613829483599097,No
1709-EJDOX,0.019225017306749914,No
1710-RCXUS,0.4783312350149847,No
1716-LSAMB,0.026767989661946597,No
1722-LDZJS,0.05760878108358756,No
1723-HKXJQ,0.759612655147878,Yes
1724-BQUHA,0.9149112370249276,Yes
1724-IQWNM,0.48893825928612994,No
1725-IQNIY,0.1235557756021295,No
1725-MIMXW,0.48803368323585594,No
1728-BQDMA,0.7279435418738482,Yes
1728-CXQBE,0.7056174454216845,Yes
1729-VLAZJ,0.1881893691376645,No
1730-VFMWO,0.16794361184048628,No
1730-ZMAME,0.7088309183304733,Yes
1731-TVIUK,0.865377010943835,Yes
1732-FEKLD,0.4398647394781087,No
1732-VHUBQ,0.43610299233602884,No
1734-ZMNTZ,0.06516319554480292,No
1735-XMJVH,0.28157397437093623,No
1740-CSDJP,0.8693688182573079,Yes
1741-WTPON,0.12117471198190821,No
1744-JHKYS,0.20552447308250663,No
1746-TGTWV,0.843095192342851,Yes
1750-CSKKM,0.5301579206377531,Yes
1751-NCDLI,0.8211295115375435,Yes
1752-OZXFY,0.11563465879462716,No
1754-GKYPY,0.7873292629659943,Yes
1755-FZQEC,0.06347542909089769,No
1755-RMCXH,0.41449518002769997,No
1757-TCATG,0.04969951532224936,No
1760-CAZHT,0.10769742084805096,No
1761-AEZZR,0.9247648380539218,Yes
1763-KUAAW,0.11867009001880482,No
1763-WQFUK,0.6178969424444692,Yes
1764-VUUMT,0.015143275599431487,No
1766-GKNMI,0.7470268053926113,Yes
1767-CJKBA,0.022906060101663933,No
1767-TGTKO,0.557305563718149,Yes
1768-HNVGJ,0.4311630799518955,No
1768-ZAIFU,0.8851907030153913,Yes
1769-GRUIK,0.694574350953391,Yes
1771-OADNZ,0.7765415490872855,Yes
1775-KWJKQ,0.03353437713940927,No
1776-SPBWV,0.06534296013638553,No
1777-JYQPJ,0.750744055684405,Yes
1779-PWPMG,0.14865366990507614,No
1784-BXEFA,0.28854326582349005,No
1784-EZDKJ,0.5459232003919481,Yes
1785-BPHTP,0.5584700698902576,Yes
1790-NESIO,0.05329585700189439,No
1791-PQHBB,0.7008154252078347,Yes
1792-UXAFY,0.7839411319707923,Yes
1794-HBQTJ,0.6707829881190137,Yes
1794-SWWKL,0.40619119754997196,No
1796-JANOW,0.44380930621274123,No
1803-BGNBD,0.40986371812699834,No
1809-DMJHQ,0.4116143500427243,No
1810-BOHSY,0.41083761068996755,No
1810-MVMAI,0.22479944547623687,No
1813-JLKWR,0.041833436298600486,No
1813-JYWTO,0.08216650587861461,No
1814-DKOLC,0.35334144491495656,No
1814-WFGVS,0.033088821649904676,No
1816-FLZDK,0.6939486339307689,Yes
1818-ESQMW,0.6246814923743514,Yes
1820-DJFPH,0.02659927300675085,No
1820-TQVEV,0.9069104165455618,Yes
1821-BUCWY,0.05009866219064418,No
1830-GGFNM,0.056072523895217476,No
1830-IPXVJ,0.017317650321904056,No
1832-PEUTS,0.1754619588791776,No
1833-TCXKK,0.6905020804528254,Yes
1833-VGRUM,0.9451643461916922,Yes
1834-ABKHQ,0.15385784411969058,No
1834-WULEG,0.05601893709853568,No
1837-YQUCE,0.07984881303592621,No
1839-FBNFR,0.03411775267900575,No
1839-UMACK,0.11972265899187198,No
1840-BIUOG,0.32328654215000296,No
1841-YSJGV,0.11325519980893285,No
1842-EZJMK,0.6395588646863118,Yes
1843-TLSGD,0.03572443407844405,No
1845-CSBRZ,0.6950018159000976,Yes
1845-ZLLIG,0.6813294176405642,Yes
1846-XWOQN,0.9224801376669456,Yes
1848-LBZHY,0.4640255651141627,No
1849-RJYIG,0.5866490262622247,Yes
1850-AKQEP,0.21954779544454756,No
1852-QSWCD,0.02817313331044982,No
1852-XEMDW,0.2971380484462715,No
1853-ARAAQ,0.5736814320380835,Yes
1853-UDXBW,0.8947206265124634,Yes
1855-AGAWH,0.5573407680086834,Yes
1855-CFULU,0.3344798960296494,No
1862-QRWPE,0.027573803256835644,No
1862-SKORY,0.6089980695845001,Yes
1866-DIOQZ,0.11825144508838908,No
1866-NXPSP,0.1292415330399829,No
1866-OBPNR,0.8017475339894243,Yes
1866-RZZQS,0.8375382833163837,Yes
1866-ZSLJM,0.17108804973322841,No
1867-BDVFH,0.8167734893825611,Yes
1867-TJHTS,0.511994725446544,Yes
1871-MOWRM,0.46429478618307113,No
1872-EBWSC,0.05582852407051934,No
1875-QIVME,0.9519279932184705,Yes
1877-HKBQX,0.18648091661254385,No
1891-FZYSA,0.6333245221942282,Yes
1891-QRQSA,0.16689864874420804,No
1891-UAWWU,0.7981764651697578,Yes
1894-IGFSG,0.7461398192897131,Yes
1895-QTKDO,0.6587440570985792,Yes
1897-OKVMW,0.048994999565807024,No
1897-RCFUM,0.10059382205524896,No
1898-JSNDC,0.184838282416117,No
1899-VXWXM,0.5484560547221238,Yes
1902-XBTFB,0.6871344169486818,Yes
1904-WAJAA,0.0749709985104092,No
1905-OEILC,0.45267232449783024,No
1907-UBQFC,0.81039543009707,Yes
1907-YLNYW,0.6272913583524468,Yes
1910-FMXJM,0.6517344692727054,Yes
1915-IOFGU,0.87633742672315,Yes
1915-OAKWD,0.11625972792077402,No
1918-ZBFQJ,0.7202444419346656,Yes
1919-RTPQD,0.49934642687337166,No
1921-KYSAY,0.29762931795661446,No
1925-GMVBW,0.28991786377504447,No
1925-LFCZZ,0.44004417706776544,No
1925-TIBLE,0.8707283932744018,Yes
1926-QUZNN,0.02994044381821254,No
1927-QEWMY,0.015368272958013176,No
1928-BXYIV,0.7303044329975081,Yes
1929-ZCBHE,0.13920124535658024,No
1930-BZLHI,0.10622683503480203,No
1930-QPBVZ,0.05335483909120444,No
1930-WNXSB,0.659599057061582,Yes
1932-UEDCX,0.7346461950891884,Yes
1934-MKPXS,0.048970731040156486,No
1934-SJVJK,0.45204249807064767,No
1935-IMVBB,0.5542098271090812,Yes
1936-CZAKF,0.15565495469553411,No
1936-UAFEH,0.09266282191575378,No
1937-OTUKY,0.10267935529758522,No
1941-HOSAM,0.9398103668257966,Yes
1942-OQFRW,0.7385466105672996,Yes
1945-XISKS,0.01656966963318432,No
1950-KSVVJ,0.2991637021009531,No
1951-IEYXM,0.043228051558166565,No
1952-DVVSW,0.12776700857539167,No
1955-IBMMB,0.03271424316974651,No
1956-YIFGE,0.48847996086491124,No
1958-RNRKS,0.3758202895660102,No
1960-UOTYM,0.0891238150837173,No
1960-UYCNN,0.8753272029550847,Yes
1963-SVUCV,0.7324430025857518,Yes
1963-VAUKV,0.44729637884973894,No
1964-SVLEA,0.11019035446678113,No
1965-AKTSX,0.8094674254373737,Yes
1965-DDBWU,0.7241023558816783,Yes
1970-KKFWL,0.03314876207848635,No
1971-DTCZB,0.051859358377549764,No
1972-XMUWV,0.04262614759216776,No
1976-AZZPJ,0.4834025661458007,No
1976-CFOCS,0.7744347180336548,Yes
1977-STDKI,0.9188726159825191,Yes
1980-KXVPM,0.9188147701093511,Yes
1981-INRFU,0.9220209189170209,Yes
1982-FEBTD,0.05531054074980653,No
1984-FCOWB,0.39289285940009333,No
1984-GPTEH,0.21848074856600014,No
1985-MBRYP,0.035332140962152876,No
1986-PHGZF,0.45110996131523096,No
1987-AUELQ,0.022066470695642496,No
1989-PRJHP,0.7312710503449451,Yes
1991-VOPLL,0.2452143315798654,No
1996-DBMUS,0.6097036244242398,Yes
1998-VHJHK,0.05994053415553273,No
2000-DHJUY,0.06532619057435027,No
2000-MPKCA,0.5308951881353531,Yes
2001-EWBQU,0.25526573856363516,No
2001-MCUUW,0.2413866542795065,No
2002-MZHWP,0.44669978806202904,No
2003-CKLOR,0.5368732876911717,Yes
2004-OCQXK,0.9298032248995418,Yes
2005-DWQZJ,0.05169688617910049,No
2007-QVGAW,0.020864032323630797,No
2011-TRQYE,0.5170100225090982,Yes
2012-NWRPA,0.9247728892942989,Yes
2013-SGDXK,0.8926692669891694,Yes
2014-MKGMH,0.603452408618444,Yes
2017-CCBLH,0.05619864940379667,No
2018-PZKMU,0.760976093583971,Yes
2018-QKYGT,0.9236362701222912,Yes
2019-HDCZY,0.25527822587995935,No
2023-VQFDL,0.2497477882785269,No
2024-BASKD,0.8672499538330015,Yes
2025-JKFWI,0.7700484841720726,Yes
2026-TGDHM,0.8493373871487696,Yes
2027-CWDNU,0.6847387093914129,Yes
2027-DNKIV,0.09495649803894951,No
2027-FECZV,0.8651856152201094,Yes
2027-OAQQC,0.579292082290567,Yes
2027-WKXMW,0.6337806068867458,Yes
2030-BTZRO,0.07228641573400035,No
2034-CGRHZ,0.7822493509577141,Yes
2034-GDRCN,0.9435006643464632,Yes
2037-SGXHH,0.7027122830508784,Yes
2037-XJFUP,0.5308985163397574,Yes
2038-LLMLM,0.7622781362873292,Yes
2038-OEQZH,0.8376290997597062,Yes
2038-YSEZE,0.15458518009699415,No
2039-JONDJ,0.09515540871939394,No
2040-LDIWQ,0.07116706979273558,No
2040-OBMLJ,0.24304530205913094,No
2040-VZIKE,0.6749723049515656,Yes
2040-XBAVJ,0.08404088097050345,No
2041-JIJCI,0.7689344461118616,Yes
2043-WVTQJ,0.5997271537503854,Yes
2045-BMBTJ,0.521061783849791,Yes
2049-BAFNW,0.6920450711088068,Yes
2050-ONYDQ,0.021269913322130775,No
2054-PJOCK,0.1579347809948699,No
2055-BFOCC,0.142306345850369,No
2055-PDADH,0.9180313176187983,Yes
2055-SIFSS,0.3499779804240191,No
2056-EVGZL,0.17608480345256652,No
2057-BOYKM,0.08701272980003459,No
2057-ZBLPD,0.8146608794129158,Yes
2058-DCJBE,0.819680392768008,Yes
2061-VVFST,0.1519165721605754,No
2065-MMKGR,0.30482666887659327,No
2067-QYTCF,0.6128438650416852,Yes
2068-WWXQZ,0.025188400958928554,No
2070-FNEXE,0.6680099716064299,Yes
2070-XYMFH,0.7156679492425425,Yes
2072-ZVJJX,0.025257317878150165,No
2073-QBVBI,0.13295264857169448,No
2074-GKOWZ,0.9192337280409522,Yes
2074-GUHPQ,0.5607420246634597,Yes
2075-PUEPR,0.02461843306481241,No
2075-RMJIK,0.4385577272773563,No
2077-DDHJK,0.024081828046946165,No
2077-MPJQO,0.8756549906908594,Yes
2079-FBMZK,0.7225133571423685,Yes
2080-CAZNM,0.815951691417012,Yes
2080-GKCWQ,0.8652570798895257,Yes
2080-SRCDE,0.49534943940876797,No
2081-KJSQF,0.5218307338885849,Yes
2081-VEYEH,0.9147243363309959,Yes
2082-CEFLT,0.7827944429225164,Yes
2082-OJVTK,0.7344748501604903,Yes
2085-BOJKI,0.605599051056733,Yes
2085-JVGAD,0.15054874111042857,No
2087-QAREY,0.34115345138109626,No
2088-IEBAU,0.07955800381569028,No
2091-GPPIQ,0.07723072867677451,No
2091-MJTFX,0.3553150848007815,No
2091-RFFBA,0.7111416054402685,Yes
2096-XOTMO,0.1630019427867494,No
2097-YVPKN,0.02305647377507977,No
2100-BDNSN,0.5819510513953432,Yes
2101-RANCD,0.6738216661730935,Yes
2103-ZRXFN,0.7134187945538043,Yes
2105-PHWON,0.582412693832747,Yes
2107-FBPTK,0.8092311245236403,Yes
2108-GLPQB,0.3260420259410812,No
2108-XWMPY,0.7320107802734033,Yes
2108-YKQTY,0.4425404519190934,No
2111-DWYHN,0.4463696942115324,No
2114-MGINA,0.7526218311492441,Yes
2115-BFTIW,0.43345268421778693,No
2120-SMPEX,0.16008170947045816,No
2121-JAFOM,0.11352328534151665,No
2122-SZZZD,0.06093510492976694,No
2122-YWVYA,0.6463393729199604,Yes
2123-AGEEN,0.8662193989369508,Yes
2123-VSCOT,0.06840552218413153,No
2126-GSEGL,0.07085645603166695,No
2129-ALKBS,0.25792902888496577,No
2133-TSRRM,0.5082538236112667,Yes
2135-DQWAQ,0.7669759873391937,Yes
2135-RXIHG,0.7825891938750936,Yes
2137-DQMEV,0.10017031482929047,No
2138-VFAPZ,0.0469881588624903,No
2139-FQHLM,0.5171672132979149,Yes
2141-RRYGO,0.6870026754669168,Yes
2143-LJULT,0.031679746112606835,No
2144-BFDSO,0.6797693138223508,Yes
2144-ESWKO,0.20506850582833164,No
2146-EGVDT,0.021242803782238362,No
2150-OEGBV,0.0666052699404695,No
2150-UWTFY,0.2031729947192712,No
2150-WLKUW,0.2027678304320704,No
2153-MREFK,0.4866702086490882,No
2154-KVJFF,0.7624090708778527,Yes
2155-AMQRX,0.2864856092249754,No
2157-MXBJS,0.45970958802103873,No
2159-TURXX,0.2952983438800851,No
2160-GPFXD,0.0431235907783078,No
2162-FRZAA,0.04240126137770488,No
2164-SOQXL,0.148887822527405,No
2165-VOEGB,0.25299464244928965,No
2167-FQSTQ,0.06675079430229608,No
2169-RRLFW,0.021755508385597498,No
2171-UDMFD,0.13401481968151374,No
2172-EJXVF,0.5084417676178333,Yes
2176-LVPNX,0.04497062985198614,No
2176-OSJUV,0.023709716150031906,No
2178-PMGCJ,0.5834352826815403,Yes
2180-DXNEG,0.8338309758644401,Yes
2181-TIDSV,0.020810701498067158,No
2181-UAESM,0.7003594078740634,Yes
2186-QZEYA,0.34586755417324827,No
2187-LZGPL,0.6958033262368667,Yes
2187-PKZAY,0.7487703931342219,Yes
2188-SXWVT,0.07257660153290009,No
2189-UXTKY,0.5554095845724191,Yes
2189-WWOEW,0.6698424832421328,Yes
2190-BCXEC,0.5311505738058425,Yes
2190-PHBHR,0.12677077453229782,No
2192-CKRLV,0.10314954313773879,No
2192-OZITF,0.0472493587822279,No
2193-SFWQW,0.057817647432725425,No
2194-IIQOF,0.03998917033062369,No
2195-VVRJF,0.4874282733800846,No
2195-ZRVAX,0.6606490218514067,Yes
2197-OMWGI,0.18185744854641228,No
2200-DSAAL,0.12688969021091784,No
2202-CUYXZ,0.9274467221128918,Yes
2202-OUTMO,0.22444064712591885,No
2203-GHNWN,0.6163284737415569,Yes
2205-LPVGL,0.2575246855981778,No
2205-YMZZJ,0.8961345116303006,Yes
2207-NHRJK,0.7096512543293982,Yes
2207-OBZNX,0.4254585901069375,No
2207-QPJED,0.5997979712943221,Yes
2207-RYYRL,0.03232776292264339,No
2208-MPXIO,0.02965815983918735,No
2208-NKVVH,0.030078893058208128,No
2208-NQBCT,0.4073202327176337,No
2208-UGTGR,0.7055491534812826,Yes
2209-XADXF,0.7723753565255378,Yes
2211-RMNHO,0.04879984508037529,No
2212-LYASK,0.2776425698024692,No
2215-ZAFGX,0.8669360898720919,Yes
2219-MVUSO,0.4877160042251479,No
2220-IAHLS,0.46890294016185996,No
2223-GDSHL,0.10672356301534697,No
2223-KAGMX,0.2036696359870106,No
2225-ZRGSG,0.05256948148050511,No
2226-ICFDO,0.047279890497745766,No
2227-JRSJX,0.6559086054104869,Yes
2228-BZDEE,0.024484426666631604,No
2229-DPMBI,0.05072087105299606,No
2229-VWQJH,0.3161615434030898,No
2230-XTUWL,0.025167072746357957,No
2232-DMLXU,0.69548530928143,Yes
2233-FAGXV,0.3968065629140283,No
2233-TXSIU,0.26465916802657613,No
2234-EOFPT,0.03851513672850916,No
2234-XADUH,0.34487656698054664,No
2235-DWLJU,0.8573719748190477,Yes
2235-EZAIK,0.02796812427050101,No
2235-ZGKPT,0.5165245938603291,Yes
2236-HILPA,0.0167661719284963,No
2237-ZFSMY,0.3413761911838065,No
2239-CFOUJ,0.2496557135094281,No
2239-CGBUZ,0.09634589701462076,No
2239-JALAW,0.515503873351113,Yes
2240-HSJQD,0.5215512726377614,Yes
2242-MFOTG,0.26798895207639906,No
2243-FNMMI,0.16981399965566277,No
2245-ADZFJ,0.07131643216904483,No
2249-YPRNG,0.7736617033317763,Yes
2250-IVBWA,0.30802394984909715,No
2251-PYLPB,0.032199350068957265,No
2252-ISRNH,0.7326919342346495,Yes
2252-JHJGE,0.4300519497238414,No
2252-NKNSI,0.07194480186737584,No
2253-KPMNB,0.027241380570021106,No
2254-DLXRI,0.8896871936976253,Yes
2256-YLYLP,0.05550627520798538,No
2257-BOVXD,0.47089897889600785,No
2259-OUUSZ,0.3779014498735382,No
2260-USTRB,0.8925361198577031,Yes
2262-SLNVK,0.8773798295444589,Yes
2263-SFSQZ,0.04295507031452653,No
2265-CYWIV,0.9234276814924284,Yes
2266-FUBDZ,0.03580313408096088,No
2266-SJNAT,0.244262543458174,No
2267-FPIMA,0.6211254278313414,Yes
2267-WTPYD,0.6309617473046686,Yes
2270-CHBFN,0.4189673966284861,No
2272-JKMSI,0.39900514216080185,No
2272-QAGFO,0.8246157279754589,Yes
2272-UOINI,0.5906677526518017,Yes
2272-WUSPA,0.20508569552537093,No
2273-QCKXA,0.5707076437374925,Yes
2274-XUATA,0.08842758322855182,No
2275-RBYQS,0.6988870394040861,Yes
2276-YDAVZ,0.9008263518748674,Yes
2277-AXSDC,0.059429026066976066,No
2277-BKJKN,0.24110657600093144,No
2277-DJJDL,0.7192065739246367,Yes
2277-VWCNI,0.609879079734671,Yes
2279-AXJJK,0.5805123049536917,Yes
2282-YGNOR,0.07668056321164306,No
2284-VFLKH,0.42242523035086743,No
2292-XQWSV,0.20283806858131964,No
2293-IJWPS,0.5226702066448925,Yes
2294-DMMUS,0.3796768039651148,No
2294-SALNE,0.21182214563717233,No
2296-DKZFP,0.038590633357165956,No
2300-RQGOI,0.026471772564600222,No
2302-ANTDP,0.6658200801275882,Yes
2302-OUZXB,0.06775784134149634,No
2303-PJYHN,0.48527439165318265,No
2305-MRGLV,0.3690780648484123,No
2307-FYNNL,0.24382143250492536,No
2308-STERM,0.45280201384958,No
2309-OSFEU,0.6959688292201052,Yes
2311-QYMUQ,0.642574273560342,Yes
2314-TNDJQ,0.03422255832230447,No
2316-ESMLS,0.18632132232664184,No
2320-JRSDE,0.5959595387716631,Yes
2320-SLKMB,0.4079583873686284,No
2320-TZRRH,0.08473261623448666,No
2320-YKQBO,0.2537113134319228,No
2321-OMBXY,0.10738941086576717,No
2322-VCZHZ,0.7341100290862966,Yes
2323-ARSVR,0.13178850682204152,No
2324-AALNO,0.10422126691155797,No
2324-EFHVG,0.2344706422506165,No
2325-NBPZG,0.8789081714804465,Yes
2325-WINES,0.5056271990963994,Yes
2325-ZUSFD,0.17938090004434515,No
2330-PQGDQ,0.245331407548447,No
2332-EFBJY,0.22822024527141696,No
2332-TODQS,0.09766540342052447,No
2333-KWEWW,0.03959259662158666,No
2335-GSODA,0.06011742881312975,No
2338-BQEZT,0.2300495815457659,No
2342-CKIAO,0.4422788279337995,No
2344-JMOGN,0.6821221639943373,Yes
2346-CZYIL,0.025933232427564373,No
2346-DJQTB,0.3942007550242594,No
2346-LOCWC,0.020805638578250973,No
2347-WKKAE,0.7164547690202436,Yes
2348-KCJLT,0.10539785084475005,No
2351-BKRZW,0.06744318307515208,No
2351-RRBUE,0.11724019640075511,No
2357-COQEK,0.785638996128996,Yes
2359-KLTEK,0.641893606848231,Yes
2359-KMGLI,0.6734086600409275,Yes
2359-QWQUL,0.35186308608570455,No
2360-RDGRO,0.6665336950925442,Yes
2361-FJWNO,0.13966106469064946,No
2361-UPSND,0.07914216548292226,No
2362-IBOOY,0.7772610066149876,Yes
2363-BJLSL,0.2613409983526611,No
2364-UFROM,0.10699191451718838,No
2368-GAKKQ,0.1278779438633682,No
2369-FEVNO,0.5239381048664098,Yes
2369-UAPKZ,0.8494681260214917,Yes
2371-JQHZZ,0.8191958759016762,Yes
2371-JUNGC,0.23385274967418188,No
2371-KFUOG,0.29668210725900934,No
2372-HWUHI,0.7307783574745413,Yes
2373-NTKOD,0.7207387072808707,Yes
2378-HTWFW,0.5576317577300837,Yes
2378-VTKDH,0.7417115121101774,Yes
2378-YIZKA,0.03476596736437049,No
2379-ENZGV,0.8203646202904294,Yes
2379-GYFLQ,0.4072534571216746,No
2380-DAMQP,0.12361289789273602,No
2382-BCKQJ,0.5057692072219735,Yes
2384-OVPSA,0.03288940829579054,No
2386-LAHRK,0.7564740042951426,Yes
2386-OWURY,0.6197196486359425,Yes
2387-KDZQY,0.11556910576176022,No
2388-LAESQ,0.1480169911032299,No
2391-IPLOP,0.25387678083173537,No
2391-SOORI,0.4819863569749456,No
2393-DIVAI,0.5086843611905694,Yes
2397-BRLOM,0.7809848943108014,Yes
2398-YPMUR,0.7739558336627863,Yes
2400-FEQME,0.02121816261089808,No
2400-XIWIO,0.05574630858441692,No
2402-TAIRZ,0.3479379479079209,No
2403-BCASL,0.5515917618163759,Yes
2404-JIBFC,0.08723652922145979,No
2405-LBMUW,0.1364092708062657,No
2408-PSJVE,0.16839249948692625,No
2408-TZMJL,0.5190612947108855,Yes
2408-WITXK,0.811315524792494,Yes
2410-CIYFZ,0.40749999370432344,No
2418-TPEUN,0.029190400736236,No
2419-FSORS,0.20357172649722682,No
2424-WVHPL,0.8696134788514013,Yes
2428-HYUNX,0.04263401404517869,No
2428-ZMCTB,0.2526781758980582,No
2429-AYKKO,0.016321777388476386,No
2430-RRYUW,0.0736273885761896,No
2430-USGXP,0.813712985770194,Yes
2432-TFSMK,0.5851186393089874,Yes
2433-KMEAS,0.4818822040978321,No
2434-EEVDB,0.1518556469491989,No
2436-QBZFP,0.5211092843221322,Yes
2439-LYPMQ,0.8402216301263362,Yes
2439-QKJUL,0.2823611181433158,No
2446-BEGGB,0.9229005456663016,Yes
2446-PLQVO,0.9053709518102292,Yes
2446-ZKVAF,0.3748152757905321,No
2450-ZKEED,0.21007841761916504,No
2451-YMUXS,0.04231914511223604,No
2452-KDRRH,0.6595724521075808,Yes
2452-MRMZF,0.03481004338050007,No
2452-SNHFZ,0.34050165820130823,No
2453-SAFNS,0.14622777544412532,No
2454-RPBRZ,0.8432349610620612,Yes
2455-USLMV,0.520636351617191,Yes
2458-EOMRE,0.47498370477768737,No
2460-FPSYH,0.6207016087505469,Yes
2460-NGXBJ,0.7896693525155318,Yes
2462-XIIJB,0.8885363212238369,Yes
2465-BLLEU,0.5248410073669025,Yes
2466-FCCPT,0.0840092456421988,No
2466-NEJOJ,0.23863562208227515,No
2468-SJFLM,0.822011075770593,Yes
2469-DTSGX,0.17538133127445113,No
2472-OVKUP,0.8458346761582062,Yes
2474-BRUCM,0.7388602396114263,Yes
2474-LCNUE,0.5200781618691751,Yes
2475-MROZF,0.4212317730206663,No
2476-YGEFM,0.5755450087763799,Yes
2478-EEWWM,0.6300910256857544,Yes
2479-BRAMR,0.627895645586765,Yes
2480-EJWYP,0.5702903183800259,Yes
2480-JZOSN,0.5233363728940386,Yes
2480-SQIOB,0.5419992680189175,Yes
2481-SBOYW,0.030616830888235493,No
2482-CZGBB,0.7838367649462666,Yes
2483-XSSMZ,0.19032964457668886,No
2484-DGXPZ,0.12773779244225075,No
2485-ITVKB,0.9001669520068342,Yes
2486-WYVVE,0.24251739343563863,No
2495-INZWQ,0.8496704710041335,Yes
2495-KZNFB,0.6688063251924528,Yes
2495-TTHBQ,0.17129095213277315,No
2498-XLDZR,0.03139136121537023,No
2499-AJYUA,0.17039501260614678,No
2501-XWWTZ,0.7246461295009408,Yes
2504-DSHIH,0.798889608807099,Yes
2506-CLAKW,0.7023965908045771,Yes
2506-TNFCO,0.925521482174795,Yes
2507-QZPQS,0.7175098619939108,Yes
2509-TFPJU,0.021464692617874526,No
2511-ALLCS,0.028625415505353944,No
2511-MORQY,0.17371562006498137,No
2514-GINMM,0.9248487538783833,Yes
2516-VQRRV,0.9142677714646381,Yes
2516-XSJKX,0.06306414476603292,No
2519-ERQOJ,0.6054904533367952,Yes
2519-FAKOD,0.7318486595352527,Yes
2519-LBNQL,0.6009490377224944,Yes
2519-TWKFS,0.14299321207936583,No
2520-SGTTA,0.11508527540219002,No
2521-NPUZR,0.05613502865260168,No
2522-AHJXR,0.5445059873386539,Yes
2522-WLNSF,0.13382675601880217,No
2523-EWWZL,0.5751136199516007,Yes
2525-GVKQU,0.01846101398045528,No
2528-HFYZX,0.7311683676086352,Yes
2530-ENDWQ,0.2223738971743252,No
2530-FMFXO,0.30185808387086477,No
2533-QVMSK,0.18567022620489476,No
2533-TIBIX,0.46349515541158925,No
2535-PBCGC,0.05503250481538698,No
2538-OIMXF,0.722810026845082,Yes
2541-YGPKE,0.09342921542269671,No
2542-HYGIQ,0.4655986495697508,No
2545-EBUPK,0.961593055368655,Yes
2545-LXYVJ,0.016418422852081706,No
2546-KZAAT,0.1872466272254899,No
2550-AEVRU,0.10628545710938803,No
2550-QHZGP,0.13572141603490936,No
2558-BUOZZ,0.28800691583448,No
2560-PPCHE,0.3345797864426212,No
2560-QTSBS,0.06536293124995701,No
2560-WBWXF,0.03328569835216237,No
2565-JSLRY,0.6139386636038263,Yes
2568-BRGYX,0.8201657137800014,Yes
2568-OIADY,0.8183295297012454,Yes
2569-WGERO,0.02056288792903536,No
2573-GYRUU,0.754893589704673,Yes
2575-GFSOE,0.77710226106173,Yes
2576-HXMPA,0.4680014872450188,No
2577-GVSIL,0.21567342725966665,No
2578-JQPHZ,0.15870255407606826,No
2580-ASVVY,0.10125698926408343,No
2580-ATZSQ,0.0565537173339173,No
2581-VKIRT,0.06538961144685441,No
2582-FFFZR,0.7258897268768919,Yes
2585-KTFRE,0.6320391032429329,Yes
2586-CWXVV,0.41632227762902807,No
2587-EKXTS,0.710359952938682,Yes
2587-YNLES,0.051923312808669804,No
2589-AYCRP,0.07300596545620246,No
2592-HODOV,0.10568537533008335,No
2592-SEIFQ,0.8183340321075538,Yes
2592-YKDIF,0.44759473127026256,No
2595-KIWPV,0.022657740631583722,No
2599-CIPQE,0.0599451426189767,No
2599-CZABP,0.2671425662431388,No
2603-HVKCG,0.6908430790858385,Yes
2604-IJPDU,0.5852553036530758,Yes
2604-XVDAM,0.37374833198373625,No
2606-PKWJB,0.09445108467635584,No
2606-RMDHZ,0.6184640252351034,Yes
2607-DHDAK,0.017987712903621833,No
2607-FBDFF,0.586341664991203,Yes
2608-BHKFN,0.7600217893948846,Yes
2609-IAICY,0.9274487309578064,Yes
2612-PHGOX,0.057672345432374615,No
2612-RANWT,0.8424202431675313,Yes
2612-RRIDN,0.8528161807009288,Yes
2615-YVMYX,0.6664626630122302,Yes
2616-FLVQC,0.017525837665831528,No
2616-UUTFK,0.34495094227048906,No
2619-WFQWU,0.8602239424915837,Yes
2621-UDNLU,0.44167799218393616,No
2623-DRYAM,0.4885288677822574,No
2625-TRCZQ,0.644171737764348,Yes
2626-URJFX,0.6868533498079272,Yes
2626-VEEWG,0.020376859926497466,No
2632-IVXVF,0.09104751820361302,No
2632-TACXW,0.029819120760249007,No
2632-UCGVD,0.5947370889451551,Yes
2634-HCZGT,0.2180243870626243,No
2636-ALXXZ,0.9234240722889132,Yes
2636-OHFMN,0.8439817841333813,Yes
2636-SJDOU,0.23789454050500417,No
2637-FKFSY,0.6900170568739806,Yes
2639-UGMAZ,0.2901770433619887,No
2640-LYMOV,0.5195140765015905,Yes
2640-PMGFL,0.5733607661722449,Yes
2642-DTVCO,0.9047446650245212,Yes
2642-MAWLJ,0.027466444005398518,No
2645-QTLMB,0.8677922493643526,Yes
2649-HWLYB,0.04342354048641887,No
2650-GYRYL,0.06859599997734245,No
2651-ZCBXV,0.19506151018758536,No
2654-VBVPB,0.48063710144484595,No
2656-FMOKZ,0.7472553912513851,Yes
2656-TABEH,0.9189715752301546,Yes
2657-ALMWY,0.6611097235447355,Yes
2657-VPXTA,0.8558554828897391,Yes
2659-VXMWZ,0.3869183312206558,No
2660-EMUBI,0.9199328715707639,Yes
2661-GKBTK,0.04044201042163567,No
2662-NNTDK,0.06070180704401879,No
2664-XJZNO,0.08333222605974283,No
2665-NPTGL,0.8022340460657926,Yes
2667-WYLWJ,0.14955160165926928,No
2668-TZSPS,0.45024966842172176,No
2669-OIDSD,0.612038482412539,Yes
2669-QVCRG,0.5225929425874319,Yes
2672-DZUOY,0.8616671370797403,Yes
2672-HUYVI,0.8724422542173027,Yes
2672-OJQZP,0.640026181752468,Yes
2672-TGEFF,0.7018354370129469,Yes
2673-CXQEU,0.5127231744670998,Yes
2673-ZALNP,0.13425114535013108,No
2674-MIAHT,0.7919019245047939,Yes
2674-MLXMN,0.6090736572104877,Yes
2675-DHUTR,0.794448632214001,Yes
2675-IJRGJ,0.028899682215989063,No
2675-OTVVJ,0.6519924788751871,Yes
2676-ISHSF,0.45114592470397324,No
2676-OXPPQ,0.4383965038551074,No
2676-SSLTO,0.09691013581145441,No
2680-XKKNJ,0.16390487724760303,No
2682-KEVRP,0.126511932683236,No
2683-BPJSO,0.6000649814783342,Yes
2683-JXWQQ,0.2390774061650392,No
2684-EIWEO,0.47457476337292553,No
2685-SREOM,0.7527293513134042,Yes
2688-BHGOG,0.8722794465482522,Yes
2690-DVRVK,0.19550401664496944,No
2691-NZETQ,0.8666877932536001,Yes
2692-AQCPF,0.34703540724943027,No
2692-BUCFV,0.6843744719488476,Yes
2692-PFYTJ,0.6010217689879795,Yes
2694-CIUMO,0.6610287965291086,Yes
2696-ECXKC,0.34482837425933294,No
2696-NARTR,0.7267556415329981,Yes
2696-RZVZW,0.02398578177159754,No
2697-NQBPF,0.6735822560476951,Yes
2700-LUEVA,0.464065619079346,No
2703-AMTUL,0.08868025883629467,No
2706-QZIHY,0.055936053594210854,No
2709-UQGNP,0.40424209849730897,No
2710-WYVXG,0.18489323369217622,No
2712-SYWAY,0.6990199019786911,Yes
2716-GFZOR,0.41966444674231207,No
2717-HVIZY,0.21809434578202683,No
2718-GAXQD,0.5883428871968284,Yes
2718-YSKCS,0.01960434279536349,No
2719-BDAQO,0.7304039793908227,Yes
2720-FVBQP,0.5687916892326322,Yes
2720-WGKHP,0.9690352422763224,Yes
2722-JMONI,0.7881981376713851,Yes
2722-VOJQL,0.32636929435850104,No
2724-FJDYW,0.24414297769329973,No
2725-IWWBA,0.06221940500313689,No
2725-KXXWT,0.9472026022960616,Yes
2725-TTRIQ,0.05223498754576696,No
2729-VNVAP,0.020028612988171435,No
2731-GJRDG,0.4030332532354665,No
2732-ISEZX,0.33799969899159027,No
2737-WFVYW,0.9164650336827423,Yes
2737-YNGYW,0.9114679753897713,Yes
2739-CACDQ,0.7431818382325515,Yes
2739-CCZMB,0.2645156321045299,No
2740-JFBOK,0.481731432120716,No
2740-TVLFN,0.8375954956699357,Yes
2746-DIJLO,0.18562801037560903,No
2748-MYRVK,0.3591082756153267,No
2749-CTKAJ,0.07195173167939961,No
2750-BJLSB,0.3872429163267377,No
2753-JMMCV,0.062335576451871474,No
2754-SDJRD,0.8613135071408282,Yes
2754-VDLTR,0.8564434745184479,Yes
2754-XBHTB,0.7813822102713434,Yes
2758-RNWXS,0.32268363473304235,No
2761-OCIAX,0.9159992693884242,Yes
2761-XECQW,0.7502444043580577,Yes
2770-NSVDG,0.47843025287938723,No
2773-MADBQ,0.09972540271699305,No
2773-OVBPK,0.1652766513936922,No
2774-LVQUS,0.7854590304271244,Yes
2775-SEFEE,0.23176712336960295,No
2777-PHDEI,0.9046301992733408,Yes
2778-OCLGR,0.47996664550202106,No
2782-JEEBU,0.37889438764145367,No
2782-LFZVW,0.6436616418908414,Yes
2786-GCDPI,0.7877109436295019,Yes
2788-CJQAQ,0.09964184474278087,No
2789-CZANW,0.09588386650296184,No
2789-HQBOU,0.9303536850565675,Yes
2790-XUYMV,0.177883990492293,No
2791-SFVEW,0.2657656225207713,No
2792-LSHWX,0.7686456491915578,Yes
2792-VPPET,0.6168299763298124,Yes
2794-XIMMO,0.3695746414638951,No
2796-NNUFI,0.025784986833410576,No
2796-UUZZO,0.36204220905324414,No
2798-NYLMZ,0.13640174981952577,No
2799-ARNLO,0.8549698477905779,Yes
2799-TSLAG,0.030174287794098885,No
2800-QQUSO,0.7248157447427068,Yes
2800-VEQXM,0.8618891013713341,Yes
2801-NISEI,0.21462761906503647,No
2804-ETQDK,0.01400442488201378,No
2805-AUFQN,0.027149379869188785,No
2805-EDJPQ,0.33967724796923526,No
2806-MLNTI,0.6057907423517244,Yes
2808-CHTDM,0.04049120331090199,No
2809-ILCYT,0.10760737224180952,No
2809-ZMYOQ,0.7714853543937349,Yes
2810-FTLEM,0.4256706466227048,No
2811-POVEX,0.704086063095245,Yes
2812-ENYMO,0.2078414043984975,No
2812-REYAT,0.0984130231692734,No
2812-SFXMJ,0.41470008600601116,No
2815-CPTUL,0.7857918120144373,Yes
2817-LVCPP,0.029013936362692266,No
2817-NTQDO,0.46573548134896836,No
2819-GWENI,0.051155213062430746,No
2821-WARNZ,0.06156826788996802,No
2823-LKABH,0.7256987992004916,Yes
2824-DXNKN,0.0485977932612724,No
2824-MYYBN,0.7837345914274008,Yes
2826-DXLQO,0.5914174554670545,Yes
2826-UWHIS,0.4853402172340993,No
2828-SLQPF,0.39617510131093614,No
2829-HYVZP,0.07449105930485389,No
2830-LEWOA,0.2129771076246041,No
2831-EBWRN,0.6368007774996465,Yes
2832-KJCRD,0.7582401650486557,Yes
2832-SCUCO,0.5562095396922963,Yes
2833-SLKDQ,0.6413854771061644,Yes
2834-JKOOW,0.16569778263661744,No
2834-JRTUA,0.18368256096432514,No
2834-SPCJV,0.5408995266428493,Yes
2839-RFSQE,0.4394351481110919,No
2840-XANRC,0.807336057587874,Yes
2842-BCQGE,0.579888800129891,Yes
2842-JTCCU,0.6555861989094153,Yes
2843-CQMEG,0.2728775380838195,No
2845-AFFTX,0.8365835735910032,Yes
2845-HSJCY,0.8402608724493354,Yes
2845-KDHVX,0.04546757201584891,No
2848-YXSMW,0.013773853173114579,No
2851-MMUTZ,0.19267621226587933,No
2851-STERV,0.28479021810048954,No
2853-CWQFQ,0.6853744871748948,Yes
2856-HYAPG,0.8810953538956429,Yes
2856-NNASM,0.67850388625973,Yes
2858-EIMXH,0.5953953540131975,Yes
2858-MOFSQ,0.2546712433449032,No
2860-RANUS,0.79495934164751,Yes
2862-JVEOY,0.14006468565678024,No
2862-PFNIK,0.8436322569967503,Yes
2863-IMQDR,0.07003548572483559,No
2865-TCHJW,0.9164615919733942,Yes
2866-IKBTM,0.4523733591862938,No
2867-UIMSS,0.9129022580854902,Yes
2868-LLSKM,0.19541014581688407,No
2868-MZAGQ,0.9347455376843028,Yes
2868-SNELZ,0.868438252332691,Yes
2869-ADAWR,0.5966187548221659,Yes
2873-ZLIWT,0.5869722189297256,Yes
2874-YXVVA,0.6031370329550572,Yes
2876-GZYZC,0.8434504371072167,Yes
2876-VBBBL,0.5185497912681472,Yes
2877-VDUER,0.12825867533582064,No
2878-DHMIN,0.06669058215982168,No
2878-RMWXY,0.14894188453799817,No
2880-FPNAE,0.9278743298480711,Yes
2882-DDZPG,0.21491946464785558,No
2882-WDTBA,0.025273782391155263,No
2883-ILGWO,0.6642453151508855,Yes
2884-GBPFB,0.556016274191957,Yes
2885-HIJDH,0.04049737183971373,No
2886-KEFUM,0.5012280615372584,Yes
2887-JPYLU,0.21702106489586998,No
2888-ADFAO,0.02743833715030531,No
2889-FPWRM,0.24477146436674496,No
2890-WFBHU,0.1126551884859864,No
2892-GESUL,0.03299142466283593,No
2894-QOJRX,0.5084593162045344,Yes
2896-TBNBE,0.33531404204422327,No
2897-DOVND,0.9048215808990511,Yes
2898-LSJGD,0.4621162365914651,No
2898-MRKPI,0.347120681036698,No
2900-PHPLN,0.02715570495666321,No
2903-YYTBW,0.7108318039894775,Yes
2904-GGUAZ,0.0989318791205925,No
2905-KFQUV,0.8688764476228912,Yes
2907-ILJBN,0.10839354067395134,No
2908-WGAXL,0.040248721504240866,No
2908-ZTPNF,0.35713919402296057,No
2911-IJORQ,0.22451637174575892,No
2911-UREFD,0.5455565639248975,Yes
2911-WDXMV,0.6707511444659466,Yes
2916-BQZLN,0.730051334849655,Yes
2919-HBCJO,0.7483481652194831,Yes
2920-RNCEZ,0.8547451269057199,Yes
2921-XWDJH,0.7089403826004643,Yes
2923-ARZLG,0.3063035525047737,No
2924-KHUVI,0.5554298255284907,Yes
2925-MXLSX,0.22574687617216052,No
2925-VDZHY,0.03454375367268337,No
2926-JEJJC,0.1819858692423091,No
2927-CVULT,0.1578901247538084,No
2927-QRRQV,0.5070792269459654,Yes
2928-HLDBA,0.2505824088593335,No
2929-ERCFZ,0.8662477364190312,Yes
2929-QNSRW,0.599857455403409,Yes
2930-UOTMB,0.18555703171041713,No
2931-FSOHN,0.5959248196275161,Yes
2931-SVLTV,0.5447399456298823,Yes
2931-VUVJN,0.3594783081266262,No
2931-XIQBR,0.27865854283004704,No
2933-FILNV,0.7758233538323795,Yes
2933-XEUJM,0.08826458752517667,No
2937-FTHUR,0.4856967620280088,No
2946-KIQSP,0.29979546305303206,No
2947-DOMLJ,0.5441132978235419,Yes
2951-QOQTK,0.6785218894941254,Yes
2952-QAYZF,0.8580334956964245,Yes
2954-PIBKO,0.03120322415132698,No
2955-BJZHG,0.6657144059927886,Yes
2955-PSXOE,0.549210848299637,Yes
2956-GGUCQ,0.7062810809748451,Yes
2957-JIRMN,0.4392734341504102,No
2957-LOLHO,0.43404173615999225,No
2958-NHPPS,0.22041604117004956,No
2959-EEXWB,0.45385043610431114,No
2959-FENLU,0.7925276027670036,Yes
2959-MJHIC,0.856588185275339,Yes
2960-NKRSO,0.5211273377170289,Yes
2961-VNFKL,0.028418686891030658,No
2962-XPMCQ,0.7818516889601543,Yes
2967-MXRAV,0.25695920843274517,No
2968-SSGAA,0.9052335932709378,Yes
2969-QWUBZ,0.8789787521316832,Yes
2969-VAPYH,0.041434144712690364,No
2969-WGHQO,0.2979874851257992,No
2971-SGAFL,0.6897962084806757,Yes
2972-YDYUW,0.37443377898578306,No
2974-GGUXS,0.6929994222896085,Yes
2977-CEBSX,0.05653827932994353,No
2978-XXSOG,0.3034446027385062,No
2979-SXESE,0.702186483373798,Yes
2982-IHMFT,0.9175322548530224,Yes
2982-VPSGI,0.9047896905845502,Yes
2983-ZANRP,0.8486137888676711,Yes
2984-AFWNC,0.9184821137377875,Yes
2984-MIIZL,0.7847523547603535,Yes
2984-RGEYA,0.015289348143791981,No
2984-TBYKU,0.08424445863048732,No
2985-FMWYF,0.8466302862624738,Yes
2985-JUUBZ,0.5869199437480276,Yes
2987-BJXIK,0.051139246290317526,No
2988-GBIVW,0.6205504234318955,Yes
2988-PLAHS,0.7542848746747678,Yes
2988-QRAJY,0.1623438250773683,No
2990-HWIML,0.8807145330633769,Yes
2990-IAJSV,0.037938518385066594,No
2990-OGYTD,0.05648584026817392,No
2995-UPRYS,0.425547288765097,No
2995-YWTCD,0.06512359599790161,No
2996-XAUVF,0.0700488354844062,No
2999-AANRQ,0.04784800344355867,No
3001-CBHLQ,0.7674592164628059,Yes
3001-UNBTL,0.7928157347208828,Yes
3002-WQZWT,0.6711999537752609,Yes
3003-CMDUU,0.679040327071537,Yes
3005-NFMTA,0.7806125459942448,Yes
3005-TYFRD,0.7035358449558733,Yes
3006-XIMLN,0.9396199603847644,Yes
3007-FDPEA,0.5400643834664935,Yes
3009-JWMPU,0.5699019875423917,Yes
3011-WQKSZ,0.2648224974741262,No
3012-VFFMN,0.22506020337472382,No
3014-WJKSM,0.5162633918401587,Yes
3016-KSVCP,0.39042110091702986,No
3018-TFTSU,0.5429266048980584,Yes
3021-VLNRJ,0.1088079647928348,No
3022-BEXHZ,0.14540583519250339,No
3023-GFLBR,0.5384697829638828,Yes
3026-ATZYV,0.154215383267444,No
3027-YNWZU,0.02597124161852468,No
3027-ZTDHO,0.9467849967255135,Yes
3030-YDNRM,0.842442319336222,Yes
3030-YZADT,0.41042929746390344,No
3030-ZKIWL,0.45264038698700143,No
3034-ZBEQN,0.2039886766461314,No
3038-PQIUY,0.31640095440347754,No
3039-MJSLN,0.4306911272061049,No
3043-SUDUA,0.1202692795341775,No
3043-TYBNO,0.6419877390586834,Yes
3045-XETSH,0.8738275303370854,Yes
3049-NDXFL,0.9042241404777996,Yes
3049-SOLAY,0.9603357045833628,Yes
3050-GBUSH,0.8384049023671113,Yes
3050-RLLXC,0.03862855431231146,No
3055-MJDSB,0.6131459916424721,Yes
3055-OYMSE,0.5419482983521058,Yes
3055-VTCGS,0.12931952698441435,No
3057-VJJQE,0.045806350621389096,No
3058-HJCUY,0.5500561367175809,Yes
3058-WQDRE,0.566118472954093,Yes
3059-NGMXB,0.3921333446155157,No
3061-BCKYI,0.18835038063824977,No
3062-ICYZQ,0.6647671328765237,Yes
3063-QFSZL,0.8391565505144312,Yes
3066-RRJIO,0.8608033221932669,Yes
3067-SVMTC,0.048488564896174764,No
3068-OMWZA,0.958857099427232,Yes
3069-SSVSN,0.5766366770237696,Yes
3070-BDOQC,0.24550443945588057,No
3070-DVEYC,0.778199433588965,Yes
3070-FNFZQ,0.03244452985958153,No
3071-MVJCD,0.02374980367638326,No
3071-VBYPO,0.8442892124447176,Yes
3074-GQWYX,0.8211609575248886,Yes
3077-RSNTJ,0.2323804104645999,No
3078-ZKNTS,0.05388425567367674,No
3079-BCHLN,0.06139046991333366,No
3082-VQXNH,0.7445917986276605,Yes
3082-WQRVY,0.1213486013937024,No
3082-YVEKW,0.0859029997221299,No
3084-DOWLE,0.038581137162837884,No
3085-QUOZK,0.6444624409151034,Yes
3086-RUCRN,0.4237512188989858,No
3088-FVYWK,0.03274742752292526,No
3088-LHEFH,0.7453256703079117,Yes
3090-HAWSU,0.15590739202467907,No
3090-LETTY,0.6281023449991079,Yes
3090-QFUVD,0.4634974716125426,No
3091-FYHKI,0.9002696097839191,Yes
3092-IGHWF,0.25313763216979346,No
3094-JOJAI,0.6270316603851105,Yes
3096-GKWEB,0.8629561826389163,Yes
3096-IZETN,0.6969284641037942,Yes
3096-JRDSO,0.6766032385927198,Yes
3096-WPXBT,0.2945812283952901,No
3096-YXENJ,0.18521488606763103,No
3097-FQTVJ,0.024764319183987547,No
3097-IDVPU,0.36577278318189216,No
3097-NNSPB,0.6910539330341796,Yes
3097-NQYSN,0.9297723906520994,Yes
3097-PYWXL,0.418530243334696,No
3099-OONVS,0.1922975581776146,No
3104-OWCGK,0.27127389656513695,No
3106-ULWFW,0.8435026607238695,Yes
3108-PCCGG,0.06720869331993384,No
3113-IWHLC,0.47677654308671735,No
3115-CZMZD,0.11284238025250433,No
3115-JPJDD,0.24540503515281326,No
3118-UHVVQ,0.023170370989793722,No
3120-FAZKD,0.04615937812093277,No
3125-RAHBV,0.08549647847644397,No
3126-WQMGH,0.3800118263114977,No
3128-YOVTD,0.4180702909897332,No
3129-AAQOU,0.04371165962627513,No
3130-ICDUP,0.8241692544482522,Yes
3131-NWVFJ,0.08582952712127985,No
3132-TVFDZ,0.6887973095913519,Yes
3133-PZNSR,0.08641320716582532,No
3134-DSHVC,0.11135229118170052,No
3137-LUPIX,0.598771098801039,Yes
3137-NYQQI,0.1844219866287668,No
3138-BKYAV,0.8169396287435592,Yes
3143-ILDAL,0.643819387275872,Yes
3143-JQEGI,0.7720520070003097,Yes
3144-AUDBS,0.5314568389580181,Yes
3144-KMTWZ,0.5449364828836147,Yes
3146-JTQHR,0.14531872707611876,No
3146-MSEGF,0.056475360820518704,No
3148-AOIQT,0.03051811347311395,No
3148-BLQJT,0.4523414253360563,No
3154-CFSZG,0.5007422245643264,Yes
3154-HMWUU,0.02860326144749939,No
3156-QLHBO,0.4160373415549417,No
3158-MOERK,0.9586639908915945,Yes
3160-TYXLT,0.4297273766477537,No
3161-GETRM,0.6211500072498097,Yes
3161-ONRWK,0.06213391592454323,No
3162-KKZXO,0.6744129376979134,Yes
3162-ZJZFU,0.4950322461674871,No
3164-AALRN,0.49898424081912746,No
3164-YAXFY,0.5876970476039668,Yes
3165-HDOEW,0.6722901752835155,Yes
3166-PNEOF,0.05265128956176699,No
3167-SNQPL,0.7484171852569891,Yes
3170-GWYKC,0.4471032228182601,No
3170-NMYVV,0.026679910534457982,No
3173-NVMPX,0.5028832948396398,Yes
3173-WSSUE,0.013794334873358287,No
3174-AKMAS,0.05255340974328049,No
3174-RKMOW,0.650603431155909,Yes
3177-LASXD,0.8740970375800152,Yes
3178-CIFOT,0.10834936880240002,No
3178-FESZO,0.9390386010097964,Yes
3179-GBRWV,0.45275125336645783,No
3181-MIZBN,0.23175581558249111,No
3181-VTHOE,0.16449396158012317,No
3186-AJIEK,0.11182588051779997,No
3186-BAXNB,0.8506361243466927,Yes
3190-FZATL,0.16544984903182489,No
3190-ITQXP,0.02188118516569701,No
3190-XFANI,0.4573718339437336,No
3191-CSNMG,0.9079872693199802,Yes
3192-LNKRK,0.492583103792752,No
3192-NQECA,0.16633589428896092,No
3194-ORPIK,0.6448928100888981,Yes
3195-TQDZX,0.6160721223776852,Yes
3196-NVXLZ,0.6457141934130755,Yes
3197-ARFOY,0.6341688672501129,Yes
3197-NNYNB,0.17249052341472113,No
3198-VELRD,0.9244181588513658,Yes
3199-NPKCN,0.36881163966207026,No
3199-XGZCY,0.8394075794116671,Yes
3200-MNQTF,0.025039029565396404,No
3205-MXZRA,0.11736143834713839,No
3207-OYBWH,0.7022962270776346,Yes
3208-YPIOE,0.6259502481178215,Yes
3209-ZPKFI,0.30489029331719847,No
3211-AAPKX,0.7383035282805013,Yes
3211-ILJTT,0.6457019246688409,Yes
3212-KXOCR,0.028562816084677436,No
3213-VVOLG,0.15471971384993657,No
3214-IYUUQ,0.16888404293986617,No
3217-FZDMN,0.8628333650555785,Yes
3219-JQRSL,0.048797404644623725,No
3221-CJMSG,0.2366930042108159,No
3223-DWFIO,0.8169833032892154,Yes
3223-WZWJM,0.7658893823308012,Yes
3224-DFQNQ,0.19153157351869754,No
3227-WLKLI,0.04002967391018076,No
3229-USWAR,0.14970904226712728,No
3230-IUALN,0.05374950702464139,No
3230-JCNZS,0.10357530121907009,No
3230-WYKIR,0.34846339941536486,No
3234-VKACU,0.7796853009141193,Yes
3235-ETOOB,0.7573472959810332,Yes
3237-AJGEH,0.7049896995105817,Yes
3239-TPHPZ,0.08461953379068843,No
3243-ZHOHY,0.09075669071890616,No
3244-CQPHU,0.13993628032905578,No
3244-DCJWY,0.9043431653734475,Yes
3247-MHJKM,0.45174360540245845,No
3247-ZVOUO,0.8768037754346536,Yes
3249-VHRIP,0.11390923757286718,No
3249-ZPQRG,0.8249192552396055,Yes
3251-YMVWZ,0.09600503848797205,No
3253-HKOKL,0.39734882350390316,No
3254-YRILK,0.8295944844057955,Yes
3255-GRXMG,0.34681838181364844,No
3256-EZDBI,0.47478408313196097,No
3258-SANFR,0.5012223546533001,Yes
3258-SYSWS,0.11759072612465922,No
3258-ZKPAI,0.1029176994978016,No
3259-FDWOY,0.17651859253539173,No
3259-KNMRR,0.17416865777430127,No
3259-QMXUN,0.14748574103891832,No
3261-CQXOL,0.019906488866255186,No
3262-EIDHV,0.03726575906865831,No
3266-FTKHB,0.03891659145084639,No
3269-ATYWD,0.7833438121481997,Yes
3272-VUHPV,0.3041381451802467,No
3274-NSDWE,0.016754231794928787,No
3275-RHRNE,0.25665220105813275,No
3276-HDUEG,0.89725806540377,Yes
3278-FSIXX,0.6911877079898707,Yes
3279-DYZQM,0.013223480100559447,No
3280-MRDOF,0.1059583763013926,No
3280-NMUVX,0.04853388956041761,No
3282-ZISZV,0.15961756163790758,No
3283-WCWXT,0.07269485516295875,No
3284-SVCRO,0.031934211684963146,No
3285-UCQVC,0.3069824645294237,No
3292-PBZEJ,0.8819255399648691,Yes
3295-YVUSR,0.9205960334062656,Yes
3296-SILRA,0.8745934767865464,Yes
3298-QEICA,0.05955394394144892,No
3301-LSLWQ,0.46349622410039687,No
3301-VKTGC,0.2032883285393062,No
3307-TLCUD,0.40584043130063263,No
3308-DGHKL,0.023360104156697703,No
3308-JSGML,0.12190527429066447,No
3308-MHOOC,0.48954135060288806,No
3312-UUMZW,0.6906110599064588,Yes
3312-ZWLGF,0.6598683252600869,Yes
3313-QKNKB,0.4746863764644587,No
3315-IKYZQ,0.1264174275038842,No
3315-TOTBP,0.6958571001188791,Yes
3316-UWXUY,0.45523877245695965,No
3317-HRTNN,0.8324282128206285,Yes
3317-VLGQT,0.8028212156676958,Yes
3318-ISQFQ,0.2317259502584702,No
3318-NMQXL,0.9410366211317656,Yes
3318-OSATS,0.7960044229137168,Yes
3319-DWOEP,0.9066170081593341,Yes
3320-VEOYC,0.8925468923442488,Yes
3323-CPBWR,0.6454636101938375,Yes
3324-OIRTO,0.23772478646599288,No
3325-FUYCG,0.4407894439778069,No
3327-YBAKM,0.24185155994091234,No
3329-WDIOK,0.9061793227770625,Yes
3331-HQDTW,0.6024376235020853,Yes
3334-CTHOL,0.7895916147406702,Yes
3336-JORSO,0.7319015410994302,Yes
3338-CVVEH,0.8451621891768428,Yes
3339-EAQNV,0.43646659372823676,No
3340-QBBFM,0.13800313468117498,No
3345-JHUEO,0.4479389652198336,No
3345-PBBFH,0.4992008567492565,No
3346-BRMIS,0.799296805650152,Yes
3347-YJZZE,0.3798975574985881,No
3348-CFRNX,0.5971271955770181,Yes
3349-ANQNH,0.6546007331636912,Yes
3351-NGXYI,0.5754676773615589,Yes
3351-NQLDI,0.2227273049451183,No
3352-ALMCK,0.7141985657663191,Yes
3352-RICWQ,0.049546696859585,No
3354-OADJP,0.1750438540331285,No
3359-DSRKA,0.026208839235602802,No
3363-DTIVD,0.16344448768516992,No
3363-EWLGO,0.2812704727158707,No
3365-SAIGS,0.7363224046638965,Yes
3370-GQEAL,0.6192183189478487,Yes
3370-HXOPH,0.9053979425135414,Yes
3372-CDXFJ,0.13470123844616436,No
3372-KWFBM,0.8409310553539616,Yes
3373-DIUUN,0.019751388929211886,No
3373-YZZYM,0.42672637125191987,No
3374-LXDEV,0.66130011614499,Yes
3374-PZLXD,0.105331815020575,No
3374-TTZTK,0.2273727352155531,No
3376-BMGFE,0.7671978472285438,Yes
3378-AJRAO,0.10319259425206435,No
3384-CTMSF,0.7602424580611247,Yes
3387-PLKUI,0.1752265240866161,No
3387-VATUS,0.8966954380100701,Yes
3389-KTRXV,0.0418049842999871,No
3389-YGYAI,0.9187392131803775,Yes
3391-JSQEW,0.2671661053099176,No
3392-EHMNK,0.0790860158835979,No
3393-FMZPV,0.7815688540479346,Yes
3396-DKDEL,0.10460362443876564,No
3397-AVTKU,0.11814625251446087,No
3398-FSHON,0.8413606386748885,Yes
3398-GCPMU,0.054412008234747226,No
3398-ZOUAA,0.7443785940355283,Yes
3399-BMLVW,0.025569954254712823,No
3400-ESFUW,0.026516907802108913,No
3401-URHDA,0.10611608917157464,No
3402-XRIUO,0.33943149174687687,No
3404-JNXAX,0.5749163915507064,Yes
3407-JMJQQ,0.14844645808131343,No
3407-QGWLG,0.4751832651762698,No
3410-MHHUM,0.44625529506208017,No
3410-YOQBQ,0.05581923823341618,No
3411-WLRSQ,0.8875947937731733,Yes
3413-BMNZE,0.7163189068258313,Yes
3413-CSSTH,0.3850931558130675,No
3413-DHLPB,0.5360190681089233,Yes
3415-TAILE,0.7340515853947125,Yes
3417-TSCIC,0.22853625955127874,No
3419-SNJJD,0.5718315277447259,Yes
3420-YJLQT,0.8997729404485307,Yes
3420-ZDBMA,0.7829193706586887,Yes
3422-GALYP,0.9231779095893571,Yes
3422-LYEPQ,0.8924254774077173,Yes
3422-WJOYD,0.07146995774254708,No
3423-HHXAO,0.11061517762506283,No
3424-NMNBO,0.5902245769801883,Yes
3426-NIYYL,0.5020572174982659,Yes
3427-GGZZI,0.8149994345209123,Yes
3428-MMGUB,0.2664407767967238,No
3428-XZMAZ,0.907317128325301,Yes
3429-IFLEM,0.018449677055894995,No
3439-GVUSX,0.7564639322855004,Yes
3440-JPSCL,0.7780366627871046,Yes
3441-CGZJH,0.22282793133456946,No
3442-ZHHCC,0.13538539157731166,No
3445-HXXGF,0.6156282619755011,Yes
3446-QDSZF,0.5332883077825598,Yes
3450-WXOAT,0.26626296531157945,No
3451-VAWLI,0.01920128433693067,No
3452-ABWRL,0.6557656913911422,Yes
3452-FLHYD,0.09066211936533758,No
3452-GWUIN,0.8830353819929914,Yes
3452-SRFEG,0.6324271755318919,Yes
3453-RTHJQ,0.8038626099148111,Yes
3454-JFUBC,0.02767463942953344,No
3457-PQBYH,0.02091506461978707,No
3458-IDMFK,0.0332388224040768,No
3460-TJBWI,0.03321649815512182,No
3462-BJQQA,0.8646683443553214,Yes
3466-BYAVD,0.3615153649642528,No
3466-RITXD,0.5883559458454424,Yes
3466-WAESX,0.5496846290142379,Yes
3468-DRVQJ,0.3420121118341533,No
3470-BTGQO,0.2603372473702876,No
3470-OBUET,0.026451514950260553,No
3472-OAOOR,0.38536586723165517,No
3472-QPRCH,0.03337375933746571,No
3473-XIIIT,0.8537486659738134,Yes
3474-BAFSJ,0.14372236843747244,No
3481-JHUZH,0.6606901951587381,Yes
3482-ABPKK,0.06906685581836358,No
3486-HOOGQ,0.0263125826036167,No
3486-KHMLI,0.1926057878029315,No
3486-NPGST,0.06739405995914126,No
3487-EARAT,0.05108424734398744,No
3488-PGMQJ,0.8133104868212391,Yes
3489-HHPFY,0.9440498587791976,Yes
3489-VSFRD,0.09143345010276933,No
3494-JCHRQ,0.9058866232546239,Yes
3496-LFSZU,0.7828231628359772,Yes
3498-LZGQZ,0.02112630787155137,No
3500-NSDOA,0.03655223451294158,No
3500-RMZLT,0.632455250383439,Yes
3503-TYDAY,0.5775333864540015,Yes
3506-LCJDC,0.45232563321960295,No
3506-OVLKD,0.074914725937434,No
3507-GASNP,0.016327179542489176,No
3508-CFVZL,0.09203803405133375,No
3508-VLHCZ,0.04386913717153929,No
3509-GWQGF,0.5186097427058763,Yes
3511-APPBJ,0.49718976833363243,No
3511-BFTJW,0.03604305758557714,No
3512-IZIKN,0.02601444706033419,No
3518-FSTWG,0.19873390457186227,No
3518-PZXZQ,0.7513248297056523,Yes
3519-ZKXGG,0.9292772074705216,Yes
3520-FJGCV,0.10739828757743192,No
3521-HTQTV,0.0321248859039529,No
3521-MNKLV,0.30267744497782834,No
3521-SYVOR,0.538400321032464,Yes
3522-CDKHF,0.43586189077607895,No
3523-BRGUW,0.08100922518109369,No
3523-QRQLL,0.2869401405700507,No
3524-WQDSG,0.708055853794805,Yes
3525-DVKFN,0.03822975832267908,No
3528-HFRIQ,0.4986666748503449,No
3530-CRZSB,0.2476019243062364,No
3530-VWVGU,0.143261668339769,No
3533-UVMOM,0.036338976001280165,No
3536-IQCTX,0.7243740906891373,Yes
3537-HPKQT,0.5703506841111822,Yes
3537-RYBHH,0.30314285189916684,No
3538-WZPHD,0.8439576746175402,Yes
3540-RZJYU,0.6457833308668958,Yes
3541-ZNUHK,0.5470761169814157,Yes
3544-FBCAS,0.06168568688339198,No
3545-CNWRG,0.7700441462399155,Yes
3546-GHEAE,0.05951926099535831,No
3547-LQRIK,0.10489592914689275,No
3549-ZTMNH,0.0782441385340701,No
3550-SAHFP,0.7318918998972366,Yes
3551-GAEGL,0.13228849272367998,No
3551-HUAZH,0.9455938791331421,Yes
3552-CTCYF,0.21536669467810252,No
3556-BVQGL,0.11096669336631593,No
3557-HTYWR,0.04528547923866607,No
3563-SVYLG,0.016445083757849074,No
3565-UNOCC,0.7860449805188904,Yes
3566-CAAYU,0.07549773473954374,No
3566-HJGPK,0.7008877185442884,Yes
3566-VVORZ,0.36665226504929394,No
3567-PQTSO,0.5809057817377805,Yes
3569-EDBPQ,0.5674499207706621,Yes
3569-JFODW,0.032172876949046976,No
3569-VLDHH,0.08877509414712902,No
3570-YUEKJ,0.3422163120390129,No
3571-DPYUH,0.29237700001730593,No
3571-RFHAR,0.6153898432219548,Yes
3572-UOLYZ,0.4651992269624662,No
3572-UUHRS,0.0640334580644356,No
3577-AMVUX,0.5761620901610334,Yes
3580-GICBM,0.03023697837878303,No
3580-HYCSP,0.14227111225591638,No
3580-REOAC,0.48854263121542224,No
3583-EKAPL,0.8422100775777659,Yes
3583-KRKMD,0.5519985192032139,Yes
3584-WKTTW,0.5086298616717652,Yes
3585-ISXZP,0.8409733127873501,Yes
3585-YNADK,0.13986141690876475,No
3587-PMCOY,0.7220374844147797,Yes
3588-WSTTJ,0.757664517177836,Yes
3589-PPVKW,0.4798095435619101,No
3590-TCXTB,0.45084713709654395,No
3594-BDSOA,0.06773023145449132,No
3594-IVHJZ,0.5118932031826322,Yes
3594-KADLU,0.6312328625164472,Yes
3594-UVONA,0.18175440684012817,No
3597-MVHJT,0.734043142408736,Yes
3597-YASZG,0.1872071803194124,No
3604-WLABM,0.44350693409567754,No
3605-JISKB,0.14715124085216058,No
3606-SBKRY,0.4472530099334764,No
3606-TWKGI,0.8865112202643091,Yes
3612-YUNGG,0.1552727991999768,No
3612-YVGSJ,0.0295570003532412,No
3617-XLSGQ,0.1299266838711449,No
3620-EHIMZ,0.023101454689036745,No
3620-MWJNE,0.5683851612979373,Yes
3621-CEOVK,0.8851443843837042,Yes
3621-CHYVB,0.37488250282331564,No
3623-FQBOX,0.2069311569003429,No
3627-FCRDW,0.7297421400875502,Yes
3627-FHKBK,0.7849387774424653,Yes
3629-WEAAM,0.44064153179108,No
3629-ZNKXA,0.8336226246022022,Yes
3633-CDBUW,0.25366047167981237,No
3635-JBPSG,0.21280854256308768,No
3635-QQRQD,0.025387753511068596,No
3638-DIMPH,0.27339691868415134,No
3638-VBZTA,0.04648841331069827,No
3638-WEABW,0.057808309106001564,No
3639-XJHKQ,0.35722817349464936,No
3640-JQGJG,0.33576979118830635,No
3640-PHQXK,0.7422108657874014,Yes
3642-BYHDO,0.014551350609932557,No
3642-GKTCT,0.28524826361005695,No
3643-AHCFP,0.9034333332787667,Yes
3644-QXEHN,0.7662545864955783,Yes
3645-DEYGF,0.4106054131992829,No
3646-ITDGM,0.026627595322810827,No
3647-GMGDH,0.7424585174239599,Yes
3648-GZPHF,0.14970419145600689,No
3649-JPUGY,0.060575326628172776,No
3653-NCRDJ,0.06845155906433474,No
3654-ARMGP,0.056628199251428965,No
3655-SNQYZ,0.08704705703065012,No
3656-TKRVZ,0.6467738785569038,Yes
3657-COGMW,0.6520601732352301,Yes
3658-KIBGF,0.720681785084235,Yes
3658-QQJYD,0.14230497692326294,No
3662-FXJFO,0.031889539717039166,No
3663-MITLP,0.8068587313765755,Yes
3665-JATSN,0.6672292747976861,Yes
3668-QPYBK,0.6295868426533715,Yes
3669-LVWZB,0.7611430919552722,Yes
3669-OYSJI,0.6494321721995813,Yes
3669-WHAFY,0.11748101435321508,No
3671-SHRSP,0.700072246927199,Yes
3672-YITQD,0.8209468221092758,Yes
3675-EQOZA,0.3042709153658445,No
3675-YDUPJ,0.2952252949199281,No
3677-IYRBF,0.8887058877803993,Yes
3677-TNKIO,0.6342349415118941,Yes
3678-MNGZX,0.015763261161356047,No
3679-XASPY,0.5292926479999698,Yes
3680-CTHUH,0.2982521397040346,No
3682-YEUWS,0.3460218037128757,No
3683-QKIUE,0.43770479377666605,No
3685-YLCMQ,0.5286604678830747,Yes
3688-FTHLT,0.5705706273273342,Yes
3689-MOZGR,0.40529721455390355,No
3692-JHONH,0.6658566085270722,Yes
3694-DELSO,0.5909537105481284,Yes
3694-GLTJM,0.35628036911470967,No
3696-DFHHB,0.02406922307590054,No
3696-XRIEN,0.23772522535140406,No
3701-SFMUH,0.4999918712814664,No
3703-KBKZP,0.7680081426316449,Yes
3703-TTEPD,0.3247440146275851,No
3703-VAVCL,0.8286995833462538,Yes
3704-IEAXF,0.05395502226317347,No
3705-PSNGL,0.1061766863185256,No
3705-RHRFR,0.14870756997013562,No
3707-GNWHM,0.9002114545047745,Yes
3707-LRWZD,0.4526374491034892,No
3709-OIJEA,0.3256910661685617,No
3712-PKXZA,0.0635675365967948,No
3714-JTVOV,0.5098508859227683,Yes
3714-NTNFO,0.7686593259459217,Yes
3714-XPXBW,0.29826455761669957,No
3716-BDVDB,0.9078232740330988,Yes
3716-LRGXK,0.21035917163309595,No
3716-UVSPD,0.7296056491620676,Yes
3717-FDJFU,0.057918961817728064,No
3717-LNXKW,0.5487167002770683,Yes
3717-OEAUQ,0.8172477058196087,Yes
3717-OFRTN,0.4848234459982246,No
3719-TDVQB,0.042448008578652836,No
3720-DBRWL,0.07227659250540064,No
3721-CNEYS,0.9002915275620255,Yes
3721-CNZHX,0.09468951871388424,No
3721-WKIIL,0.03232065117781335,No
3722-WPXTK,0.9486385835758565,Yes
3723-BFBGR,0.3467605001227099,No
3724-BSCVH,0.11283958815313522,No
3724-UCSHY,0.23593581006807596,No
3726-TBHQT,0.11206282757738095,No
3727-JEZTU,0.44729637884973894,No
3727-OVPRY,0.06720678879040205,No
3727-OWVYD,0.07225706185760152,No
3727-RJMEO,0.8839193976860572,Yes
3729-OWRVL,0.23741567752803153,No
3733-LSYCE,0.562111557488687,Yes
3733-UOCWF,0.2912182960933968,No
3733-ZEECP,0.341255320717872,No
3736-BLEPA,0.2817216446574566,No
3737-GCSPV,0.7130392430568493,Yes
3737-XBQDD,0.6152307359609177,Yes
3739-YBWAB,0.1814310722758815,No
3740-RLMVT,0.07280623854642418,No
3744-ZBHON,0.5452954727168516,Yes
3744-ZRRDZ,0.726204535460526,Yes
3745-HRPHI,0.07417495410588767,No
3746-EUBYR,0.9122967114011034,Yes
3748-FVMZZ,0.7631622281799988,Yes
3750-CKVKH,0.9069246516186601,Yes
3750-RNQKR,0.19542062851986985,No
3750-YHRYO,0.11901954028216466,No
3751-KTZEL,0.8149973906394219,Yes
3752-CQSJI,0.2125704133439817,No
3753-TSEMP,0.7900833678782442,Yes
3754-DXMRT,0.8212207519086471,Yes
3755-JBMNH,0.6939831217733904,Yes
3756-VNWDH,0.5173237855729377,Yes
3757-NJYBX,0.6873517299106559,Yes
3758-CKOQL,0.28990742198419533,No
3761-FLYZI,0.6483526543997775,Yes
3763-GCZHZ,0.4166029581911394,No
3764-MNMOI,0.024297658561673582,No
3765-JXVKY,0.8964530976718716,Yes
3766-EJLFL,0.13134867134930453,No
3768-NLUBH,0.768391884755479,Yes
3768-VHXQO,0.024670983576985498,No
3769-MHZNV,0.018697698882240876,No
3771-PZOBW,0.7383202559846233,Yes
3774-VBNXY,0.015030588224759965,No
3776-EKTKM,0.9042011781344994,Yes
3777-XROBG,0.02132726497343929,No
3778-FOAQW,0.06418591951870325,No
3779-OSWCF,0.036215457263149904,No
3780-DDGSE,0.3792825162128571,No
3780-YVMFA,0.6348102504657431,Yes
3785-KTYSH,0.03564115966602642,No
3785-NRHYR,0.45503329263958325,No
3786-WOVKF,0.3584450508757814,No
3787-TRIAL,0.5597267928765398,Yes
3791-LGQCY,0.765605755111052,Yes
3793-MMFUH,0.8962894474794991,Yes
3794-NFNCH,0.2769502600359087,No
3795-CAWEX,0.10252679253172209,No
3795-GWTRD,0.02090275482965402,No
3796-ENZGF,0.04931154588165499,No
3797-FKOGQ,0.8179303705314727,Yes
3797-VTIDR,0.8697861737190472,Yes
3798-EPWRR,0.7733359765774346,Yes
3799-ISUZQ,0.7177094145845849,Yes
3800-LYTRK,0.11178901460544413,No
3801-HMYNL,0.8866719680573868,Yes
3803-KMQFW,0.4155793543706829,No
3804-RVTGV,0.7128459846066303,Yes
3806-DXQOM,0.689233824147355,Yes
3806-YAZOV,0.4452861367310037,No
3807-BPOMJ,0.47984557588972493,No
3807-XHCJH,0.5259842606240454,Yes
3808-HFKDE,0.46722615118706584,No
3810-DVDQQ,0.09937942692165017,No
3810-PJUHR,0.018367750449900355,No
3811-VBYBZ,0.9007894128786984,Yes
3812-LRZIR,0.04617580971861382,No
3813-DHBBB,0.05999876815251063,No
3814-MLAXC,0.4884693581949587,No
3815-SLMEF,0.6322126649310287,Yes
3823-KYNQY,0.14352629066196904,No
3824-RHKVR,0.1860284501776957,No
3831-YCPUO,0.07481127992806025,No
3834-XUIFC,0.838175063390512,Yes
3836-FZSDJ,0.029698480457502698,No
3838-OZURD,0.6013403632799046,Yes
3841-CONLJ,0.8748522320830887,Yes
3841-NFECX,0.08491033118453784,No
3842-IYKUE,0.36594251121547516,No
3842-QTGDL,0.49799523408794694,No
3845-FXCYS,0.6230457479874031,Yes
3845-JHAMY,0.5889000393930282,Yes
3847-BAERP,0.28863992908837366,No
3850-OKINF,0.1500264573911799,No
3853-LYGAM,0.7312139508367723,Yes
3855-ONCAR,0.7724397814924534,Yes
3858-VOBET,0.746866963697247,Yes
3858-XHYJO,0.44527078932822023,No
3859-CVCET,0.45932896929707057,No
3863-IUBJR,0.25317657103275737,No
3863-QSTYI,0.32323409780589424,No
3865-QBWSJ,0.5536464805347588,Yes
3865-YIOTT,0.31306476216182255,No
3865-ZFZIB,0.036685407392189985,No
3865-ZYKAD,0.4312709398149192,No
3866-MDTUB,0.8346899559842508,Yes
3870-MQAMG,0.4564774496373582,No
3870-SPZSI,0.1102375662191197,No
3871-IKPYH,0.9031569721409161,Yes
3873-NFTGI,0.46704188458292833,No
3873-WOSBC,0.024160943333008448,No
3874-EQOEP,0.8311234774880476,Yes
3877-JRJIP,0.8676254789563175,Yes
3878-AVSOQ,0.9205602322451025,Yes
3882-IYOIJ,0.10349169241619896,No
3884-HCSWG,0.7053382044765205,Yes
3884-UEBXB,0.038242333793031096,No
3886-CERTZ,0.38115463624680995,No
3887-PBQAO,0.09015058632522674,No
3889-VWBID,0.02542441796444322,No
3890-RTCMS,0.31414492790942755,No
3891-NLXJB,0.06419967330128697,No
3891-PUQOD,0.7842465535971063,Yes
3892-NXAZG,0.10365490347529024,No
3893-JRNFS,0.41340392604362824,No
3896-RCYYE,0.3812593609273398,No
3896-ZVNET,0.03233376904054571,No
3898-BSJYF,0.26104015910970146,No
3898-GUYTS,0.6157527816140024,Yes
3900-AQPHZ,0.45028157601510893,No
3902-FOIGH,0.889293746535248,Yes
3902-MIVLE,0.03538168097709233,No
3904-UKFRE,0.8397899263102584,Yes
3908-BLSYF,0.8226142868759566,Yes
3908-MKIMJ,0.09530752760927777,No
3910-MRQOY,0.016756576806555977,No
3911-RSNHI,0.07986369892546967,No
3913-FCUUW,0.02648476391798037,No
3913-RDSJZ,0.024062870441263196,No
3914-FDRHP,0.7109759497717789,Yes
3915-ODIYG,0.2522011934418254,No
3916-NRPAP,0.8776627471963251,Yes
3920-HIHMQ,0.32196622338275294,No
3923-CSIHK,0.6669109520126008,Yes
3926-CUQZX,0.7279867525545325,Yes
3926-YZVVX,0.09711883300275355,No
3927-NLNRY,0.45611245868558487,No
3930-ZGWVE,0.4544348671223142,No
3932-CMDTD,0.7266482449757604,Yes
3932-IJWDZ,0.6593518361630103,Yes
3933-DQPWX,0.0675719118547698,No
3934-HXCFZ,0.7395863234301454,Yes
3935-TBRZZ,0.06814728699547583,No
3936-QQFLL,0.4486203510100634,No
3938-YFPXD,0.04296107506731142,No
3941-XTSKM,0.2779095934018984,No
3943-KDREE,0.6134390588631488,Yes
3945-GFWQL,0.4734916512307673,No
3946-JEWRQ,0.5131677720804695,Yes
3946-MHCZW,0.6473250705295839,Yes
3948-FVVRP,0.2846131444638594,No
3948-KXDUF,0.0279514533133681,No
3948-XHGNA,0.27095106027308,No
3950-VPYJB,0.051651970724548094,No
3951-NJCVI,0.82441453664869,Yes
3955-JBZZM,0.6879357534078284,Yes
3956-CJUST,0.595728117327853,Yes
3956-MGXOG,0.6755877396225974,Yes
3957-HHLMR,0.10512471422744021,No
3957-LXOLK,0.8103736755293665,Yes
3957-SQXML,0.027247542631998616,No
3961-SXAXY,0.732975851172283,Yes
3963-RYFNS,0.11454950226385614,No
3966-HRMZA,0.8515245805444235,Yes
3967-KXAPS,0.036536964754981895,No
3967-VQOGC,0.02588802997152371,No
3969-GYXEL,0.6655129138678029,Yes
3969-JQABI,0.24106629293352239,No
3970-XGJDU,0.025625414646504675,No
3973-SKMLN,0.020773535757267102,No
3976-BWUCK,0.5356318068442105,Yes
3976-HXHCE,0.01655734727921061,No
3976-NLDEZ,0.44935373492574554,No
3977-QCRSL,0.28082499667853533,No
3978-YNKDD,0.03280836113606553,No
3981-QSVQI,0.3330123076564922,No
3982-DQLUS,0.5041408517527617,Yes
3982-JGSFD,0.0920561967704636,No
3982-XWFZQ,0.45191686714330687,No
3985-HOYPM,0.06173937387292885,No
3987-KQDDU,0.6831839620280593,Yes
3988-RQIXO,0.9551897909602441,Yes
3990-QYKBE,0.8528471872800675,Yes
3992-YWPKO,0.8293443826774441,Yes
3995-WFCSM,0.7974669481745312,Yes
3996-ZNWYK,0.017445085429652944,No
3999-QGRJH,0.8274845293096948,Yes
3999-WRNGR,0.5198512394179331,Yes
4000-VGMQP,0.24590308133646904,No
4001-TSBTV,0.5569658931180519,Yes
4002-BQWPQ,0.26287632786322207,No
4003-FUSHP,0.34894250326820847,No
4003-OCTMP,0.17352879700448134,No
4006-HKYHO,0.0455527437682922,No
4007-NHVHI,0.6958712850675646,Yes
4009-ALQFH,0.7295839735479924,Yes
4010-YLMVT,0.610256809624679,Yes
4011-ARPHK,0.18442604754829414,No
4012-YCFAI,0.025339402396375117,No
4012-ZTHBR,0.4256429713195436,No
4013-GUXND,0.44815966888252184,No
4013-TLDHQ,0.6944366405317579,Yes
4013-UBXWQ,0.7349112394790952,Yes
4016-BJKTZ,0.28003863565868903,No
4018-KJYUY,0.14854178992625763,No
4018-PPNDW,0.030294188462513257,No
4020-KIUDI,0.24688240621479926,No
4021-RQSNY,0.8375274757256378,Yes
4023-RTIQM,0.28592613770789743,No
4024-CSNBY,0.07465645347156419,No
4026-SKKHW,0.6201090969406176,Yes
4029-HPFVY,0.85595886975764,Yes
4030-VPZBD,0.8101241218363335,Yes
4032-RMHCI,0.1501577607473736,No
4039-HEUNW,0.845432714168153,Yes
4039-PIMHX,0.06433750130930663,No
4043-MKDTV,0.15187344282536036,No
4049-ZPALD,0.16413886907945338,No
4054-CUMIA,0.19511551254793263,No
4056-QHXHZ,0.08669375145640053,No
4057-FKCZK,0.17882683181859393,No
4059-IIEBK,0.7870577461057635,Yes
4060-LDNLU,0.8797538417319826,Yes
4061-UKJWL,0.6286685091987007,Yes
4062-HBMOS,0.7879435101900443,Yes
4063-EIKNQ,0.2314473085928002,No
4065-JJAVA,0.7133930809254666,Yes
4067-HLYQI,0.4842755472375297,No
4070-OKWVH,0.5835762539336897,Yes
4072-IPYLT,0.18886414940388713,No
4074-SJFFA,0.774858155399049,Yes
4075-JFPGR,0.4070456978638095,No
4075-WKNIU,0.24436983335389328,No
4077-CROMM,0.6991848675537181,Yes
4077-HWUYD,0.049331820950583076,No
4078-SAYYN,0.9021198697150375,Yes
4079-ULGFR,0.18032203360842053,No
4079-VTGLK,0.20665498603417357,No
4079-WWQQQ,0.06569379920491422,No
4080-IIARD,0.4813860065263734,No
4080-OGPJL,0.5515436907444529,Yes
4081-DYXAV,0.4707336206089217,No
4083-BFNYK,0.4146529030374487,No
4083-EUGRJ,0.24256820784803815,No
4086-ATNFV,0.08530032809871341,No
4086-WITJG,0.013991436021724436,No
4086-YQSNZ,0.9352150318900206,Yes
4088-YLDSU,0.5590115138404799,Yes
4090-KPJIP,0.9270712415435061,Yes
4091-TVOCN,0.2772843288289238,No
4092-OFQZS,0.085734073933426,No
4094-NSEDU,0.876560560053264,Yes
4097-YODCF,0.4792148474343712,No
4098-NAUKP,0.5629423190982832,Yes
4102-HLENU,0.03236814103448921,No
4102-OQUPX,0.9470583612692427,Yes
4104-PVRPS,0.1589095684095381,No
4106-HADHQ,0.12194883887715449,No
4109-CYRBD,0.4960082694227623,No
4110-PFEUZ,0.824829742990578,Yes
4111-BNXIF,0.11081006936041192,No
4112-LUEIZ,0.8690416356653867,Yes
4114-QMKVN,0.15079011407641366,No
4115-BNPJY,0.05614485330709899,No
4115-NZRKS,0.8990275126800102,Yes
4115-UMJFQ,0.1626321022450138,No
4116-IQRFR,0.19980458186413458,No
4116-TZAQJ,0.6681745556807734,Yes
4118-CEVPF,0.43508309543373863,No
4119-ZYPZY,0.22027721679616008,No
4121-AGSIN,0.09215067461669096,No
4123-DVHPH,0.866231632439309,Yes
4123-FCVCB,0.36190845192967386,No
4124-MMETB,0.7928560630871508,Yes
4128-ETESU,0.7650175591657707,Yes
4129-LYCOI,0.18570885645260404,No
4130-MZLCC,0.45717330808787676,No
4132-KALRO,0.8466633305576826,Yes
4132-POCZS,0.5567075600165159,Yes
4134-BSXLX,0.12697705330398984,No
4135-FRWKJ,0.17351882968218232,No
4137-BTIKL,0.8797687098139736,Yes
4137-JOPHL,0.18746335760768987,No
4138-NAXED,0.5154672870032024,Yes
4139-DETXS,0.045475242357422195,No
4139-JPIAM,0.38590103132760534,No
4139-SUGLD,0.20444302385654434,No
4140-MUHUG,0.9332496016817874,Yes
4140-WJAWW,0.29458853465676005,No
4143-HHPMK,0.6605817889647229,Yes
4143-OOBWZ,0.8535009404784277,Yes
4145-UQXUQ,0.9060553516871184,Yes
4146-SVFUD,0.6438796880519552,Yes
4154-AQUGT,0.7127853136926484,Yes
4159-NAAIX,0.1922719301897404,No
4160-AMJTL,0.38881903777573257,No
4163-HFTUK,0.09753441039236273,No
4163-KIUHY,0.244030188640202,No
4163-NCJAK,0.1105988390933579,No
4174-LPGTI,0.13509829418808586,No
4176-FXYBO,0.672488065786394,Yes
4176-RELJR,0.029723614176500223,No
4177-JPDFU,0.3754267015259784,No
4178-EGMON,0.0753138229707529,No
4182-BGSIQ,0.2921286476311121,No
4183-MYFRB,0.7465722688019133,Yes
4183-WCSEP,0.48107761632945256,No
4184-TJFAN,0.8309552078632346,Yes
4184-VODJZ,0.4138886197579342,No
4186-ZBUEW,0.2031345115767054,No
4187-CINZD,0.3851191544972436,No
4188-FRABG,0.5677954648431147,Yes
4188-PCPIG,0.04101388514372917,No
4189-NAKJS,0.2070560029954773,No
4190-MFLUW,0.3197228464140136,No
4191-XOVOM,0.5429017073304692,Yes
4192-GORJT,0.9021714215361331,Yes
4193-IBKSW,0.020076484620723672,No
4193-ORFCL,0.6888411228380288,Yes
4194-FJARJ,0.03889560063847701,No
4194-WHFCB,0.5017138498812744,Yes
4195-NZGTA,0.8222160244795995,Yes
4195-PNGZS,0.0216704944476182,No
4195-SMMNX,0.44330327629563854,No
4198-VFOEA,0.2419533773943593,No
4199-QHJNM,0.16566885183283242,No
4201-JMNGR,0.7860922899774412,Yes
4203-QGNZA,0.10134859289169111,No
4208-UFFGW,0.6862484097183421,Yes
4210-QFJMF,0.8729095030524153,Yes
4211-MMAZN,0.4514447475430724,No
4213-HKBJO,0.030877155692592927,No
4220-TINQT,0.6558046891295337,Yes
4223-BKEOR,0.16190368948766198,No
4223-WOZCM,0.698541329128211,Yes
4226-KKDON,0.5329467850263172,Yes
4227-OJHAL,0.11522808224607207,No
4228-ZGYUW,0.8972179023183581,Yes
4229-CZMLL,0.8503988567647637,Yes
4231-LZUYM,0.0225037433702098,No
4232-JGKIY,0.5651796251993589,Yes
4234-XTNEA,0.9232690622622359,Yes
4236-UJPWO,0.8210627543806607,Yes
4236-XPXAV,0.757636033797693,Yes
4237-CLSMM,0.45383538697560893,No
4237-RLAQD,0.6993675963541333,Yes
4238-HFHSN,0.6195025972906127,Yes
4238-JSSWH,0.6856381416289418,Yes
4248-HCETZ,0.5276703311328914,Yes
4248-QPAVC,0.7238408428623995,Yes
4250-FDVOU,0.44226134284296864,No
4250-WAROZ,0.6381014072502706,Yes
4250-ZBWLV,0.3431212141695482,No
4254-QPEDE,0.08627993302942895,No
4255-DDUOU,0.4856221703790296,No
4256-ZWTZI,0.40560512844386276,No
4257-GAESD,0.7129573100022759,Yes
4273-MBHYA,0.9384453832712325,Yes
4274-DRSQT,0.33075089122919454,No
4274-OWWYO,0.898440326357357,Yes
4277-BWBML,0.014401919182219928,No
4277-PVRAN,0.7763993664268611,Yes
4277-UDIEF,0.30463960882255575,No
4280-DLSHD,0.4793185967329793,No
4282-ACRXS,0.5939241319531886,Yes
4282-MSACW,0.2518964666220374,No
4282-YMKNA,0.8391801186793592,Yes
4283-FUTGF,0.8106819501062262,Yes
4283-IVYCI,0.36374058810639637,No
4285-GYRQC,0.8339588958506571,Yes
4289-DTDKW,0.7763598339384848,Yes
4290-BSXUX,0.8783406992262336,Yes
4291-HPAXL,0.41587218661297154,No
4291-HYEBC,0.4026342905773054,No
4291-SHSBH,0.7984996332110982,Yes
4291-TPNFG,0.04167016126890274,No
4291-YZODP,0.11494505083084816,No
4293-ETKAP,0.06774761662503904,No
4295-YURET,0.07501385251741889,No
4298-OYIFC,0.8416866950394292,Yes
4299-OPXEJ,0.03513519389728038,No
4299-SIMNS,0.8016400522668424,Yes
4301-VVZKA,0.7819280148919626,Yes
4302-ZYFEL,0.046047510101146986,No
4304-TSPVK,0.10402974367925819,No
4304-XUMGI,0.12206688840467092,No
4307-KTUMW,0.6599016622727536,Yes
4307-KWMXE,0.5358794819974017,Yes
4310-KEDTB,0.3784016924523801,No
4311-QTTAI,0.09779277457294176,No
4312-GVYNH,0.06545205343408705,No
4312-KFRXN,0.020397964657785574,No
4315-MURBD,0.6796202016806253,Yes
4316-XCSLJ,0.28945298905392125,No
4317-VTEOA,0.7644279804980892,Yes
4318-RAJVY,0.1601099828512358,No
4320-QMLLA,0.4776885235090839,No
4322-RCYMT,0.12144749626280947,No
4323-ELYYB,0.08728681615727837,No
4323-OHFOW,0.3598101221075033,No
4323-SADQS,0.5673919898644085,Yes
4324-AHJKS,0.42165130968421755,No
4324-BZCKL,0.42026068251188975,No
4325-NFSKC,0.7985267122164287,Yes
4328-VUFWD,0.18400393667082737,No
4329-YPDDQ,0.6271851595671434,Yes
4332-MUOEZ,0.3431147308460815,No
4334-HOWRP,0.08025957040433125,No
4335-BSMJS,0.03405345863086336,No
4335-UPJSI,0.022534118905880172,No
4338-EYCER,0.3797365774884265,No
4342-HENTK,0.9198419637573175,Yes
4342-HFXWS,0.09806533092959746,No
4343-EJVQB,0.6046378602346008,Yes
4349-GFQHK,0.8059605558732986,Yes
4350-ZTLPI,0.4654077203119216,No
4351-QLCSU,0.7589650233831126,Yes
4353-HYOJD,0.18546278648582068,No
4355-CVPVS,0.3581487228507261,No
4355-HBJHH,0.1065304901577492,No
4359-INNWN,0.09435189677366461,No
4360-PNRQB,0.7081676258069797,Yes
4360-QRAVE,0.4942520358442494,No
4361-BKAXE,0.5929170322840346,Yes
4361-FEBGN,0.030168260914580993,No
4361-JEIVL,0.760682876110334,Yes
4365-MSDYN,0.3399585226499815,No
4366-CTOUZ,0.17714246541046644,No
4367-NHWMM,0.8006545990363195,Yes
4367-NUYAO,0.15335948388901802,No
4369-HTUIF,0.7837760536038937,Yes
4369-NYSCF,0.17219775248454428,No
4373-MAVJG,0.7516761999536078,Yes
4373-VVHQL,0.7862622466231524,Yes
4374-YMUSQ,0.28312232503735785,No
4376-KFVRS,0.10346852970073117,No
4377-VDHYI,0.35209547057956647,No
4378-BZYFP,0.11519652366334956,No
4378-MYPGO,0.11688014777766062,No
4381-MHQDC,0.04724021984015924,No
4385-GZQXV,0.8050627909329406,Yes
4385-ZKVNW,0.18817996515030935,No
4389-UEFCZ,0.22533315895671407,No
4390-KYULV,0.5296307391241039,Yes
4391-LNRXK,0.6082289657294857,Yes
4391-RESHN,0.7286357088126826,Yes
4393-GEADV,0.08306072525024831,No
4393-OBCRR,0.2641904983150868,No
4393-RYCRE,0.44824667455215306,No
4395-PZMSN,0.8806731533454375,Yes
4396-KLSEH,0.4510318175034443,No
4397-FRLTA,0.2846559851824202,No
4398-HSCJH,0.8182168526424473,Yes
4402-FTBXC,0.41822528266980674,No
4403-BWPAY,0.1754335355526073,No
4404-HIBDJ,0.08557278119444868,No
4412-YLTKF,0.7442428950148772,Yes
4415-IJZTP,0.9316363530192824,Yes
4415-WNGVR,0.40806562447296524,No
4418-LZMSV,0.24647086218752554,No
4419-UJMUS,0.200449281625604,No
4422-QVIJA,0.22019359022690488,No
4423-JWZJN,0.3001031943952165,No
4423-YLHDV,0.7774323845740125,Yes
4424-TKOPW,0.9695819636335955,Yes
4425-OWHWB,0.1162116824427782,No
4429-WYGFR,0.1982140754487017,No
4430-UZIPO,0.7079258044190849,Yes
4430-YHXGG,0.3860270587098684,No
4431-EDMIQ,0.4644042103165511,No
4432-ADRLB,0.6348173836863594,Yes
4433-JCGCG,0.8128185087538299,Yes
4439-JMPMT,0.7831801112797298,Yes
4439-YRNVD,0.5287252922495469,Yes
4441-NIHPT,0.7796230432373521,Yes
4443-EMBNA,0.023567677950343924,No
4445-KWOKW,0.15966248241471515,No
4445-ZJNMU,0.859058354449218,Yes
4446-BZKHU,0.7111705446019184,Yes
4450-DLLMH,0.8646804332212007,Yes
4450-MDZFX,0.43174052264184376,No
4450-YOOHP,0.5785589981461151,Yes
4451-RWASJ,0.10914763973090078,No
4452-QIIEB,0.42554723953780293,No
4452-ROHMO,0.039840097502514805,No
4455-BFSPD,0.3202512623846458,No
4456-RHSNB,0.375943675056867,No
4458-KVRBJ,0.030781135319179132,No
4459-BBGHE,0.6004837487058128,Yes
4462-CYWMH,0.6382456089911606,Yes
4464-JCOLN,0.24710399934721441,No
4465-VDKIQ,0.636225513783503,Yes
4468-KAZHE,0.5929271033740524,Yes
4468-YDOVK,0.4491071108499539,No
4471-KXAUH,0.6153694969809482,Yes
4472-LVYGI,0.3248069021386418,No
4472-VESGY,0.5300004494562521,Yes
4475-NVTLU,0.031482124088846576,No
4476-OSWTN,0.31811422284703933,No
4480-MBMLB,0.5748350694828347,Yes
4480-QQRHC,0.787007470072823,Yes
4482-EWFMI,0.9029503619858247,Yes
4482-FTFFX,0.4923570048128263,No
4484-CGXFK,0.8353489174362276,Yes
4484-GLZOU,0.7817566112914928,Yes
4486-EFAEB,0.3234531928109403,No
4487-ZYJZK,0.06085661774015842,No
4488-KQFDT,0.5308866626062998,Yes
4488-PSYCG,0.19873850535531054,No
4489-SNOJF,0.26128244351626273,No
4495-LHSSK,0.28201219073456524,No
4500-HKANN,0.05611670921220612,No
4501-EQDRN,0.8412877717247603,Yes
4501-UYKBC,0.24251998529631005,No
4501-VCPFK,0.3715520237013293,No
4503-BDXBD,0.7049475593743227,Yes
4504-YOULA,0.2277417769922149,No
4505-EXZHB,0.7976168206926655,Yes
4508-OEBEY,0.11743295953619236,No
4510-HIMLV,0.9063997751168646,Yes
4510-PYUSH,0.2677643740270681,No
4512-ZUIYL,0.838606480117773,Yes
4513-CXYIX,0.12525288004383398,No
4514-GFCFI,0.8463494822134758,Yes
4518-FZBSX,0.05233769993630864,No
4521-WFJAI,0.0474433896647969,No
4521-YEEHE,0.7602711227168857,Yes
4522-AKYLR,0.5486518595219757,Yes
4522-XRWWI,0.16690734066966043,No
4523-WXCEF,0.6779333244265895,Yes
4524-QCSSM,0.44419372960225945,No
4525-VZCZG,0.3326314470257487,No
4526-EXKKN,0.04722664604054068,No
4526-RMTLL,0.14412411112495122,No
4526-ZJJTM,0.6143725880923678,Yes
4529-CKBCL,0.9198752305166532,Yes
4530-NDRKU,0.1029381399501883,No
4531-AUZNK,0.2841864119125432,No
4534-WGCIR,0.029140412314904968,No
4536-PLEQY,0.7196037197866856,Yes
4537-CIBHB,0.11355650966487102,No
4537-DKTAL,0.7225492517594836,Yes
4538-WNTMJ,0.06561671243227753,No
4541-RMRLG,0.34506185990215577,No
4544-RXFMG,0.2836596858181342,No
4546-FOKWR,0.7064010118992224,Yes
4547-FZJWE,0.1199827789732308,No
4547-KQRTM,0.7694685177653634,Yes
4547-LYTDD,0.7359317585891588,Yes
4548-SDBKE,0.8903286077637066,Yes
4549-ZDQYY,0.08171753484442255,No
4550-EVXNY,0.8915199843431426,Yes
4550-VBOFE,0.7229065947969766,Yes
4553-DVPZG,0.7217385114862006,Yes
4554-YGZIH,0.6671064250792672,Yes
4558-CGYCZ,0.2888949774223816,No
4558-FANTW,0.5215503957781913,Yes
4559-UWIHT,0.7924975119146679,Yes
4560-WQAQW,0.13048801698661538,No
4565-EVZMJ,0.07296856319085297,No
4565-NLZBV,0.031133748087809,No
4566-GOLUK,0.5951830209054594,Yes
4566-NECEV,0.8664912926805094,Yes
4566-QVRRW,0.5832138823818656,Yes
4567-AKPIA,0.4329574458221307,No
4568-KNYWR,0.06565976264925995,No
4568-TTZRT,0.2419606369940722,No
4570-QHXHL,0.5903132641636613,Yes
4572-DVCGN,0.7915924457626745,Yes
4573-JKNAE,0.04181831257121446,No
4576-CSAJH,0.14611395705545185,No
4578-PHJYZ,0.17454398187028458,No
4580-TMHJU,0.30984418742188224,No
4581-LNWUM,0.7213177981225565,Yes
4581-SSPWD,0.9270101870284703,Yes
4583-PARNH,0.7741163078521351,Yes
4584-LBNMK,0.10270314779136883,No
4585-HETAI,0.8165888933555544,Yes
4587-NUKOX,0.8688513137895282,Yes
4587-VVTOX,0.9056961478660903,Yes
4588-YBNIB,0.5224650839552563,Yes
4589-IUAJB,0.024761183897230633,No
4592-IWTJI,0.683053891981711,Yes
4597-ELFTS,0.11657922624511749,No
4597-NUCQV,0.8208854138479293,Yes
4598-XLKNJ,0.7826342302645642,Yes
4598-ZADCK,0.24370966784392623,No
4603-JANFB,0.9062973458718822,Yes
4607-CHPCA,0.5366439504484252,Yes
4608-LCIMN,0.41663363973650425,No
4609-KNNWG,0.021555120752630663,No
4611-ANLQC,0.22200015322946012,No
4612-SSVHJ,0.7966916883154131,Yes
4612-THJBS,0.5723705121790085,Yes
4614-NUVZD,0.9311304477170751,Yes
4615-PIVVU,0.05370433016498823,No
4616-EWBNJ,0.10151924769589672,No
4616-ULAOA,0.14447145326225355,No
4619-EVPHY,0.6329015974794524,Yes
4622-YNKIJ,0.1482398148129497,No
4623-ZKHLY,0.22668044406803528,No
4625-EWPTF,0.6590595585152585,Yes
4625-LAMOB,0.024667753564194667,No
4625-XMOYM,0.02507593649648978,No
4626-GYCZP,0.9115435048066699,Yes
4626-OZDTJ,0.2509594335533664,No
4627-MIHJH,0.12634768572648114,No
4628-CTTLA,0.5210874286667282,Yes
4628-WQCQQ,0.38770005744924635,No
4629-NRXKX,0.8600520163777013,Yes
4631-OACRM,0.8252106257190601,Yes
4632-PAOYU,0.07234839428135915,No
4632-XJMEX,0.05409251297663176,No
4633-MKHYU,0.8182318931529435,Yes
4634-JLRJT,0.5179472242234141,Yes
4635-EJYPD,0.01994042834870966,No
4636-JGAAI,0.5462501076169446,Yes
4636-OLWOE,0.12968556204562276,No
4636-QRJKY,0.779429982361255,Yes
4636-TVXVG,0.04414631338356398,No
4640-UHDOS,0.4907678841166896,No
4641-FROLU,0.020435045524235623,No
4644-OBGFZ,0.052860790204328996,No
4644-PIZRT,0.2870784448722576,No
4646-QZXTF,0.4705051349085974,No
4647-MUZON,0.7557570547947193,Yes
4647-XXZAM,0.3910521997813187,No
4648-YPBTM,0.09949478951807121,No
4652-NNHNY,0.7341690175809332,Yes
4652-ODEVH,0.028586551904075105,No
4654-DLAMQ,0.2376227433868692,No
4654-GGUII,0.1924444521696273,No
4654-ULTTN,0.04919648235489173,No
4656-CAURT,0.02481765441286535,No
4657-FWVFY,0.5944963069733248,Yes
4658-HCOHW,0.7129090381551549,Yes
4659-NZRUF,0.7669766240238758,Yes
4660-IRIBM,0.5943698802973089,Yes
4661-NJEUX,0.523035045859071,Yes
4662-EKDPQ,0.7942051402419058,Yes
4664-NJCMS,0.09017937118992926,No
4667-OHGKG,0.527548717103853,Yes
4667-QONEA,0.10182078577780611,No
4670-TABXH,0.14571933452171162,No
4671-LXRDQ,0.6998807643438787,Yes
4671-VJLCL,0.04377615929314603,No
4672-FOTSD,0.4220528196200445,No
4673-KKSLS,0.3610719088185351,No
4674-HGNUA,0.0343516266671948,No
4676-MQUEA,0.45779719405866104,No
4676-WLUHT,0.09261807622977149,No
4678-DVQEO,0.7128950653055468,Yes
4680-KUTAJ,0.6455548563020493,Yes
4682-BLBUC,0.1754712781658612,No
4683-WYDOU,0.1966925330106105,No
4685-ERGHK,0.5056595690715823,Yes
4685-TFLLS,0.08842986695624043,No
4686-GEFRM,0.13772581521055363,No
4686-UXDML,0.775231600700573,Yes
4690-LLKUA,0.5406275229082721,Yes
4690-PKDQG,0.7503089895395537,Yes
4692-NNQRU,0.3747346745183275,No
4693-VWVBO,0.5487364211972502,Yes
4694-PHWFW,0.21880286860364848,No
4695-VADHF,0.49467743173380785,No
4695-WJZUE,0.963155000936983,Yes
4697-LUPSU,0.24520407959942064,No
4698-KVLLG,0.03518179689033001,No
4700-UBQMV,0.3319529442041489,No
4701-AHWMW,0.5045720880862817,Yes
4701-LKOZD,0.0394072046946392,No
4701-MLJPN,0.28630018137167607,No
4702-HDRKD,0.13994777439239883,No
4702-IOQDC,0.9046558806448192,Yes
4703-MQYKT,0.03511074475116076,No
4704-ERYFC,0.6898310743901478,Yes
4706-AXVKM,0.8609724016380109,Yes
4706-DGAHW,0.77506628787441,Yes
4707-MAXGU,0.02140806953201554,No
4707-YNOQA,0.08391617684116112,No
4709-LKHYG,0.07479744588553514,No
4710-FDUIZ,0.42878038951895603,No
4710-NKCAW,0.371299062190159,No
4712-AUQZO,0.3968532226597397,No
4712-UYOOI,0.21254805337850521,No
4713-LZDRV,0.9466924605785577,Yes
4713-ZBURT,0.23699190355318556,No
4716-HHKQH,0.777175629351631,Yes
4716-MRVEN,0.056283183921107274,No
4717-GHADL,0.10875450366779467,No
4718-DHSMV,0.6458682215399861,Yes
4718-WXBGI,0.04171654827680929,No
4719-UMSIY,0.22916865647288984,No
4720-VSTSI,0.5712250910052177,Yes
4723-BEGSG,0.04160137893561284,No
4724-WXVWF,0.6549050572885109,Yes
4726-DLWQN,0.4158406789465083,No
4727-MCYZG,0.7206268758479669,Yes
4729-XKASR,0.8025146771834553,Yes
4730-AWNAU,0.20564398358234576,No
4732-RRJZC,0.228564248729985,No
4735-ASGMA,0.8115728497422284,Yes
4735-BJKOU,0.025240404622955254,No
4737-AQCPU,0.01845260464730789,No
4737-HOBAX,0.06863199044815517,No
4741-WWJQZ,0.8490987450552911,Yes
4742-DRORA,0.309837249720925,No
4742-TXUEX,0.021912268412225357,No
4745-LSPLO,0.44995098777658715,No
4747-LCAQL,0.2757004040661041,No
4749-OJKQU,0.8652998799653371,Yes
4749-VFKVB,0.7679554914467935,Yes
4750-UKWJK,0.0836270368297562,No
4750-ZRXIU,0.924168011463288,Yes
4751-ERMAN,0.05826760091809404,No
4753-PADAS,0.41087437877227967,No
4759-PXTAN,0.2753835422882209,No
4759-TRPLW,0.8780136802731974,Yes
4760-THGOT,0.6786626970899693,Yes
4760-XOHVN,0.4220413309400385,No
4763-PGDPO,0.7749959976115404,Yes
4765-OXPPD,0.2476205762461571,No
4767-HZZHQ,0.3802307597212946,No
4770-QAZXN,0.20108165233957032,No
4770-UEZOX,0.8947693595738478,Yes
4774-HHGGS,0.024252875268223954,No
4776-XSKYQ,0.21548994524937434,No
4778-IZARL,0.10708856546248484,No
4779-ZGICK,0.0363000856982199,No
4781-ZXYGU,0.5215137082582134,Yes
4782-OSFXZ,0.05191478457528019,No
4785-FCIFB,0.026579171628466337,No
4785-NKHCX,0.3581296441361129,No
4785-QRJHC,0.32714295339872773,No
4786-UKSNZ,0.45174360540245845,No
4789-KWMXN,0.3770387623363063,No
4791-QRGMF,0.5358393817055899,Yes
4795-KTRTH,0.8774572282016267,Yes
4795-UXVCJ,0.0646933271393085,No
4795-WRNVT,0.2042823760964843,No
4797-AXPXK,0.6154058240950574,Yes
4797-MIWUM,0.30902284276993724,No
4800-CZMPC,0.46176142974171946,No
4800-VHZKI,0.5206583395959454,Yes
4801-JZAZL,0.6169364245365748,Yes
4801-KFYKL,0.24473563124845635,No
4803-AXVYP,0.7870357180184056,Yes
4803-LBYPN,0.09157476043699483,No
4804-NCPET,0.03210406367389357,No
4806-DXQCE,0.2056512768455158,No
4806-HIPDW,0.9094263833471322,Yes
4806-KEXQR,0.8725566926450059,Yes
4807-IZYOZ,0.029103818703025766,No
4808-YNLEU,0.13394202593847374,No
4811-JBUVU,0.5892515984333243,Yes
4813-HQMGZ,0.8514443147417085,Yes
4815-GBTCD,0.7551548875676976,Yes
4815-TUMEQ,0.16158752593806752,No
4815-YOSUK,0.18775479100478837,No
4816-JBHOV,0.8192532692489226,Yes
4816-LXZYW,0.7265118631672625,Yes
4816-OKWNX,0.3720588402613958,No
4817-KEQSP,0.014579866783973394,No
4817-QRJSX,0.7538697285098626,Yes
4817-VYYWS,0.7591841375896051,Yes
4818-DRBQT,0.5788848051308594,Yes
4818-QIUFN,0.7593714450845716,Yes
4819-HJPIW,0.4367073803937345,No
4821-SJHJV,0.5504645796501046,Yes
4821-WQOYN,0.017638116269541954,No
4822-LPTYJ,0.20617413800902737,No
4822-NGOCH,0.7811046240543243,Yes
4822-RVYBB,0.9272255935843342,Yes
4822-YCXMX,0.7656434349015192,Yes
4824-GUCBY,0.5764801912624278,Yes
4825-FUREZ,0.038075814637926746,No
4825-XJGDM,0.08879438562502277,No
4826-DXMUP,0.1326242651447166,No
4826-TZEVA,0.41798471776361595,No
4826-XTSOH,0.9559250318139031,Yes
4827-DPADN,0.05337818643064794,No
4827-LTQRJ,0.2818652731840363,No
4827-USJHP,0.3276181317954239,No
4828-FAZPK,0.6565243082477226,Yes
4829-AUOAX,0.638233877985083,Yes
4829-ZLJTK,0.2362232103219741,No
4830-FAXFM,0.264148981720427,No
4831-EOBFE,0.4863120871605589,No
4832-VRBMR,0.499627644761641,No
4833-QTJNO,0.39639346077318494,No
4835-YSJMR,0.057456837090379485,No
4836-WNFNO,0.02160364976697978,No
4837-PZTIC,0.04303709778111688,No
4837-QUSFT,0.22001523993603192,No
4840-ORQXB,0.74916433077377,Yes
4844-JJWUY,0.9389449259068959,Yes
4846-WHAFZ,0.7424970500412112,Yes
4847-QNOKA,0.726336428366929,Yes
4847-TAJYI,0.9028399719839242,Yes
4849-PYRLQ,0.07836461231993341,No
4851-BQDNX,0.44753378653899484,No
4853-OITSN,0.8849984419601279,Yes
4853-RULSV,0.1308670123102126,No
4854-CIDCF,0.9007466225421116,Yes
4854-SSLTN,0.13022143172899567,No
4855-SNKMY,0.7866891941320194,Yes
4859-ZSRDZ,0.11891168184495447,No
4860-IJUDE,0.6018810573987635,Yes
4860-YZGZM,0.32611816008347627,No
4868-AADLV,0.3683527932764312,No
4869-EPIUS,0.47813841774669275,No
4871-JTKJF,0.9233386974935881,Yes
4872-JCVCA,0.03826470520590277,No
4872-VXRIL,0.11716467436732572,No
4873-ILOLJ,0.7469805787599291,Yes
4877-EVATK,0.4529393828117011,No
4877-TSOFF,0.1412234363110652,No
4878-BUNFV,0.021302010239286562,No
4879-GZLFH,0.7187496306263091,Yes
4881-GQJTW,0.19968089651150525,No
4881-JVQOD,0.7399163251143273,Yes
4883-KCPZJ,0.04375907317267468,No
4883-QICIH,0.46684073566523254,No
4884-LEVMQ,0.0394689518499772,No
4884-TVUQF,0.15248999675298028,No
4884-ZTHVF,0.8356331936945905,Yes
4890-VMUAV,0.08957530651304127,No
4891-NLUBA,0.09175455271438303,No
4892-VLANZ,0.4541357036089849,No
4893-GYUJU,0.08543032137823386,No
4895-TMWIR,0.28467691771161263,No
4896-CPRPF,0.028154041848387892,No
4897-QSUYC,0.5191523043619367,Yes
4900-MSOMT,0.024762362673161422,No
4902-OHLSK,0.7191778824434552,Yes
4903-CNOZC,0.20074595358825142,No
4903-UYAVB,0.29429954506190475,No
4905-JEFDW,0.5745909386815548,Yes
4906-ZHGPK,0.20520446258257416,No
4908-XAXAY,0.48046993130882937,No
4909-JOUPP,0.13902941963207083,No
4910-AQFFX,0.7805123813086565,Yes
4910-GMJOT,0.9615942477623612,Yes
4911-BANWH,0.5758702576186894,Yes
4912-PIGUY,0.9449103012810584,Yes
4913-EHYUI,0.5119717416579294,Yes
4915-BFSXL,0.03967505201682028,No
4918-FYJNT,0.5575121997603275,Yes
4918-QLLIW,0.7079094876158205,Yes
4919-IKATY,0.8277192029415836,Yes
4919-MOAVT,0.8573958654817933,Yes
4922-CVPDX,0.12086615385658615,No
4923-ADWXJ,0.29328708532648645,No
4925-LMHOK,0.3949358370664161,No
4926-UMJZD,0.2068192423817987,No
4927-WWOOZ,0.9452568501573133,Yes
4929-BSTRX,0.7538203420194923,Yes
4929-ROART,0.32477573810782995,No
4929-XIHVW,0.9406534857776976,Yes
4931-TRZWN,0.5825051735262732,Yes
4933-BSAIP,0.02665446444575803,No
4933-IKULF,0.10783089980696983,No
4936-YPJNK,0.2924408148398334,No
4937-QPZPO,0.5246197954727643,Yes
4939-KYYPY,0.3242762481791514,No
4940-KHCWD,0.04133263981553139,No
4942-VZZOM,0.14517990949062942,No
4945-RVMTE,0.35494255900589344,No
4946-EDSEW,0.2647933936925558,No
4947-DSMXK,0.6651190987556695,Yes
4948-WBBKL,0.6868884468293418,Yes
4950-BDEUX,0.55141644909991,Yes
4950-HKQTE,0.045434916768942304,No
4951-UKAAQ,0.8981010196389518,Yes
4952-YSOGZ,0.8929767783537146,Yes
4955-VCWBI,0.050852071887631085,No
4957-SREEC,0.014052845058179554,No
4957-TIALW,0.09570180586652643,No
4957-TREIR,0.6384652033694452,Yes
4958-GZWIY,0.5157556154095904,Yes
4958-XCBDQ,0.7979849743577984,Yes
4959-JOSRX,0.7151426419227485,Yes
4962-CHQPW,0.04931955776324733,No
4967-WPNCF,0.06896618238000574,No
4971-PUYQO,0.7160861387204384,Yes
4973-MGTON,0.037981078326709966,No
4973-RLZVI,0.08015281554533756,No
4976-LNFVV,0.5686046052914305,Yes
4979-HPRFL,0.033554858321690056,No
4980-URKXC,0.07616131873686768,No
4981-FLTMF,0.15399180834110776,No
4983-CCWMC,0.857200530777468,Yes
4983-CLMLV,0.6460032391571261,Yes
4986-MXSFP,0.5144548048745374,Yes
4987-GQWPO,0.45708706982993125,No
4988-IQIGL,0.9444021955957177,Yes
4989-LIXVT,0.6675252633881354,Yes
4990-ALDGW,0.022786122469181283,No
4992-LTJNE,0.030733546712333054,No
4993-JCRGJ,0.523194097242402,Yes
4994-OBRSZ,0.06236044146517545,No
4998-IKFSE,0.7330852691364436,Yes
4999-IEZLT,0.10649608769060581,No
5002-GCQFH,0.610207705061972,Yes
5003-OKNNK,0.08746202454523089,No
5003-XZWWO,0.05158959274578528,No
5006-MXVRN,0.027062958916042233,No
5010-IPEAQ,0.03472142260619809,No
5012-YSPJJ,0.15041731088449722,No
5013-SBUIH,0.2693461852153089,No
5014-GSOUQ,0.041627307349887004,No
5014-WUQMG,0.34780982342876854,No
5016-ETTFF,0.5501629249601951,Yes
5016-IBERQ,0.6867021679711065,Yes
5016-LIPDW,0.05070691975470365,No
5018-GWURO,0.6375138734290646,Yes
5018-HEKFO,0.3719211355751683,No
5018-LXQQG,0.1730689153008373,No
5019-GQVCR,0.7591999217183771,Yes
5020-ZSTTY,0.1962639796902505,No
5022-JNQEQ,0.6939267536030536,Yes
5022-KVDQT,0.6843019898438489,Yes
5025-GOOKI,0.22338524929851505,No
5027-QPKTE,0.8011765040824983,Yes
5027-XWQHA,0.5357046074347085,Yes
5027-YOCXN,0.2932542628279439,No
5028-GZLDO,0.8280370982019721,Yes
5028-HTLJB,0.5094159791056683,Yes
5032-MIYKT,0.8586202299407153,Yes
5032-USPKF,0.23240227208288053,No
5035-BVCXS,0.6690648874781148,Yes
5035-PGZXH,0.5790059233089039,Yes
5038-ETMLM,0.12509032934095501,No
5039-LZRQT,0.09677549818732473,No
5043-TRZWM,0.8811558622706257,Yes
5044-LRQAQ,0.7467394692472917,Yes
5044-XDPYX,0.03701077149704527,No
5046-NUHWD,0.5969733858979269,Yes
5047-LHVLY,0.7272534631991613,Yes
5049-GLYVG,0.44935373492574554,No
5049-MUBWG,0.13640768403791476,No
5052-PNLOS,0.9427933766780452,Yes
5054-IEXZT,0.8809354057980368,Yes
5055-BRMNE,0.09064100113694512,No
5055-MGMGF,0.6587408537000257,Yes
5056-FIMPT,0.2529932182454845,No
5057-LCOUI,0.6647069208363258,Yes
5057-RKGLH,0.04864847224616796,No
5060-TQUQN,0.4639429571542398,No
5061-PBXFW,0.10999227367034704,No
5062-CJJKH,0.1070531688520448,No
5063-IUOKK,0.04193789245588649,No
5066-GFJMM,0.5140395251676851,Yes
5067-DGXLL,0.4448016091696711,No
5067-WJEUN,0.030267430244662448,No
5067-XJQFU,0.446962274824732,No
5071-FBJFS,0.47942071244627316,No
5073-RZGBK,0.16487368803737915,No
5073-WXOYN,0.5443855330970179,Yes
5074-FBGHB,0.3656961859500375,No
5075-JSDKI,0.04668207167795718,No
5076-YVXCM,0.6455418537325046,Yes
5077-DXTCG,0.7817887889131653,Yes
5081-NWSUP,0.22715528310434802,No
5084-OOVCJ,0.24130678729679497,No
5087-SUURX,0.6829053700747686,Yes
5088-QZLRL,0.5565606423026659,Yes
5089-IFSDP,0.2460529110972515,No
5090-EMGTC,0.14911608126043038,No
5091-HFAZW,0.8889339044281419,Yes
5092-STPKP,0.1526106517184385,No
5093-FEGLU,0.02525836796688955,No
5095-AESKG,0.9190023752610815,Yes
5095-ETBRJ,0.027536348625931708,No
5099-BAILX,0.657202665021652,Yes
5103-MHMHY,0.596753289985202,Yes
5108-ADXWO,0.7412145489353703,Yes
5110-CHOPY,0.136799622051323,No
5115-GZDEL,0.03945895204583956,No
5115-SQAAU,0.027374462675186804,No
5117-IFGPS,0.7941682445986702,Yes
5117-ZSMHQ,0.035952887549792756,No
5118-MUEYH,0.655945169691202,Yes
5119-KEPFY,0.7652559151789604,Yes
5119-NZPTV,0.9014683894867114,Yes
5120-ZBLAI,0.2960386848631451,No
5122-CYFXA,0.8061622748891873,Yes
5124-EOGYE,0.022228541128023947,No
5125-CNDSP,0.09433713816836307,No
5126-RCXYW,0.08331671724372675,No
5127-BZENZ,0.14185337355206307,No
5129-HHMZC,0.06285652094088759,No
5129-JLPIS,0.6286986780641292,Yes
5130-IEKQT,0.696580645829093,Yes
5130-YPIRV,0.04354452018365111,No
5131-PONJI,0.5346768118868548,Yes
5133-POWUA,0.699621255820696,Yes
5133-VRSAB,0.49294644813837124,No
5134-IKDAY,0.8939345037428769,Yes
5135-GRQJV,0.13585406054892638,No
5135-RDDQL,0.035399371667375105,No
5136-GFPMB,0.6160717121733025,Yes
5136-KCKGI,0.4206162406356008,No
5136-RGMZO,0.37287672068793465,No
5138-WVKYJ,0.851930316695185,Yes
5140-FOMCQ,0.4304259641208388,No
5141-ZUVBH,0.6134548895498934,Yes
5143-EGQFK,0.6823237643722172,Yes
5143-WMWOG,0.5607261117486754,Yes
5144-PQCDZ,0.346933679136331,No
5144-TVGLP,0.7961393262134215,Yes
5146-CBVOE,0.5508426624403896,Yes
5146-YYFRZ,0.01825785381106626,No
5148-HKFIR,0.03543847579479952,No
5148-ORICT,0.03485738235550929,No
5149-CUZUJ,0.2295960876483349,No
5149-QYTTU,0.1407326540380829,No
5149-TGWDZ,0.44742311707823446,No
5150-ITWWB,0.9687770393426391,Yes
5150-LJNSR,0.2909718817700977,No
5151-HQRDG,0.3255134202367916,No
5153-LXKDT,0.20158571773705353,No
5153-RTHKF,0.6223036067225264,Yes
5154-VEKBL,0.5717684020025232,Yes
5155-AZQPB,0.25810034219650235,No
5156-UMKOW,0.6924717025948514,Yes
5158-RIVOP,0.048528688506483675,No
5159-YFPKQ,0.905759393584399,Yes
5160-UXJED,0.15383601670491825,No
5161-UBZXI,0.07559103581936924,No
5161-XEUVX,0.17083968308873407,No
5167-GBFRE,0.7366238589722303,Yes
5167-ZFFMM,0.9242007342957307,Yes
5168-MQQCA,0.3157114961268279,No
5168-MSWXT,0.8656728280583764,Yes
5170-PTRKA,0.15112627982824056,No
5171-EPLKN,0.026209666431453633,No
5172-MIGPM,0.5596651721861302,Yes
5172-RKOCB,0.11587656911763393,No
5173-WXOQV,0.7024026596981635,Yes
5173-ZXXXL,0.27295916441667534,No
5174-ITUMV,0.4536696826250028,No
5174-RNGBH,0.3535699225638232,No
5175-AOBHI,0.5277741777909335,Yes
5175-WLYXL,0.6436930914611407,Yes
5176-LDKUH,0.34147975334883895,No
5176-LMJXE,0.028056467103513096,No
5176-OLSKT,0.03611741814984441,No
5177-RVZNU,0.06291811741711255,No
5178-LMXOP,0.9700545133094195,Yes
5180-UCIIQ,0.47090176649430865,No
5181-OABFK,0.04111954903435282,No
5183-KLYEM,0.11819149007109382,No
5183-SNMJQ,0.7645528795218135,Yes
5186-EJEGL,0.4121518649151469,No
5186-PEIZU,0.11472089873868929,No
5186-SAMNZ,0.8998629970807206,Yes
5188-HGMLP,0.6000240408961436,Yes
5192-EBGOV,0.9544904466282833,Yes
5193-QLVZB,0.23768699156592232,No
5195-KPUNQ,0.2753059622706796,No
5196-SGOAK,0.894191250901089,Yes
5196-WPYOW,0.035358352420394625,No
5197-LQXXH,0.06797384250380004,No
5197-PYEPU,0.3359371888170468,No
5197-YPYBZ,0.054531275760300126,No
5198-EFNBM,0.4746536305715591,No
5198-HQAEN,0.2906405595830484,No
5199-FPUSP,0.09654562608663508,No
5201-CBWYG,0.06094016538763185,No
5201-FRKKS,0.4154368152169278,No
5201-USSQZ,0.45723409814136684,No
5202-IVJNU,0.3348009137024509,No
5203-XEHAX,0.14967858435101206,No
5204-HMGYF,0.13020946720712107,No
5204-QZXPU,0.6711926024108988,Yes
5206-HPJKM,0.3121658253561308,No
5206-XZZQI,0.38054196683602104,No
5207-PLSTK,0.6300916889454767,Yes
5208-FVQKB,0.023270383912080455,No
5208-HFSBT,0.6129115636037127,Yes
5213-TWWJU,0.5430111557090024,Yes
5214-CHIWJ,0.059180012023247214,No
5214-NLTIT,0.15346265541442436,No
5215-LNLDJ,0.6894937229876995,Yes
5216-WASFJ,0.7814693685246569,Yes
5219-YIPTK,0.7609909597480863,Yes
5220-AGAAX,0.02953576285219991,No
5222-IMUKT,0.6388099345108077,Yes
5222-JCXZT,0.2929895782804445,No
5223-UZAVK,0.27551668226399223,No
5226-NOZFC,0.6316994477836413,Yes
5227-JSCFE,0.03585200798342374,No
5228-EXCET,0.7922202012274708,Yes
5229-DTFYB,0.1923768012812646,No
5229-PRWKT,0.8815392868465671,Yes
5231-FIQPA,0.03269961018293449,No
5232-NXPAY,0.05789037140361627,No
5233-AOZUF,0.6742672573832031,Yes
5233-GEEAX,0.7678643988632546,Yes
5236-PERKL,0.22882413158843704,No
5236-XMZJY,0.18942162565196854,No
5240-CAOYT,0.42284073336505257,No
5240-IJOQT,0.9452201822332743,Yes
5242-UOWHD,0.020076543071799503,No
5243-SAOTC,0.5737642106446852,Yes
5244-IRFIH,0.8121790779787543,Yes
5245-VDBUR,0.1663307485756514,No
5248-KWLAR,0.04844453285158318,No
5248-RPYWW,0.056532043697528796,No
5248-YGIJN,0.05056683943210221,No
5249-QYHEX,0.04117207917346311,No
5256-SKJGO,0.11487689987212128,No
5260-UMPWX,0.14654497783080198,No
5261-QSHQM,0.7520499613902628,Yes
5266-PFRQK,0.07542437700685034,No
5268-DSMNQ,0.3836129713977745,No
5269-NRGDP,0.19930798360694907,No
5271-DBYSJ,0.8182356714837807,Yes
5271-YNWVR,0.16013519248954353,No
5274-XHAKY,0.546027758882534,Yes
5275-PMFUT,0.05630089494731705,No
5275-SQEIZ,0.8994980852044041,Yes
5276-KQWHG,0.9210950542367272,Yes
5277-ZLOOR,0.9542064134314547,Yes
5278-PNYOX,0.1690000667004595,No
5281-BUZGT,0.7424515360311581,Yes
5285-MVEHD,0.360166176280346,No
5286-YHCVC,0.20150198386478632,No
5287-QWLKY,0.516542500187911,Yes
5288-AHOUP,0.8695324081775437,Yes
5293-WXJAK,0.8678623825266627,Yes
5294-CDGWY,0.3085399267932398,No
5294-DMSFH,0.6243841596487636,Yes
5294-IMHHT,0.3196388540820077,No
5295-PCJOO,0.5479947502951263,Yes
5296-BFCYD,0.026018993482105814,No
5296-PSYVW,0.03132789202519658,No
5297-MDOIR,0.204035160890888,No
5298-GSTLM,0.4584056143101234,No
5299-RULOA,0.8650441722410334,Yes
5299-SJCZT,0.9461568287605051,Yes
5301-GAUUY,0.5522402012953961,Yes
5302-BDJNT,0.5490158866214695,Yes
5304-EFJLP,0.1773628765754313,No
5306-BVTKJ,0.14688030483308734,No
5307-DZCVC,0.6688524140625469,Yes
5307-UVGNB,0.42133567737344574,No
5309-TAIKL,0.4841978991659891,No
5310-NOOVA,0.034106451487817484,No
5311-IHLEI,0.45799981851440225,No
5312-IRCFR,0.43532852722347826,No
5312-TSZVC,0.08131043150609796,No
5312-UXESG,0.6930743965943283,Yes
5313-FPXWG,0.12701532187631367,No
5315-CKEQK,0.28760960226941595,No
5317-FLPJF,0.08127523562127273,No
5318-IXUZF,0.8813457160356645,Yes
5318-YKDPV,0.0634918186831008,No
5320-BRKGK,0.03900635129531297,No
5321-NTRKC,0.07164362632911338,No
5322-TEUJK,0.08470755956483927,No
5322-ZSMZY,0.027206561219807936,No
5324-KTGCG,0.05492516860866713,No
5325-UWTWJ,0.40937665507416515,No
5327-CNLUQ,0.24344360580572807,No
5327-XOKKY,0.12366984731364011,No
5329-KRDTM,0.0413600401851266,No
5331-RGMTT,0.774301322074982,Yes
5334-AFQJB,0.03486461456438021,No
5334-JLAXU,0.5228824103664315,Yes
5336-UFNZP,0.5065386274919202,Yes
5337-IIWKZ,0.41992724659009373,No
5338-YHWYT,0.025616704853599976,No
5339-PXDVH,0.8302765930899187,Yes
5339-TJFEK,0.6076696815674677,Yes
5343-SGUBI,0.36073238491189585,No
5345-BMKWB,0.2522603306295568,No
5346-BZCHP,0.013683205338345404,No
5348-CAGXB,0.8372576383252437,Yes
5349-AZPEW,0.5590088258210923,Yes
5349-IECLD,0.9311304906367389,Yes
5351-QESIO,0.7278330450170843,Yes
5353-WILCI,0.2279202353529435,No
5356-CSVSQ,0.7698823904023291,Yes
5356-KZCKT,0.04450108771289113,No
5356-RHIPP,0.5221318362234552,Yes
5357-TZHPP,0.8695177360418356,Yes
5360-LJCNJ,0.2018628877185483,No
5360-XGYAZ,0.05833030806575888,No
5364-EVNIB,0.7167898903522684,Yes
5364-XYIRR,0.8022735813260757,Yes
5365-LLFYV,0.6942781273085614,Yes
5366-IJEQJ,0.8110766772178792,Yes
5366-OBVMR,0.3024791030960443,No
5370-IIVVL,0.46661369262316865,No
5371-VYLSX,0.6716051293953281,Yes
5372-FBKBN,0.14035959956392094,No
5373-SFODM,0.7550664581134111,Yes
5375-XLDOF,0.11689573242967742,No
5376-DEQCP,0.9036099274497345,Yes
5376-PCKNB,0.3402479402800795,No
5377-NDTOU,0.03105482185202352,No
5378-IKEEG,0.8843228871056081,Yes
5380-AFSSK,0.8868860067798692,Yes
5380-WJKOV,0.7437819675329832,Yes
5380-XPJNZ,0.0637723657417023,No
5382-SOYZL,0.8458330434543894,Yes
5382-TEMLV,0.23264020837702684,No
5383-MMTWC,0.9096483420306981,Yes
5384-ZTTWP,0.16475505175157867,No
5385-SUIRI,0.8027586294485841,Yes
5386-THSLQ,0.19886730869264535,No
5387-ASZNZ,0.09717551218730466,No
5389-FFVKB,0.6312890480140251,Yes
5392-AKEMH,0.5102001393021568,Yes
5393-HJZSM,0.15706210610466803,No
5393-RXQSZ,0.9146139410502722,Yes
5394-MEITZ,0.05583200653423127,No
5394-SVGJV,0.632799905709302,Yes
5396-IZEPB,0.25712259865004233,No
5397-NSKQG,0.06982078216267142,No
5397-TUPSH,0.2909206193667419,No
5399-ZIMKF,0.8064352338711379,Yes
5402-HTOTQ,0.477590274962159,No
5404-GGUKR,0.6031844950453298,Yes
5405-ZMYXQ,0.7851838855423284,Yes
5406-KGRMX,0.031167728401430235,No
5414-OFQCB,0.17376145881946217,No
5419-CONWX,0.8770860748805897,Yes
5419-JKZNQ,0.5388253712289739,Yes
5419-JPRRN,0.9621418281346655,Yes
5419-KLXBN,0.5505880150818683,Yes
5423-BHIXO,0.40035879270162034,No
5424-RLQLC,0.5077413376070742,Yes
5429-LWCMV,0.8372513968839184,Yes
5433-KYGHE,0.5298774528977802,Yes
5438-QMDDL,0.43598990215059985,No
5439-WIKXB,0.7595246227968527,Yes
5440-FLBQG,0.20339417264891543,No
5440-VHLUL,0.3128492473660602,No
5442-BHQNG,0.8738196049725439,Yes
5442-BXVND,0.14437372504224721,No
5442-PPTJY,0.03811944582744886,No
5442-UTCVD,0.9236241413530408,Yes
5442-XSDCW,0.7428887831755006,Yes
5443-SCMKX,0.5371797396757779,Yes
5445-GLVOT,0.39255140568493047,No
5445-PZWGX,0.2538720913976555,No
5445-UTODQ,0.8290141317476069,Yes
5446-DKWYW,0.27700909348782476,No
5447-VYTKW,0.14605449610095325,No
5447-WZAFP,0.41794485382969326,No
5448-VWNAM,0.3018671389125394,No
5449-FIBXJ,0.756948477236076,Yes
5451-MHQOF,0.09203601508092973,No
5451-YHYPW,0.1377313041909032,No
5453-AXEPF,0.6971801938836892,Yes
5453-YBTWV,0.055093544268797305,No
5456-ITGIC,0.0811484707853383,No
5457-COLHT,0.02630038523232221,No
5458-CQJTA,0.04351622036027235,No
5461-QKNTN,0.6796390656057114,Yes
5465-BUBFA,0.025109886715961784,No
5468-BPMMO,0.16653168811148736,No
5469-CTCWN,0.41916157703145673,No
5469-NUJUR,0.047761349480760704,No
5472-CVMDX,0.03319528467137087,No
5473-KHBPS,0.40156510754152247,No
5474-LAMUQ,0.06526748909497378,No
5478-JJVZK,0.24123348740693704,No
5480-HPRRX,0.8471030858799286,Yes
5480-TBGPH,0.6661793357752523,Yes
5480-XTFFL,0.019159450607974176,No
5481-NTDOH,0.40966578041049956,No
5482-NUPNA,0.37167408501041166,No
5482-PLVPE,0.8520514665672834,Yes
5482-VXSXJ,0.7049611763708018,Yes
5485-ITNPC,0.044351391548598476,No
5485-WUYWF,0.7065927526869176,Yes
5493-SDRDQ,0.6571345653124995,Yes
5494-HECPR,0.9226479840307354,Yes
5494-WOZRZ,0.034105799735933064,No
5495-GPSRW,0.04707665747508794,No
5498-IBWPI,0.07116287725526442,No
5498-TXHLF,0.619039201137237,Yes
5499-ECUTN,0.14010342875564796,No
5501-TVMGM,0.8414065878274085,Yes
5502-RLUYV,0.6363247514005068,Yes
5504-WSIUR,0.20566080577160115,No
5505-OVWQW,0.08899997294248084,No
5510-BOIUJ,0.4193941522456153,No
5512-IDZEI,0.0988683407053461,No
5514-YQENT,0.17767689061791014,No
5515-AKOAJ,0.7184922311435474,Yes
5515-IDEJJ,0.42259868970572007,No
5515-RUGKN,0.5945440744578908,Yes
5519-NPHVG,0.876433311575567,Yes
5519-TEEUH,0.05864419231239267,No
5519-YLDGW,0.828709611787327,Yes
5520-FVEWJ,0.7618920325717818,Yes
5522-JBWMO,0.7076230055982754,Yes
5522-NYKPB,0.4848677179156176,No
5524-KHNJP,0.1378162905681201,No
5527-ACHSO,0.46148753348425897,No
5529-GIBVH,0.02153098928778516,No
5533-NHFRF,0.7535989504104553,Yes
5533-RJFTJ,0.46933371806586416,No
5536-RTPWK,0.7404432130881179,Yes
5536-SLHPM,0.6898233891247403,Yes
5537-UXXVS,0.19034813863078684,No
5539-HIVAK,0.19173357581497832,No
5539-TMZLF,0.9240948959670491,Yes
5542-DHSXL,0.3901518390515012,No
5542-NKVRU,0.035170145344393396,No
5542-TBBWB,0.9061948161363577,Yes
5543-QDCRY,0.6851341452231938,Yes
5546-BYZSM,0.17390305204065443,No
5546-QUERU,0.12635695608370565,No
5549-ZGHFB,0.033491631811732356,No
5550-VFRLC,0.9229963248586455,Yes
5552-ZNFSJ,0.7324430025857518,Yes
5553-AOINX,0.5170569570107465,Yes
5555-RNPGT,0.28905628178869774,No
5561-NWEVX,0.9326642925907715,Yes
5562-BETPV,0.25306189845127847,No
5562-YJQGT,0.45607128142663744,No
5564-NEMQO,0.9011157724420712,Yes
5565-FILXA,0.8853160804154236,Yes
5566-SOEZD,0.22893416884837406,No
5567-GZKQY,0.023959367969960697,No
5567-WSELE,0.9687795083459015,Yes
5568-DMXZS,0.5392235362491826,Yes
5569-IDSEY,0.38797555016360374,No
5569-KGJHX,0.8057657214097861,Yes
5569-OUICF,0.6987645506634391,Yes
5570-PTWEH,0.9002589704586608,Yes
5572-ZDXHY,0.6458153586134541,Yes
5574-NXZIU,0.08234636073876106,No
5575-GNVDE,0.08034308555581866,No
5575-TPIZQ,0.5616211436273557,Yes
5577-OTWWW,0.20231406340604494,No
5578-NKCXI,0.2564843240834098,No
5583-EJXRD,0.07791556351925548,No
5583-SXDAG,0.882076352597796,Yes
5590-BYNII,0.8077372678959985,Yes
5590-YRFJT,0.6090623059393144,Yes
5590-ZSKRV,0.3088566044047976,No
5593-SUAOO,0.33529453999275777,No
5597-GLBUC,0.9255656846811064,Yes
5598-IKHQQ,0.020758484333668087,No
5599-HVLTW,0.7761799577511849,Yes
5600-KTXFM,0.8030999706802124,Yes
5600-PDUJF,0.43652367565208056,No
5602-BVFMK,0.10067448398850934,No
5605-IYGFG,0.73978517136529,Yes
5605-XNWEN,0.03803877376113419,No
5606-AMZBO,0.7462495135093425,Yes
5609-CEBID,0.845157043538607,Yes
5609-IMCGG,0.6741187495048078,Yes
5614-DNZCE,0.03328540620827487,No
5616-PRTNT,0.2630677113756069,No
5619-PTMIK,0.31788281100534577,No
5619-XZZKR,0.15618398317135526,No
5622-UEJFI,0.034632767048132056,No
5624-BQSSA,0.44401705290811094,No
5624-RYAMH,0.3969374513007881,No
5626-MGTUK,0.7001253802022626,Yes
5627-TVBPP,0.05880986153867745,No
5628-FCGYG,0.8210560059917421,Yes
5628-RKIFK,0.6665109239668142,Yes
5630-AHZIL,0.6437969869144642,Yes
5630-IXDXV,0.7412154826300068,Yes
5639-NTUPK,0.31397316565521916,No
5640-CAXOA,0.23774292868467847,No
5641-DMBFJ,0.12562239451571242,No
5642-MHDQT,0.07890042509789406,No
5644-PDMZC,0.942225816711292,Yes
5647-FXOTP,0.756160736186886,Yes
5647-URDKA,0.05077842585989871,No
5649-ANRML,0.8898223508292515,Yes
5649-RXQTV,0.7264170202549511,Yes
5649-TJHOV,0.5073042410459848,Yes
5649-VUKMC,0.5356050288046312,Yes
5650-VDUDS,0.6653988254155532,Yes
5650-YLIBA,0.62887533881544,Yes
5651-CPDND,0.3984689546124637,No
5651-CRHKQ,0.25158431601138026,No
5651-WYIPH,0.41444123183374626,No
5651-YLPRD,0.5594718261426107,Yes
5652-MSDEY,0.7626936701352787,Yes
5655-JSMZM,0.8336228324155877,Yes
5656-JAMLX,0.02051257554782627,No
5656-MJEFC,0.06196366996427334,No
5663-QBGIS,0.1940046782796015,No
5666-CYCYZ,0.7079750291470599,Yes
5666-MBJPT,0.03469523861236773,No
5668-MEISB,0.054285928170944985,No
5669-SRAIP,0.7746884129085171,Yes
5671-RQRLP,0.15865135725931645,No
5671-UUNXD,0.6245299490627448,Yes
5673-FSSMF,0.8813793921463986,Yes
5673-TIYIB,0.7409949166242793,Yes
5676-CFLYY,0.041993889192729485,No
5678-VFNEQ,0.34954511489766477,No
5680-LQOGP,0.041813122300422154,No
5681-LLOEI,0.24284412413738357,No
5684-FJVYR,0.06099944178774371,No
5685-IIXLY,0.8431171376816959,Yes
5686-CMAWK,0.46171173800844234,No
5687-DKDTV,0.28293921650712117,No
5688-KZTSN,0.2890511138542929,No
5692-FPTAH,0.6988870394040861,Yes
5692-ICXLW,0.7280725794330871,Yes
5693-PIPCS,0.18238893391775365,No
5696-CEIQJ,0.09065495392210664,No
5696-EXCYS,0.041109446250959754,No
5696-JVVQY,0.07178720257701098,No
5696-QURRL,0.7034114329188068,Yes
5697-GOMBF,0.5734856962563594,Yes
5698-BQJOH,0.8784828419396493,Yes
5699-BNCAS,0.03394425377769456,No
5701-GUXDC,0.17317106597526957,No
5701-SVCWR,0.50379642391974,Yes
5701-YVSVF,0.8103998058980687,Yes
5701-ZIKJE,0.32288597497311894,No
5702-KVQRD,0.0562722377776024,No
5702-SKUOB,0.2943875124884471,No
5707-ORNDZ,0.6012063538040766,Yes
5707-ZMDJP,0.03776595769194412,No
5708-EVONK,0.5503894852231668,Yes
5709-LVOEQ,0.25179330127758387,No
5712-AHQNN,0.6107816144754524,Yes
5712-PTIWW,0.8767814792842824,Yes
5712-VBOXD,0.3580698507141852,No
5716-EZXZN,0.08565610422639115,No
5716-LIBJC,0.64093570502362,Yes
5724-BIDBU,0.25289932568659423,No
5726-CVNYA,0.06540181186261457,No
5727-MYATE,0.04303313607377024,No
5729-KLZAR,0.8127447461832527,Yes
5730-DBDSI,0.018805970394766707,No
5730-RIITO,0.385587327395331,No
5732-IKGQH,0.4116575149093904,No
5734-EJKXG,0.3588138806229568,No
5736-YEJAX,0.03325221606968403,No
5740-YHGTW,0.366015409554092,No
5743-KHMNA,0.02272600469059398,No
5747-PMBSQ,0.7344344507344452,Yes
5748-RNCJT,0.16912683630374792,No
5751-USDBL,0.040630040324303014,No
5753-QQWPW,0.11811152381196785,No
5756-JYOJT,0.2597805128497036,No
5756-OZRIO,0.2050497292188829,No
5759-RCVCB,0.7942304841418637,Yes
5760-FXFVO,0.7454771489552051,Yes
5760-IFJOZ,0.9108464873133765,Yes
5760-WRAHC,0.36612862532864515,No
5762-TJXGK,0.1609139940886079,No
5766-FTRTS,0.026836128688653,No
5766-XQXMQ,0.3083815789082293,No
5766-ZJYBB,0.45652992104012163,No
5774-QPLTF,0.07519315757217003,No
5774-XZTQC,0.22561810130100537,No
5777-KJIRB,0.15675664688489602,No
5777-ZPQNC,0.14477907725965417,No
5778-BVOFB,0.48526862855784697,No
5780-INQIK,0.442709064688013,No
5781-BKHOP,0.09128584061616805,No
5781-RFZRP,0.028514011384760212,No
5787-KXGIY,0.01609077209038341,No
5788-YPOEG,0.0359263374288367,No
5789-LDFXO,0.12948835128108524,No
5791-KAJFD,0.21442578667053971,No
5792-JALQC,0.08069924651496498,No
5793-YOLJN,0.02067922863002038,No
5795-BKOYE,0.05024171272773585,No
5795-KTGUD,0.17348295273568576,No
5797-APWZC,0.928672785943789,Yes
5799-JRCZO,0.01619748821133786,No
5802-ADBRC,0.5007190017371548,Yes
5803-NQJZO,0.033457981690839154,No
5804-HYIEZ,0.5518148659028137,Yes
5804-JMYIO,0.023065964960933875,No
5804-LEPIM,0.9201846917501206,Yes
5808-TOTXO,0.2993862131183128,No
5811-IWXYM,0.45839305322716206,No
5813-UECBU,0.6056854979735615,Yes
5815-HGGHV,0.18403516771816567,No
5816-JMLGY,0.04396093461233018,No
5816-QVHRX,0.6067864332798006,Yes
5816-SCGFC,0.5144332800005927,Yes
5820-PTRYM,0.1457267358785205,No
5821-MMEIL,0.026632529362234553,No
5825-XJOCM,0.16796553139389706,No
5827-MWCZK,0.4713811381018932,No
5828-AVIPD,0.6288055298964285,Yes
5828-DWPIL,0.5811030528760581,Yes
5829-NVSQN,0.19820546165188216,No
5832-EXGTT,0.2675349113314812,No
5832-TRLPB,0.20391819742472844,No
5832-XKAES,0.8666563362706684,Yes
5834-ASPWA,0.9310106462907488,Yes
5835-BEQEU,0.9250858610300589,Yes
5837-LXSDN,0.21450110800423794,No
5839-SUYVZ,0.5576265354349322,Yes
5840-NVDCG,0.06205294018616066,No
5842-POCOP,0.7885080962337465,Yes
5843-TTHGI,0.3797826844833124,No
5844-QVTAT,0.0922214118756777,No
5845-BZZIB,0.018075393718983077,No
5846-ABOBJ,0.024082205155434962,No
5846-NEQVZ,0.029251129392075286,No
5846-QFDFI,0.3682146901098503,No
5847-MXBEO,0.08073442118229036,No
5848-FHRFC,0.017561982886316874,No
5849-ASHZJ,0.05453847301107874,No
5850-BDWCY,0.2536475666169914,No
5854-KSRBJ,0.018331688346788104,No
5855-EIBDE,0.13917730447844745,No
5857-TYBCJ,0.7697504117505207,Yes
5857-XRECV,0.25946361594514444,No
5858-EAFCZ,0.6447093676290985,Yes
5859-HZYLF,0.031838499198875915,No
5862-BRIXZ,0.11364925220621777,No
5863-OOKCL,0.24154851647579378,No
5868-CZJDR,0.7526293423634038,Yes
5868-YTYKS,0.483210745502429,No
5868-YWPDW,0.8740035657988704,Yes
5871-DGTXZ,0.05354032129085184,No
5872-OEQNH,0.2946029021179528,No
5875-YPQFJ,0.9061948161363577,Yes
5876-HZVZM,0.3264334221002441,No
5876-QMYLD,0.06965308580874326,No
5879-HMFFH,0.04257059363447403,No
5879-SESNB,0.7873955595606205,Yes
5882-CMAZQ,0.5650723537372665,Yes
5883-GTGVD,0.8426917992431607,Yes
5884-FBCTL,0.019623787997245987,No
5884-GCYMI,0.8272389369671771,Yes
5886-VLQVU,0.579219285944986,Yes
5887-IKKYO,0.15135051039659717,No
5889-JTMUL,0.7681522961844991,Yes
5889-LFOLL,0.846553387281441,Yes
5893-KCLGT,0.016219082421831434,No
5893-PYOLZ,0.07309978385303922,No
5895-QSXOD,0.6449214140843577,Yes
5896-NPFWW,0.7641845050109132,Yes
5897-ZYEKH,0.47348196270364173,No
5898-IGSLP,0.43612440606519814,No
5899-MQZZL,0.7096605679880542,Yes
5899-OUVKV,0.6927100971072719,Yes
5902-WBLSE,0.01841502503508404,No
5906-BFOZT,0.5263454811212682,Yes
5906-CVLHP,0.08970939508149313,No
5906-DVAPM,0.12021392416977304,No
5908-QMGOE,0.7623306801641115,Yes
5909-ECHUI,0.8363683340225777,Yes
5913-INRQV,0.20686433828917186,No
5914-DVBWJ,0.7272897839444994,Yes
5914-GXMDA,0.05499762494502944,No
5914-XRFQB,0.12017634714933577,No
5915-ANOEI,0.027953211477220186,No
5915-DGNVC,0.26889768859458585,No
5916-QEWPT,0.7902895933515502,Yes
5917-HBSDW,0.1732936723424235,No
5917-RYRMG,0.0702947554327886,No
5918-VUKWP,0.058311982290329724,No
5919-TMRGD,0.9126190882240299,Yes
5919-VCZYM,0.44749234801344545,No
5921-NGYRH,0.34862504004946065,No
5922-ABDVO,0.7133236666507882,Yes
5923-GXUOC,0.8333234790093776,Yes
5924-IFQTT,0.5374260820487964,Yes
5924-SNGKP,0.07112588214835783,No
5928-QLDHB,0.8350923098323886,Yes
5930-GBIWP,0.04215063552703637,No
5931-FLJJF,0.7638894521943075,Yes
5934-RMPOV,0.7880028478578106,Yes
5934-TSSAU,0.5655437111376356,Yes
5935-FCCNB,0.8876641824729962,Yes
5937-EORGB,0.8220782895720105,Yes
5939-SXWHM,0.038107590072639294,No
5939-XAIXZ,0.45021483817139996,No
5940-AHUHD,0.8230605624960188,Yes
5940-NFXKV,0.8106102937393296,Yes
5944-UGLLK,0.25194792499488716,No
5945-AZYHT,0.40901525314391207,No
5947-SGKCL,0.7966037291234453,Yes
5948-UJZLF,0.6162158855311322,Yes
5949-EBSQK,0.4531941927802533,No
5949-HGVJL,0.43205918339415894,No
5949-XIKAE,0.7954746430007946,Yes
5950-AAAGJ,0.7029412829450514,Yes
5951-AOFIH,0.2849174529443783,No
5954-BDFSG,0.14525856021315608,No
5955-EPOAZ,0.305599041433066,No
5955-ERIHD,0.8630767564221699,Yes
5956-VKDTT,0.891815651179083,Yes
5956-YHHRX,0.8713655166129363,Yes
5959-BELXA,0.7407599326001701,Yes
5960-MVTUK,0.8138917133026712,Yes
5960-WPXQM,0.9256001348247396,Yes
5961-VUSRV,0.14331793195510253,No
5965-GGPRW,0.12321221528940375,No
5966-EMAZU,0.3097757262470553,No
5968-HYJRZ,0.027245063312388462,No
5968-VXZLG,0.7147980537171299,Yes
5968-XQIVE,0.33504731922968206,No
5970-GHJAW,0.02107677647375514,No
5973-EJGDP,0.6118617401590285,Yes
5975-BAICR,0.18610375800799495,No
5976-JCJRH,0.7873260833937703,Yes
5977-CKHON,0.642684481093044,Yes
5980-BDHPY,0.05788450711229787,No
5980-NOPLP,0.7756702531266307,Yes
5981-ITEMU,0.7351028833306599,Yes
5981-ZVXOT,0.5770218723800751,Yes
5982-FPVQN,0.7322694547056162,Yes
5982-PSMKW,0.10641984958006381,No
5982-XMDEX,0.025147764297694532,No
5985-BEHZK,0.35640566654741335,No
5985-TBABQ,0.1885286994942766,No
5986-WWXDV,0.062395502591875096,No
5989-AXPUC,0.08523682909683199,No
5989-OMNJE,0.3214569345702404,No
5989-PGKJB,0.7568584818642893,Yes
5993-BQHEA,0.10636897710891675,No
5993-JSUWV,0.03402868942834003,No
5995-LFTLE,0.043574762248887254,No
5995-OIGLP,0.2206432697697947,No
5995-SNNEW,0.8666074342353497,Yes
5995-WWKKG,0.12538859886811435,No
5996-DAOQL,0.5206261680801477,Yes
5996-EBTKM,0.0603421183076093,No
5996-NRVXR,0.3042049631351872,No
5997-OPVFA,0.05515683869918243,No
5998-DZLYR,0.15945259760304592,No
5998-VVEJY,0.6104704720444142,Yes
5999-LCXAO,0.7050665885160379,Yes
6000-APYLU,0.8402340033171556,Yes
6000-UKLWI,0.02498633918338964,No
6005-OBZPH,0.7574090671522111,Yes
6007-TCTST,0.10348892949331537,No
6008-NAIXK,0.4927673193363485,No
6010-DDPPW,0.024147047274285755,No
6013-BHCAW,0.0830355809702273,No
6015-VVHHE,0.8803878826661284,Yes
6016-LVTJQ,0.09094163771509908,No
6016-NXBNJ,0.06639862851271336,No
6017-PPLPX,0.6638934215174889,Yes
6022-KOUQO,0.6830339627508378,Yes
6022-UGGSO,0.6019155216604104,Yes
6023-GSSXW,0.052671378565759305,No
6023-YEBUP,0.9612642620861246,Yes
6024-RUGGH,0.026140439792032233,No
6029-CSMJE,0.5093448951062005,Yes
6029-WTIPC,0.8422458932776197,Yes
6030-REHUX,0.7613695046692744,Yes
6032-IGALN,0.7998830640902835,Yes
6032-KRXXO,0.7164818439457563,Yes
6034-YMTOB,0.6774956314084075,Yes
6034-ZRYCV,0.15349617660300868,No
6035-BXTTY,0.19059920044558448,No
6035-RIIOM,0.31597417476964795,No
6036-TTFYU,0.18471748361770068,No
6038-GCYEC,0.5667672089340395,Yes
6040-CGACY,0.18394815711686804,No
6047-SUHPR,0.12320742329547081,No
6047-YHPVI,0.8194622710338398,Yes
6048-NJXHX,0.051662324010883505,No
6048-QBXKL,0.7910610640447452,Yes
6048-UWKAL,0.14120416657029275,No
6050-FFXES,0.13856497277988247,No
6050-IJRHS,0.4234944636839525,No
6051-PTVNS,0.05589275671245744,No
6060-DRTNL,0.8287356621650224,Yes
6060-QBMGV,0.01657874808089693,No
6061-GWWAV,0.09397352532233522,No
6061-PQHMK,0.06536502855547935,No
6064-PUPMC,0.08483675223162557,No
6064-ZATLR,0.042452746464797665,No
6067-NGCEU,0.530285732179191,Yes
6072-NUQCB,0.08060860589517929,No
6075-QMNRR,0.25838537090787744,No
6075-SLNIL,0.6796523182849681,Yes
6077-BDPXA,0.8991804108075365,Yes
6078-VESFR,0.6539518954362888,Yes
6080-LNESI,0.037149046835640735,No
6080-TCMYC,0.659225333931527,Yes
6082-GLJIX,0.1766160597049105,No
6082-OQFBA,0.07126611461406193,No
6086-ESGRL,0.8782661351856719,Yes
6087-MVHJH,0.8456829907626938,Yes
6087-YPWHO,0.022381831755403328,No
6088-BXMRG,0.7315960617981873,Yes
6092-QZVPP,0.3332996085474085,No
6094-ZIVKX,0.08504042318766884,No
6096-EGVTU,0.05116257486507875,No
6097-EQISJ,0.386541481111587,No
6100-FJZDG,0.07868974214998391,No
6100-QQHEB,0.853532753991736,Yes
6101-IMRMM,0.7651531419316223,Yes
6103-BOCOU,0.6904215179006598,Yes
6103-LIANB,0.27115916656184585,No
6103-QCKFX,0.1269006138196986,No
6108-OQZDQ,0.9091257264635488,Yes
6110-OHIHY,0.900381485656463,Yes
6112-KTHFQ,0.24032195537462045,No
6114-TCFID,0.10724524226106445,No
6115-ZTBFQ,0.051111658591664305,No
6116-RFVHN,0.7708867285923017,Yes
6119-SPUDB,0.04881860854217226,No
6120-RJKLU,0.06460236056810774,No
6121-TNHBO,0.09577221410435904,No
6121-VZNQB,0.5254749954095662,Yes
6122-EFVKN,0.045336358494812254,No
6122-LJADA,0.04595483887944103,No
6124-ACRHJ,0.4511778436857699,No
6127-ISGTU,0.8182605966238763,Yes
6127-IYJOZ,0.7449703576616055,Yes
6128-AQBMT,0.6988444430990003,Yes
6128-CZOMY,0.7803443098633853,Yes
6128-DAFVY,0.5449321050765359,Yes
6131-FOYAS,0.3611455764322918,No
6131-IUNXN,0.15133200369691918,No
6131-JLWZM,0.23550937175436096,No
6133-OZILE,0.5400112650241182,Yes
6134-KWTBV,0.02955263046923103,No
6135-OZQVA,0.629399894683346,Yes
6137-MFAJN,0.5070719809351364,Yes
6137-NICCO,0.7928357285722175,Yes
6139-ZZRBQ,0.032071602715873226,No
6140-QNRQQ,0.8577232861882577,Yes
6141-OOXUQ,0.45503329263958325,No
6142-VSJQO,0.7034250262353642,Yes
6143-JQKEA,0.4823823470450765,No
6145-NNPNO,0.6708432484447706,Yes
6147-CBCRA,0.10820640940863596,No
6152-ONASV,0.07102616104087991,No
6156-UZDLF,0.21542933154609475,No
6158-DWPZT,0.39622270947740973,No
6158-HDPXZ,0.7522151784309096,Yes
6161-ERDGD,0.12458045737684771,No
6161-UUUTA,0.9364454424611984,Yes
6164-HAQTX,0.03843608245480056,No
6164-HXUGH,0.2319869312105701,No
6166-ILMNY,0.8383837331105931,Yes
6166-YIPFO,0.09166820063159668,No
6168-WFVVF,0.9196674187012206,Yes
6168-YBYNP,0.6699349966810054,Yes
6169-PGNCD,0.042414139048111366,No
6169-PPETC,0.020203876330454833,No
6171-ZTVYB,0.1816001469818225,No
6172-FECYY,0.6594350695757447,Yes
6173-GOLSU,0.6695675415686347,Yes
6173-ITPWD,0.5716615523288026,Yes
6174-NRBTZ,0.19487452026013735,No
6175-IRFIT,0.772370145293264,Yes
6176-YJWAS,0.12037560077671483,No
6177-PEVRA,0.042152693654688794,No
6178-KFNHS,0.729604426167675,Yes
6179-GJPSO,0.5050501027547729,Yes
6180-YBIQI,0.5954279402062596,Yes
6181-AXXYF,0.01892704172642163,No
6184-DYUOB,0.5174840512137056,Yes
6185-TASNN,0.7704041213616112,Yes
6188-UXBBR,0.08981211272587775,No
6194-HBGQN,0.1489512926010901,No
6195-MELTI,0.09486281821709239,No
6196-HBOBZ,0.1867267861633082,No
6198-PNNSZ,0.39192327389744736,No
6198-RTPMF,0.8355605680989059,Yes
6198-ZFIOJ,0.8267146372894135,Yes
6199-IPCAO,0.027855152027739655,No
6199-IWKGC,0.5123708770584624,Yes
6202-DYYFX,0.4823689505605964,No
6202-JVYEU,0.23247046129876311,No
6203-HBZPA,0.08994610085779281,No
6204-IEUXJ,0.7788808265107667,Yes
6207-WIOLX,0.47376644487751407,No
6210-KBBPI,0.8840517927973717,Yes
6211-WHMYA,0.4189973150826223,No
6211-WWLTF,0.12474946427993736,No
6212-ATMLK,0.7953356975360341,Yes
6214-EDAKZ,0.26100208791539964,No
6215-NQCPY,0.8401622745869093,Yes
6217-KDYWC,0.026568713118356922,No
6217-TOWGS,0.6162427003987115,Yes
6218-KNUBD,0.5690864503196325,Yes
6221-AVQYL,0.9043401396936624,Yes
6223-DHJGV,0.07508823853859263,No
6227-FBDXH,0.36861056763789474,No
6227-HWPWX,0.5501738408726718,Yes
6229-LSCKB,0.8645828203512766,Yes
6229-UOLQL,0.1329092446068275,No
6230-BSUXY,0.9480853653625023,Yes
6231-WFGFH,0.3177427376868305,No
6233-HXJMX,0.6650540278254131,Yes
6234-PFPXL,0.5317889379884053,Yes
6234-RAAPL,0.05736133651914272,No
6235-VDHOM,0.7221004825183989,Yes
6240-EURKS,0.6592004062188845,Yes
6242-FEGFD,0.05659318699728803,No
6242-MBHPK,0.7921992528491902,Yes
6242-SGYTS,0.2597748814680414,No
6243-OZGFH,0.715810747252397,Yes
6244-BESBM,0.1080937784825901,No
6248-BSHKG,0.03971151760037088,No
6248-TKCQV,0.051356249690091844,No
6250-CGGUN,0.23018927224637686,No
6252-DFGTK,0.10870378545268057,No
6253-GNHWH,0.01795680715259848,No
6253-WRFHY,0.43603419670776844,No
6257-DTAYD,0.1468234480850486,No
6257-RJOHI,0.45090931833687,No
6258-NGCNG,0.33176354588704093,No
6258-PVZWJ,0.05489835125465102,No
6259-WJQLC,0.6240973365413931,Yes
6260-ONULR,0.8218009358333201,Yes
6260-XLACS,0.16009665126070485,No
6261-LHRTG,0.2807662885571072,No
6261-RCVNS,0.0965510509047788,No
6265-FRMTQ,0.025055113090620567,No
6265-SXWBU,0.22253890546950694,No
6266-QHOJZ,0.23448078493883565,No
6267-DCFFZ,0.7388732416994316,Yes
6270-OMFIW,0.4526882475124412,No
6275-YDUVO,0.8999508117426046,Yes
6278-FEPBZ,0.24041711526042067,No
6281-FKEWS,0.45754509667048116,No
6283-GITPX,0.021431086888162334,No
6284-AHOOQ,0.7124981514046075,Yes
6284-KMNUF,0.5687700576484633,Yes
6285-FTQBF,0.018541498974293146,No
6286-SUUWT,0.45323841259827535,No
6286-ZHAOK,0.26733106932574696,No
6288-CHQJB,0.041109261644435575,No
6288-LBEAR,0.4708787526253032,No
6289-CPNLD,0.15745924862958555,No
6292-TOSSS,0.04255842777204556,No
6295-OSINB,0.211751933285873,No
6296-DDOOR,0.2644819350409349,No
6297-NOOPG,0.2008092129290478,No
6298-QDFNH,0.7343566510591634,Yes
6300-BWMJX,0.5690264337133599,Yes
6302-JGYRJ,0.18674237324890242,No
6303-KFWSL,0.24371485983674493,No
6304-IJFSQ,0.6692276655571471,Yes
6305-YLBMM,0.25793960726314996,No
6308-CQRBU,0.16030044627092946,No
6311-UEUME,0.6475388398298354,Yes
6313-GIDIT,0.6895811545127936,Yes
6317-YPKDH,0.7554176140686584,Yes
6319-IEJWJ,0.7819962653837124,Yes
6319-QSUSR,0.2182407296702158,No
6322-HRPFA,0.13333885895327452,No
6322-PJJDJ,0.33289337283454634,No
6323-AYBRX,0.02257042424276417,No
6326-MTTXK,0.867694016510777,Yes
6328-ZPBGN,0.8908234672943429,Yes
6330-JKLPC,0.7698356305298449,Yes
6331-EWIEB,0.7987178340260919,Yes
6331-LWDTQ,0.702900953896875,Yes
6332-FBZRI,0.07079969117460347,No
6333-YDVLT,0.3027631787230944,No
6338-AVWCY,0.8368092172120554,Yes
6339-DKLMK,0.6032384977676057,Yes
6339-RZCBJ,0.0730015591706831,No
6339-TBELP,0.0946516288380995,No
6339-YPSAH,0.8003575712597939,Yes
6340-DACFT,0.024935133790829542,No
6341-AEVKX,0.3345962036317905,No
6341-JVQGF,0.12591974587714785,No
6344-SFJVH,0.43861292261987284,No
6345-FZOQH,0.015932664229779278,No
6345-HOVES,0.39107453093819555,No
6345-ULYRW,0.43410105737380256,No
6347-DCUIK,0.7734610219065562,Yes
6348-SNFUS,0.04552822897079766,No
6349-JDHQP,0.026800209974809933,No
6350-XFYGW,0.92056366548035,Yes
6351-SCJKT,0.6263393646702774,Yes
6352-GIGGQ,0.14000901716884798,No
6352-TWCAU,0.6743366595774671,Yes
6353-BRMMA,0.6225406580928607,Yes
6356-ELRKD,0.9316335620866565,Yes
6357-JJPQT,0.9180236733132505,Yes
6358-LYNGM,0.9318583805272194,Yes
6360-SVNWV,0.48849240998450105,No
6362-QHAFM,0.5455030615341324,Yes
6365-HITVU,0.0230451795058874,No
6365-MTGZX,0.6747791235669947,Yes
6366-XIVKZ,0.4222128408288792,No
6366-ZGQGL,0.776568261401431,Yes
6368-NWMCE,0.31137217952591184,No
6368-TZZDT,0.06636406146801918,No
6369-MCAKO,0.05177915397922838,No
6370-ZVHDV,0.02922749093701728,No
6371-NZYEG,0.07405413785770674,No
6372-RFVNS,0.9055521638274613,Yes
6374-AFWOX,0.024500988172727525,No
6374-NTQLP,0.1045086996124524,No
6376-GAHQE,0.8231226657689958,Yes
6377-KSLXC,0.28374837177389445,No
6377-WHAOX,0.7104329550205897,Yes
6379-RXJRQ,0.7860795990698697,Yes
6380-ARCEH,0.45174360540245845,No
6383-ZTSIW,0.3698272798436158,No
6384-VMJHP,0.030648905137456432,No
6386-SZZKH,0.25363454321944784,No
6388-TABGU,0.05811125023912884,No
6390-DSAZX,0.8120467941334615,Yes
6393-WRYZE,0.7530932538872424,Yes
6394-HHHZM,0.43653645173822886,No
6394-MFYNG,0.7276755170836453,Yes
6397-JNZZG,0.5216851838314365,Yes
6400-BWQKW,0.81606906330397,Yes
6402-EJMWF,0.6276084984605722,Yes
6402-SSEJG,0.32488921075773464,No
6402-ZFPPI,0.7108411311268836,Yes
6407-GSJNL,0.041041253680195865,No
6407-UTSLV,0.908965183405573,Yes
6408-OTUBZ,0.21944262141162132,No
6408-WHTEF,0.041969169882240885,No
6410-LEFEN,0.5121182645877945,Yes
6413-XKKPU,0.6921112380822616,Yes
6416-JNVRK,0.1498738883923123,No
6416-TVAIH,0.8980823151981362,Yes
6416-YJTTB,0.6799885382502823,Yes
6418-HNFED,0.07333023222754664,No
6418-PIQSP,0.03647233866496958,No
6419-ZTTLE,0.18277847090240437,No
6421-SZVEM,0.3429212082570329,No
6424-ELEYH,0.9019027004755563,Yes
6425-JWTDV,0.02984986992264735,No
6425-YQLLO,0.4028545548360099,No
6427-FEFIG,0.1027908501404143,No
6429-SHBCB,0.5322107385621508,Yes
6432-TWQLB,0.8099588158056372,Yes
6434-TTGJP,0.13910644281402818,No
6435-SRWBJ,0.8362596022821274,Yes
6435-VWCCY,0.16756500556563117,No
6437-UDQJM,0.0866886120728402,No
6437-UKHMV,0.8304297093467699,Yes
6439-GTPCA,0.5712876894263432,Yes
6439-LAJXL,0.3844972917425407,No
6439-PKTRR,0.03468419079424622,No
6440-DKQGE,0.11802897840985183,No
6445-TNRXS,0.11844135891450917,No
6447-EGDIV,0.05266116177637682,No
6447-GORXK,0.2959602168164076,No
6457-GIRWB,0.907317128325301,Yes
6457-USBER,0.9324262784163053,Yes
6458-CYIDZ,0.7469277675324597,Yes
6461-PPAXN,0.07498357920955107,No
6461-SZMCV,0.04378346497907578,No
6463-HHXJR,0.0816594194431042,No
6463-MVYRY,0.04675460929650859,No
6464-KEXXH,0.6303003538186343,Yes
6465-GSRCL,0.28123253137841386,No
6467-CHFZW,0.7221038752697341,Yes
6469-MRVET,0.40571578017854776,No
6469-QJKZW,0.3875166258567151,No
6473-ULUHT,0.45870419644029947,No
6474-FVJLC,0.949556325105844,Yes
6475-VHUIZ,0.32266933951663757,No
6476-EPYZR,0.17451412827094692,No
6476-YHMGA,0.3910147030169277,No
6478-HRRCZ,0.08081194947612501,No
6479-OAUSD,0.06613040053642236,No
6479-SZPLM,0.02681955483214677,No
6479-VDGRK,0.02509366401715391,No
6480-YAGIY,0.22381260172996256,No
6481-ESCNL,0.6728622563518336,Yes
6481-LXPWL,0.20016619537020341,No
6481-OGDOO,0.22610829983503122,No
6483-OATDN,0.4027400294479793,No
6484-LATFU,0.02220486225877048,No
6485-QXWWE,0.023463921528504073,No
6486-LHTMA,0.5918863943405738,Yes
6490-FGZAT,0.2531137366814203,No
6496-JDSSB,0.7748447607660922,Yes
6496-SLWHQ,0.9654628197166577,Yes
6497-TILVL,0.32858891063746315,No
6500-JVEGC,0.21271651328607244,No
6502-HCJTI,0.8371336675161182,Yes
6502-KUGLL,0.20101253416696235,No
6502-MJQAE,0.9068084886553133,Yes
6504-VBLFL,0.057371611720704166,No
6505-OZNPG,0.23842257240477802,No
6506-EYCNH,0.15049835880532633,No
6507-DTJZV,0.44790568270923437,No
6507-ZJSUR,0.8290160237628873,Yes
6508-NJYRO,0.09942273999840466,No
6509-TSGWN,0.15345158116227867,No
6510-UPNKS,0.11410240699362208,No
6513-EECDB,0.9480775565321686,Yes
6516-NKQBO,0.052456095436534886,No
6518-KZXCB,0.047075663390574465,No
6518-LGAOV,0.757160933157889,Yes
6518-PPLMZ,0.03006703739151029,No
6519-CFDBX,0.7755560877521357,Yes
6519-ZHPXP,0.08146381037109271,No
6521-YYTYI,0.9573174593784829,Yes
6522-OIQSX,0.10188962521484796,No
6522-YRBXD,0.698778143563563,Yes
6527-PZFPV,0.07639882334499168,No
6532-YLWSI,0.06851016194634972,No
6537-OTKMY,0.5228435676329978,Yes
6537-QLGEX,0.6255179995165143,Yes
6538-POCHL,0.46427422474425883,No
6542-LWGXJ,0.7507843623380497,Yes
6543-CPZMK,0.6586047957234225,Yes
6543-JXSOO,0.10211573613268754,No
6543-XRMYR,0.8003496153181452,Yes
6546-OPBBH,0.10354623049217831,No
6549-BTYPG,0.08040835914458888,No
6549-NNDYT,0.4988323730045078,No
6549-YMFAW,0.3494973967413725,No
6551-GNYDG,0.7047224300961944,Yes
6551-VLJMV,0.022930436743268653,No
6551-ZCOTS,0.12745006361203462,No
6556-DBKZF,0.09108248169421684,No
6557-BZXLQ,0.7032493006143128,Yes
6559-ILWKJ,0.12042379082886809,No
6559-PDZLR,0.6867395251328281,Yes
6559-RAKOZ,0.5588374288328399,Yes
6563-VNPMN,0.3805433168589286,No
6563-VRERX,0.045617193116913334,No
6567-HOOPW,0.9388829038878407,Yes
6568-POCUI,0.18304987851681578,No
6569-KTMDU,0.45506525861964237,No
6572-ADKRS,0.48675193177795456,No
6574-MCOEH,0.2839937867920373,No
6575-SUVOI,0.35696181240976904,No
6576-FBXOJ,0.4460276607312373,No
6578-KRMAW,0.505394073154205,Yes
6579-JPICP,0.4505483849320667,No
6581-NQCBA,0.6902981040023174,Yes
6582-OIVSP,0.6369622630151481,Yes
6582-PLFUU,0.02532437233754114,No
6583-KQJLK,0.8422567461946526,Yes
6583-QGCSI,0.7708196984377467,Yes
6583-SZVGP,0.3278677384418289,No
6584-VQMYT,0.07274467300673183,No
6585-WCEWR,0.019321654150316555,No
6586-MYGKD,0.0623483761902387,No
6586-PSJOX,0.13255886221863028,No
6591-QGOYB,0.6162971704359081,Yes
6595-COKXZ,0.7036900050201065,Yes
6595-YGXIT,0.7661990725695297,Yes
6598-KELSS,0.23115101796333953,No
6598-RFFVI,0.28527880248052445,No
6599-CEBNN,0.44527900306205526,No
6599-GZWCM,0.419198604195626,No
6599-RCLCJ,0.6924598199388753,Yes
6599-SFQVE,0.6866913671382168,Yes
6603-QWSPR,0.17609874252474553,No
6603-YRDCJ,0.030120240444227883,No
6608-QQLVK,0.7909850542434783,Yes
6609-MXJHJ,0.03677028812364332,No
6614-FHDBO,0.11841925660353544,No
6614-VBEGU,0.4386138317014165,No
6614-YOLAC,0.04095716815801339,No
6614-YWYSC,0.037183342737888085,No
6615-NGGZJ,0.8574570961326126,Yes
6615-ZGEDR,0.45473406353666584,No
6616-AALSR,0.17653987034078045,No
6617-WLBQC,0.3153176088655238,No
6618-RYATB,0.9025271105100111,Yes
6619-RPLQZ,0.019563783082002958,No
6620-HVDUJ,0.15097529006629098,No
6620-JDYNW,0.4023217660842419,No
6621-NRZAK,0.01645165852038347,No
6621-YOBKI,0.28058843786430726,No
6624-JDRDS,0.5311979088095948,Yes
6625-FLENO,0.022905279548940373,No
6625-IUTTT,0.040813478993510184,No
6625-UTXEW,0.4846519683077233,No
6627-CFOSN,0.5770187970551416,Yes
6629-CZTTH,0.7731469221641002,Yes
6629-LADHQ,0.5758363216803702,Yes
6630-UJZMY,0.916416308019816,Yes
6631-HMANX,0.06358051770256322,No
6633-MPWBS,0.5594631796610191,Yes
6633-SYEUS,0.4489902973876135,No
6635-CPNUN,0.5572888648295191,Yes
6635-MYYYZ,0.1156148786846218,No
6637-KYRCV,0.6991533232919315,Yes
6641-XRPSU,0.4655014771305772,No
6645-MXQJT,0.8952098998047452,Yes
6646-JPPHA,0.6403139305134301,Yes
6646-QVXLR,0.5921674375852287,Yes
6646-VRFOL,0.8207807017820166,Yes
6647-ZEDXT,0.36122841827293545,No
6648-INWPS,0.23032841761491693,No
6650-BWFRT,0.10915173084483379,No
6650-VJONK,0.7339195328878946,Yes
6651-AZVTJ,0.791099322298469,Yes
6651-RLGGM,0.0192005862237745,No
6652-YFFJO,0.7088148401689792,Yes
6653-CBBOM,0.9042387233016739,Yes
6654-QGBZZ,0.45028157601510893,No
6655-LHBYW,0.3380656219992634,No
6656-GULJQ,0.050759192687614696,No
6656-JWRQX,0.6838908954253153,Yes
6661-EIPZC,0.3438710560956053,No
6661-HBGWL,0.7585375998014686,Yes
6663-JOCQO,0.14102605776731536,No
6664-FPDAC,0.552361830315813,Yes
6668-CNMFP,0.5051769424748518,Yes
6670-MFRPK,0.12583952261025164,No
6671-NGWON,0.24881877344058626,No
6674-KVJHG,0.23147036305062169,No
6680-NENYN,0.38015617841934746,No
6680-WKXRZ,0.8773056841848749,Yes
6681-ZSEXG,0.06705933215480622,No
6682-QJDGB,0.19145176785681867,No
6682-VCIXC,0.15156618548729922,No
6683-VLCTZ,0.8861720117144712,Yes
6685-GBWJZ,0.05726224496839927,No
6685-XSHHU,0.02431789741733308,No
6686-YPGHK,0.46902930738995224,No
6688-UZPWD,0.8881237450304702,Yes
6689-KXGBO,0.7081837648415229,Yes
6689-TCZHQ,0.8635917830572791,Yes
6689-VRRTK,0.5026545320365716,Yes
6691-CCIHA,0.08755880010069193,No
6692-UDPJC,0.7382168884052003,Yes
6692-YQHXC,0.6352232145079992,Yes
6693-DJWTY,0.06426175259230472,No
6693-FRIRW,0.671497415049579,Yes
6695-AMZUF,0.028125823596525275,No
6695-FRVEC,0.024550299920416206,No
6696-YDAYZ,0.03399010855310051,No
6698-OXETB,0.053016039280184744,No
6701-DHKWQ,0.04803355395015396,No
6701-YVNQG,0.052582294102186296,No
6702-OHFWR,0.9187086487749885,Yes
6704-UTUKK,0.641205970044035,Yes
6705-LNMDD,0.2359575342302753,No
6705-LXORM,0.8114660055945552,Yes
6710-HSJRD,0.6159923445447223,Yes
6711-FLDFB,0.8451821445825682,Yes
6711-VTNRE,0.6598881360420987,Yes
6712-OAWRH,0.7718051569371072,Yes
6713-OKOMC,0.4765428934193974,No
6715-OFDBP,0.7689234809422849,Yes
6718-BDGHG,0.19689201615376012,No
6719-FGEDO,0.06966248020417594,No
6719-OXYBR,0.7141253298693817,Yes
6723-CEGQI,0.03991139935724406,No
6723-WSNTY,0.3936230793353079,No
6725-TPKJO,0.023397419130335845,No
6726-NNFWD,0.11830822112754262,No
6726-WEXXK,0.5040014171175048,Yes
6727-IOTLZ,0.09985745836360727,No
6728-CZFEI,0.21220668314992053,No
6728-DKUCO,0.35892386109815455,No
6728-VOIFY,0.41950911120884654,No
6728-WYQBC,0.47759335006257153,No
6729-FZWSY,0.052586139729559354,No
6729-GDNGC,0.6556843491986909,Yes
6732-FZUGP,0.3032321852399529,No
6732-VAILE,0.05709187654563748,No
6733-LRIZX,0.2586778087458653,No
6734-CKRSM,0.4387393412710221,No
6734-FQAJX,0.15504581283416763,No
6734-GMPVK,0.8941608678980236,Yes
6734-JDTTV,0.021079338726682977,No
6734-PSBAW,0.03169697042255851,No
6736-DHUQI,0.12806603711563555,No
6738-ISCBM,0.4010512454129089,No
6741-EGCBI,0.657801513110246,Yes
6741-QRLUP,0.049698832617573636,No
6743-HHQPF,0.42154995195444933,No
6745-JEFZB,0.518224509293923,Yes
6746-WAUWT,0.11887528504470128,No
6749-UTDVX,0.25579448587251014,No
6752-APNJL,0.15146693650919796,No
6754-LZUKA,0.0905376501302683,No
6754-WKSHP,0.07373749319038983,No
6762-NSODU,0.021110578352213458,No
6762-QVYJO,0.0706440409455501,No
6765-MBQNU,0.08291339767392743,No
6766-HFKLA,0.2161067315305637,No
6769-DCQLI,0.3792784525132189,No
6769-DYBQN,0.585802453495331,Yes
6770-UAYGJ,0.03357205445530887,No
6770-XUAGN,0.5895509729208571,Yes
6771-XWBDM,0.6875690783877608,Yes
6772-KSATR,0.9117760138472554,Yes
6772-WFQRD,0.07743602564935713,No
6773-LQTVT,0.3917971239567071,No
6776-TLWOI,0.44309166211477613,No
6777-TGHTM,0.47260771293872483,No
6778-EICRF,0.20322417950998736,No
6778-JFCMK,0.31755688235478996,No
6778-YSNIH,0.8037854892897925,Yes
6784-XYJAE,0.24792306148313717,No
6786-OBWQR,0.8278986162484869,Yes
6789-HJBWG,0.4894951680853032,No
6791-YBNAK,0.4186227352615397,No
6794-HKIAJ,0.36294121660843526,No
6797-LNAQX,0.14756017581794303,No
6797-UCJHZ,0.396581039542159,No
6804-GDMOI,0.25272337365116687,No
6806-YDEUL,0.3282246590116152,No
6807-SIWJI,0.5704415114982623,Yes
6810-VCAEX,0.09895425247060363,No
6813-GZQCG,0.039218544458637546,No
6814-ZPWFQ,0.11998343943379002,No
6815-ABQFQ,0.49533210874485084,No
6817-WTYHE,0.6688968951491233,Yes
6818-DJXAA,0.7401506897076826,Yes
6818-WOBHJ,0.5996329006990477,Yes
6821-BUXUX,0.7623879965808571,Yes
6821-JPCDC,0.5855995570076439,Yes
6823-SIDFQ,0.06441634333193447,No
6825-UYPFK,0.6135594269083672,Yes
6827-IEAUQ,0.05670759129776714,No
6828-HMKWP,0.041452136762677304,No
6833-JMZYP,0.7747452797902382,Yes
6834-NXDCA,0.6437325122012981,Yes
6837-BJYDQ,0.2688674967217628,No
6837-HAEVO,0.24071656794137436,No
6838-HVLXG,0.19196545476816754,No
6838-YAUVY,0.22381500412801414,No
6839-ITVZJ,0.32586352043916716,No
6840-RESVB,0.2025393337338196,No
6844-DZKRF,0.642480151378072,Yes
6845-RGTYS,0.6324562854207919,Yes
6847-KJLTS,0.6836630869276739,Yes
6848-HJTXY,0.018985001786383855,No
6848-YLDFR,0.14294847696002144,No
6849-OYAMU,0.3803712689535941,No
6849-WLEYG,0.416458594819216,No
6851-WEFYX,0.8048946968544961,Yes
6854-EXGSF,0.5239551529490636,Yes
6855-VLGOS,0.019206489399380088,No
6856-RAURS,0.8939834266527953,Yes
6857-TKDJV,0.022583343759646636,No
6857-VWJDT,0.9228080607900784,Yes
6859-QNXIQ,0.1104620683404795,No
6859-RKMZJ,0.5606924344083098,Yes
6860-YRJZP,0.8705771135215973,Yes
6861-OKBCE,0.2165898468149533,No
6861-XWTWQ,0.932307921087486,Yes
6862-CQUMB,0.6437377555472608,Yes
6865-JZNKO,0.21754473129295734,No
6867-ACCZI,0.08598867504068117,No
6869-FGJJC,0.16652950213139653,No
6870-ECSHE,0.2653682170991991,No
6870-ZWMNX,0.036000253451772796,No
6872-HXFNF,0.10051632702161364,No
6873-UDNLD,0.3360216434933739,No
6874-SGLHU,0.42353960605637764,No
6876-ADESB,0.7173811329001998,Yes
6877-LGWXO,0.776752526194132,Yes
6877-TJMBR,0.9012278659080228,Yes
6878-GGDWG,0.12487322816487322,No
6885-PKOAM,0.043775807057728135,No
6888-SBYAI,0.6482313548815514,Yes
6890-PFRQX,0.396461802462245,No
6891-JPYFF,0.6389281295996344,Yes
6892-BOGQE,0.021756226155704713,No
6892-EZDTG,0.8801192048418983,Yes
6892-XPFPU,0.8374988790357532,Yes
6893-ODYYE,0.2108574436299393,No
6894-LFHLY,0.9438931194301783,Yes
6896-SRVYQ,0.5862479142877928,Yes
6897-RWMUB,0.023730231716283252,No
6897-UUBNU,0.36665104349996774,No
6898-MDLZW,0.3165912281504857,No
6898-RBTLU,0.0865887955027678,No
6899-PPEEA,0.8335572779699865,Yes
6900-PXRMS,0.7528114764329485,Yes
6900-RBKER,0.2912133396682413,No
6901-GOGZG,0.08990260936112066,No
6904-JLBGY,0.12956998870967396,No
6905-NIQIN,0.6143434857443514,Yes
6906-ANDWJ,0.7006597864391221,Yes
6906-MPARY,0.3158320392074748,No
6907-CQGPN,0.3292293497659394,No
6907-FLBER,0.7820156728708839,Yes
6907-NZZIJ,0.7963088632283452,Yes
6908-VVYHM,0.6339384203745929,Yes
6910-HADCM,0.8791190119349638,Yes
6916-HIJSE,0.04484848072766618,No
6917-FIJHC,0.02610871063899606,No
6917-IAYHD,0.6401611808465347,Yes
6917-YACBP,0.6182329388422927,Yes
6918-UMQCG,0.8086783453661321,Yes
6919-ELBGL,0.13091400871309805,No
6921-OZMFH,0.4988763832463072,No
6922-NCEDI,0.06293518896881162,No
6923-AQONU,0.028793946700205093,No
6923-EFPNL,0.5564331394048943,Yes
6923-JHPMP,0.8810999369907708,Yes
6924-TDGMT,0.15935653752109538,No
6925-BAYGL,0.047212909407210915,No
6927-WTFIV,0.5880540119017437,Yes
6928-ONTRW,0.013489355455279626,No
6933-FHBZC,0.14085301954502097,No
6933-VLYFX,0.23400652030031135,No
6937-GCDGQ,0.17704272027948784,No
6941-KXRRV,0.2767986692425589,No
6941-PMGEP,0.8681724026027953,Yes
6942-LBFDP,0.5091157424739797,Yes
6946-LMSQS,0.6089124785504956,Yes
6950-TWMYB,0.10020106001858473,No
6952-OMNWB,0.5331069215665419,Yes
6953-PBDIN,0.04123927574962851,No
6954-OOYZZ,0.4121450953409786,No
6956-SMUCM,0.906322720563003,Yes
6959-GQEGV,0.4324935561278941,No
6959-UWKHF,0.7936698500234788,Yes
6960-HVYXR,0.9083527309588808,Yes
6961-MJKBO,0.024375384839021293,No
6961-VCPMC,0.7093140631801138,Yes
6963-EZQEE,0.06851132240356365,No
6963-KQYQB,0.018736678861576667,No
6967-PEJLL,0.21494589130295566,No
6967-QIQRV,0.4400305508553828,No
6968-GMKPR,0.5553490333548158,Yes
6968-MHOMU,0.35280294014822855,No
6968-URWQU,0.17294006177304383,No
6969-MVBAI,0.894761968265487,Yes
6972-SNKKW,0.25383045050034575,No
6974-DAFLI,0.08962822285596779,No
6976-BWGLQ,0.019588825116328677,No
6979-TNDEU,0.24946111652801947,No
6979-ZNSFF,0.8651575812428807,Yes
6980-CDGFC,0.057796779919986205,No
6980-IMXXE,0.0151080028265079,No
6981-TDRFT,0.3498764956287764,No
6982-SSHFK,0.6449857346112632,Yes
6982-UQZLY,0.5784132024443334,Yes
6985-HAYWX,0.5302465858791018,Yes
6986-IJDHX,0.4948231599386678,No
6986-IXNDM,0.8173114575828634,Yes
6987-XQSJT,0.696445973392127,Yes
6988-CJEYV,0.7419526921286298,Yes
6990-YNRIO,0.11251741435707431,No
6992-TKNYO,0.1974555422831815,No
6993-OHLXR,0.8757685390787584,Yes
6993-YCOBK,0.19909942046922927,No
6993-YGFJV,0.13918979740645818,No
6994-FGRHH,0.2778168663672285,No
6994-KERXL,0.7186989926409455,Yes
6994-ORCWG,0.2786543174418418,No
6996-KNSML,0.90898653391612,Yes
6997-UVGOX,0.025969860010084667,No
6999-CHVCF,0.13946865816090928,No
7000-WCEVQ,0.5787038802152218,Yes
7005-CCBKV,0.8437041230160934,Yes
7005-CYUIL,0.11036481879239324,No
7008-LZVOZ,0.02822882583565494,No
7009-LGECI,0.5044856836098985,Yes
7009-PCARS,0.0583007030381078,No
7010-BRBUU,0.019270957164016556,No
7010-ZMVBF,0.15345168310765692,No
7011-CVEUC,0.5931537604286344,Yes
7013-PSXHK,0.24900640037621727,No
7014-ZZXAW,0.029691055262397514,No
7016-BPGEU,0.4014723652024014,No
7016-NVRIC,0.35953418268721854,No
7017-VFHAY,0.10130013240911818,No
7017-VFULY,0.4815212612068959,No
7018-FPXHH,0.04572833117956104,No
7018-WBJNK,0.6766980426197933,Yes
7020-OZKXZ,0.710011417958933,Yes
7021-XSNYE,0.15744378584095178,No
7024-OHCCK,0.9684399115876041,Yes
7025-IWFHT,0.36051599924575206,No
7025-WCBNE,0.05653150912210671,No
7026-YMSBE,0.056166032801606966,No
7028-DVOIQ,0.8074070300953687,Yes
7029-IJEJK,0.1764462356998721,No
7029-RPUAV,0.8513749726503439,Yes
7030-FZTFM,0.09645933707417556,No
7030-NJVDP,0.5863763243624287,Yes
7032-LMBHI,0.18559023839005911,No
7033-CLAMM,0.027888274427776652,No
7036-TYDEC,0.1810751049490417,No
7036-ZZKBD,0.28557473242571374,No
7037-MTYVW,0.10008742180656685,No
7041-TXQJH,0.5398318810318675,Yes
7044-YAACC,0.857359327604114,Yes
7047-FWEYA,0.5117523398671143,Yes
7047-YXDMZ,0.1642459943418383,No
7048-GXDAY,0.7297972036541966,Yes
7049-GKVZY,0.17248205715732975,No
7054-DMVAS,0.06298202743524302,No
7054-ENNGU,0.38353627977975063,No
7054-LGEQW,0.6333268953438399,Yes
7055-HNEOJ,0.6324015653935143,Yes
7055-JCGNI,0.12640534196439066,No
7055-VKGDA,0.28937274980602995,No
7056-IMHCC,0.8030306007742943,Yes
7061-OVMIM,0.055461312016362944,No
7064-FRRSW,0.6917185756022177,Yes
7064-JHXCE,0.017021127801885992,No
7065-YUNRY,0.6993946984262556,Yes
7067-KSAZT,0.5529478894125768,Yes
7072-MBHEV,0.8043974351436125,Yes
7073-QETQY,0.06996962115095959,No
7074-IEVOJ,0.9351641280973011,Yes
7074-STDCN,0.5287201593076671,Yes
7075-BNDVQ,0.5483863788086566,Yes
7077-XJMET,0.6014869660990182,Yes
7078-NVFAM,0.3590875575038453,No
7079-QRCBC,0.8165352755402203,Yes
7080-TNUWP,0.31829303056521896,No
7083-MIOPC,0.015023566360145992,No
7083-YNSKY,0.3061110235559622,No
7088-FBAWU,0.3417299370469694,No
7089-IVVAZ,0.8092741132035646,Yes
7089-RKVSZ,0.16139777402235217,No
7089-XXAYG,0.3266274618364794,No
7094-MSZAO,0.28209955551852467,No
7096-UCLNH,0.45264038698700143,No
7096-ZNBZI,0.020803237049212015,No
7100-FQPRV,0.14697838101889876,No
7101-HRBLJ,0.03437663297128427,No
7102-JJVTX,0.18390149181682694,No
7103-IPXPJ,0.5111393646483925,Yes
7103-ZGVNT,0.061338148312060754,No
7105-BENQF,0.1852190465041309,No
7105-MXJLL,0.20532018605522454,No
7107-UBYKY,0.21860142531366772,No
7108-DGVUU,0.3368891556797274,No
7109-CQYUZ,0.08765435146068387,No
7109-MFBYV,0.3118829636845279,No
7110-BDTWG,0.10130809105670838,No
7112-OPOTK,0.5071751243325774,Yes
7113-HIPFI,0.01497603563027523,No
7114-AEOZE,0.021205843730365735,No
7115-IRDHS,0.023099401924961436,No
7120-RFMVS,0.9292662514954102,Yes
7123-WQUHX,0.35182179414040404,No
7124-UGSUR,0.49994895733357453,No
7126-RBHSD,0.6803911373293088,Yes
7128-GGCNO,0.5222425083939938,Yes
7129-ACFOG,0.664269740669911,Yes
7129-AZJDE,0.35955286738049064,No
7129-CAKJW,0.6614747286672047,Yes
7130-CTCUS,0.3942267829482213,No
7130-VTEWQ,0.867000099147716,Yes
7130-YXBRO,0.6907674670240074,Yes
7131-ZQZNK,0.06286450902055404,No
7133-VBDCG,0.4513218871929625,No
7134-HBPBS,0.18529666906917178,No
7134-MJPDY,0.41543667670393486,No
7136-IHZJA,0.195012322051839,No
7136-RVDTZ,0.38366141733330833,No
7137-NAXML,0.08833138283984916,No
7137-RYLPP,0.7875804351846944,Yes
7138-GIRSH,0.08999848736621782,No
7139-JZFVG,0.027260958113243722,No
7140-ADSMJ,0.3154669879871992,No
7142-HVGBG,0.8198550071776989,Yes
7143-BQIBA,0.36895957124877604,No
7145-FEJWU,0.8494955957879812,Yes
7147-AYBAA,0.5178492609288573,Yes
7148-XZPHA,0.38157197243602253,No
7153-CHRBV,0.07694131662450952,No
7153-OANIO,0.8791721525228435,Yes
7156-MHUGY,0.8593743766123798,Yes
7156-MXBJE,0.18351897185889612,No
7157-SMCFK,0.016047853703145824,No
7159-FVYPK,0.7958396691011265,Yes
7159-NOKYQ,0.249946167274643,No
7161-DFHUF,0.02144045969798969,No
7162-WPHPM,0.03011511656576772,No
7163-OCEQI,0.30290236540668136,No
7164-BPTUT,0.05132411261154679,No
7167-PCEYD,0.02144377006812164,No
7168-HDQHG,0.1365378472732148,No
7169-YWAMK,0.018379158712060247,No
7173-TETGO,0.10591283566622742,No
7175-NTIXE,0.29788380362980243,No
7176-WIONM,0.7232923234799605,Yes
7176-WRTNX,0.12583953155066413,No
7180-PISOG,0.9241081563445768,Yes
7181-BQYBV,0.9505626517283032,Yes
7181-OQCUT,0.6997280254099885,Yes
7182-OVLBJ,0.18428230321354205,No
7184-LRUUR,0.1960294858739294,No
7188-CBBBA,0.40704255637339687,No
7190-XHTWJ,0.06501500171187012,No
7191-ADRGF,0.14727810554275397,No
7196-LIWRH,0.05966479701941751,No
7197-VOJMM,0.033860157706599066,No
7198-GLXTC,0.9003027805785042,Yes
7203-OYKCT,0.454704507738421,No
7205-BAIAD,0.03693417104277802,No
7206-GZCDC,0.9240192581979967,Yes
7206-PQBBZ,0.8200981511812508,Yes
7207-RMRDB,0.6516142971784122,Yes
7208-PSIHR,0.17615507996393684,No
7209-JCUDS,0.8752949757492323,Yes
7216-EWTRS,0.9705270929031121,Yes
7216-KAOID,0.06112783651834054,No
7217-JYHOQ,0.22178956470552344,No
7218-HKQFK,0.9280694827461605,Yes
7219-TLZHO,0.25437104322350007,No
7225-CBZPL,0.8899217387652928,Yes
7225-IILWY,0.01903408969146835,No
7228-OMTPN,0.8998710060961586,Yes
7228-PAQPD,0.20340376693862033,No
7233-DRTRF,0.7171823949058552,Yes
7233-IOQNP,0.24570957440634045,No
7233-PAHHL,0.05470985436218358,No
7234-FECYN,0.9021807438567239,Yes
7234-KMNRQ,0.29246937855973953,No
7235-NXZCP,0.9163514131486586,Yes
7239-HZZCX,0.4544348671223142,No
7240-ETPTR,0.8298307517789342,Yes
7240-FQLHE,0.7581468401290253,Yes
7241-AJHFS,0.35561918510608004,No
7242-EDTYC,0.022952965714453908,No
7242-QZLXF,0.8417124624339777,Yes
7243-LCGGZ,0.4443149763751067,No
7244-KXYZN,0.06597341705172437,No
7244-QWYHG,0.21849363465693167,No
7245-JMTTQ,0.532251268172198,Yes
7245-NIIWQ,0.900206960995828,Yes
7246-ZGQDF,0.5747460453164406,Yes
7247-XOZPB,0.1290032855227605,No
7248-VZQLC,0.6048494133407143,Yes
7249-WBIYX,0.8657411202904537,Yes
7250-EQKIY,0.6175803368700958,Yes
7251-LJBQN,0.5423329494545099,Yes
7251-XFOIL,0.5208693102887111,Yes
7252-NTGSS,0.637798992888596,Yes
7253-UVNDW,0.036457586091601275,No
7254-IQWOZ,0.9067064606405228,Yes
7255-SSFBC,0.12648263591674577,No
7266-GSSJX,0.354893433275967,No
7267-FRMJW,0.022424891843530498,No
7268-IGMFD,0.694312717321547,Yes
7268-WNTCP,0.017851239798154797,No
7269-JISCY,0.12488903274110624,No
7270-BDIOA,0.729829002572293,Yes
7271-AJDTL,0.6192238734020092,Yes
7272-QDCKA,0.5380607944278927,Yes
7273-TEFQD,0.9179406170190695,Yes
7274-CGTOD,0.0513415462828286,No
7274-RTAPZ,0.9459890411367353,Yes
7277-KAMWT,0.04427626960913371,No
7277-OZCGZ,0.6398212079068831,Yes
7278-CKDNC,0.7220912243220994,Yes
7279-BUYWN,0.7593264537436529,Yes
7279-NMVJC,0.09977391271582528,No
7284-BUYEC,0.7653785043058606,Yes
7284-ZZLOH,0.043233538702057865,No
7285-KLOTR,0.44696170485611764,No
7291-CDTMJ,0.5557428485448657,Yes
7293-LSCDV,0.023686334134168346,No
7294-TMAOP,0.9287526787416893,Yes
7295-JOMMD,0.8092938394443043,Yes
7296-PIXQY,0.6331872269542468,Yes
7297-DVYGA,0.09236512463132687,No
7298-IZWLY,0.5236692566203313,Yes
7299-GNVPL,0.31615854120244447,No
7301-ABVAD,0.04805262595921836,No
7302-ZHMHP,0.4547660260374518,No
7305-ZWMAJ,0.059690649764434556,No
7306-YDSOI,0.02944495634399402,No
7310-EGVHZ,0.4821112524937244,No
7311-MQJCH,0.21824833843878005,No
7312-XSBAT,0.6864754025208983,Yes
7314-OXENN,0.9211260720253966,Yes
7315-WYOAW,0.7881373662340675,Yes
7317-GGVPB,0.15286838718582213,No
7318-EIVKO,0.7223696558199024,Yes
7319-VENRZ,0.4431902022941273,No
7319-ZNRTR,0.08310368665247382,No
7321-KKSDU,0.018666183220349186,No
7321-PKUYW,0.7700041819281052,Yes
7321-VGNKU,0.9027314325980682,Yes
7321-ZNSLA,0.0673414979789333,No
7322-OCWHC,0.09588171137596817,No
7325-ENZFI,0.15567658604974263,No
7326-RIGQZ,0.777264727015971,Yes
7328-OWMOM,0.04918922525047755,No
7328-ZJAJO,0.020861200236451105,No
7330-WZLNC,0.8765737363847326,Yes
7336-RLLRH,0.1623753969424028,No
7337-CINUD,0.05689803987113059,No
7338-ERIVA,0.1440609728794513,No
7339-POGZN,0.6492950642725129,Yes
7340-KEFQE,0.05344444657428155,No
7341-LXCAF,0.8729904567556023,Yes
7343-EOBEU,0.6149517301884683,Yes
7346-MEDWM,0.6324525510325317,Yes
7349-ALMUX,0.03337863740364849,No
7351-KYHQH,0.6883618417123393,Yes
7351-MHQVU,0.49666676143063393,No
7353-YOWFP,0.13194473087979697,No
7354-OIJLX,0.8375196335318829,Yes
7356-AYNJP,0.2911760258177864,No
7356-IWLFW,0.5198242359451533,Yes
7359-PTSXY,0.730309267791428,Yes
7359-SSBJK,0.03690788651380294,No
7359-WWYJV,0.09142883673018695,No
7361-YPXFS,0.2770991152620445,No
7363-QTBIW,0.8472665226689557,Yes
7365-BVCJH,0.8638106435513875,Yes
7369-TRPFD,0.08851693208541504,No
7375-WMVMT,0.11163796742071083,No
7377-DMMRI,0.7475449381433852,Yes
7379-FNIUJ,0.902304696296905,Yes
7379-POKDZ,0.9033847252299383,Yes
7382-DFJTU,0.2649306811549614,No
7384-GHBPI,0.8988894774480344,Yes
7389-KBFIT,0.7566406499181235,Yes
7392-YYPYJ,0.8306142131975209,Yes
7394-FKDNK,0.8411963553985754,Yes
7394-LWLYN,0.9009429519018413,Yes
7395-IGJOS,0.7077872723853691,Yes
7395-XWZOY,0.412783831682411,No
7396-VJUZB,0.430050299800318,No
7398-HPYZQ,0.04153285031987706,No
7398-LXGYX,0.5331608212299687,Yes
7398-SKNQZ,0.9478520013424199,Yes
7399-QHBJS,0.01778089361754847,No
7401-JIXNM,0.05697096475584188,No
7401-RUBNK,0.5913194964581726,Yes
7402-EYFXX,0.8376122970616349,Yes
7402-PWYJJ,0.4940948009438093,No
7404-JLKQG,0.7828920281374134,Yes
7407-SUJIZ,0.1244045174021697,No
7408-OFWXJ,0.03317160285893992,No
7409-JURKQ,0.4469309077775602,No
7409-KIUTL,0.9089975758259895,Yes
7410-KTVFV,0.3922693186575392,No
7410-OIEDU,0.6624633545864753,Yes
7410-YTJIK,0.7219450191553841,Yes
7416-CKTEP,0.03527533122691639,No
7421-ZLUPA,0.5941184390587336,Yes
7422-WNBTY,0.726904341107182,Yes
7426-GSWPO,0.6180812638281779,Yes
7426-RHZGU,0.7774551148126357,Yes
7426-WEIJX,0.5632365361846458,Yes
7427-AUFPY,0.026675151636010672,No
7432-FFVAR,0.23560184539504844,No
7434-SHXLS,0.4443149763751067,No
7435-ZNUYY,0.13530003354009362,No
7439-DKZTW,0.9230683516873162,Yes
7442-YGZFK,0.7824676402165277,Yes
7445-WMRBW,0.2117845430490863,No
7446-KQISO,0.21421014343889255,No
7446-SFAOA,0.09760215960696968,No
7446-YPODE,0.48265549767424115,No
7449-HVPIV,0.6061315602885453,Yes
7450-NWRTR,0.9046224655941559,Yes
7452-FOLON,0.08328070269349673,No
7459-IMVYU,0.2636285263824824,No
7459-RRWQZ,0.5376871412760676,Yes
7460-ITWWP,0.7159923270993529,Yes
7463-IFMQU,0.016492626109931567,No
7465-ZZRVX,0.905267514366558,Yes
7469-LKBCI,0.042497030036254296,No
7470-DYNOE,0.28358604860401776,No
7470-MCQTK,0.7233209077487356,Yes
7471-MQPOS,0.14831249363785498,No
7471-WNSUF,0.07467423894839217,No
7472-EQOAV,0.1750161133732794,No
7473-ZBDSN,0.03663952046606905,No
7479-NITWS,0.8358747687656958,Yes
7480-QNVZJ,0.8317809961425207,Yes
7480-SPLEF,0.027413747673471878,No
7481-ATQQS,0.7431022349179641,Yes
7483-IQWIB,0.7168995188081934,Yes
7486-KSRVI,0.5430826181745938,Yes
7488-MXJIV,0.8891168349241574,Yes
7492-TAFJD,0.13504721361678937,No
7493-GVFIO,0.02434122506387994,No
7493-TPUWZ,0.926382141640143,Yes
7495-OOKFY,0.8072057395894243,Yes
7501-IWUNG,0.06338458526331688,No
7501-VTYLJ,0.5633162957523654,Yes
7502-BNYGS,0.376613116807267,No
7503-EPSZW,0.028340179299676957,No
7503-MIOGA,0.06585655548233169,No
7503-QQRVF,0.671443250547191,Yes
7503-ZGUZJ,0.918516681010773,Yes
7504-UWHNB,0.5482699061277977,Yes
7508-DQAKK,0.06509189572931835,No
7508-KBIMB,0.12478858170542913,No
7508-MYBOG,0.8238374094687363,Yes
7508-SMHXL,0.7294148773458193,Yes
7511-YMXVQ,0.8152912241015414,Yes
7515-LODFU,0.020393579760696525,No
7516-GMHUV,0.34760337117209295,No
7517-LDMPS,0.7830090727708993,Yes
7517-SAWMO,0.659858854453188,Yes
7519-JTWQH,0.15563848559580706,No
7520-HQWJU,0.18593288459720983,No
7521-AFHAB,0.42614480990070197,No
7521-YXVZY,0.40378532247332,No
7524-VRLPL,0.04747010834778639,No
7526-BEZQB,0.874018955374552,Yes
7526-IVLYU,0.5152937083948741,Yes
7527-QNRUS,0.061050667933211115,No
7529-ZDFXI,0.758355880612443,Yes
7530-HDYDS,0.4325159302983232,No
7531-GQHME,0.20549304997555984,No
7534-BFESC,0.7376208746247287,Yes
7537-CBQUZ,0.6264040087119312,Yes
7537-RBWEA,0.7996898308710743,Yes
7538-GWHML,0.876435369333066,Yes
7541-YLXCL,0.1565901611978091,No
7542-CYDDM,0.17388166719700357,No
7544-ZVIKX,0.41821869244437765,No
7547-EKNFS,0.642020664931187,Yes
7548-SEPYI,0.8797524487058139,Yes
7549-MYGPK,0.5192879400134731,Yes
7550-WIQVA,0.5528703201240311,Yes
7551-DACSP,0.4488568326244829,No
7551-JOHTI,0.45267232449783024,No
7552-KEYGT,0.028818231708780045,No
7554-AKDQF,0.4302120052577106,No
7554-NEWDD,0.08311543239042643,No
7558-IMLMT,0.01846235794595414,No
7560-QJAVJ,0.03392434640168803,No
7560-QRBXH,0.0585970538106953,No
7562-GSUHK,0.6840784573797583,Yes
7562-UXTPG,0.6316073200650152,Yes
7563-BIUPC,0.850390292907545,Yes
7564-GHCVB,0.07369849791799833,No
7566-DSRLQ,0.1937126695246886,No
7567-ECMCM,0.6232752943432073,Yes
7568-PODML,0.8812770502558231,Yes
7569-NMZYQ,0.09636986757409227,No
7570-WELNY,0.10689221606779939,No
7571-YXDAD,0.8725240486348111,Yes
7572-KPVKK,0.23397171635817818,No
7576-ASEJU,0.14346738407896092,No
7576-JMYWV,0.6452347095312717,Yes
7576-OYWBN,0.9408574387209155,Yes
7577-SWIFR,0.9475698724900409,Yes
7579-KKLOE,0.04095293489133301,No
7579-OOPEC,0.6843223636592414,Yes
7580-UGXNC,0.6065588929009891,Yes
7581-EBBOU,0.10110545566888461,No
7586-ZATGZ,0.7303778249843722,Yes
7587-AOVVU,0.4716233915105526,No
7587-RZNME,0.7833341042657466,Yes
7590-VHVEG,0.8520588281129459,Yes
7593-JNWRU,0.49770355801477384,No
7593-XFKDI,0.6344172125835595,Yes
7594-LZNWR,0.46003040668578454,No
7594-RQHXR,0.92314222674586,Yes
7595-EHCDL,0.4380401629193464,No
7595-EUIVN,0.8640871170180439,Yes
7596-IIWYC,0.03574590430976965,No
7596-LDUXP,0.4595467694302233,No
7596-ZYWBB,0.02257532729081302,No
7598-UAASY,0.880632088768468,Yes
7599-FKVXZ,0.6692059514974739,Yes
7599-NTMDP,0.04054075309077087,No
7601-DHFWZ,0.04248546229508932,No
7601-GNDYK,0.01831876760496102,No
7601-WFVZV,0.4556318480608186,No
7602-DBTOU,0.015137002843652577,No
7602-MVRMB,0.11566596948974085,No
7603-USHJS,0.7040874281215005,Yes
7605-BDWDC,0.08423101668952314,No
7605-SNLQG,0.2814482666047305,No
7606-BPHHN,0.02033643799125264,No
7607-QKKTJ,0.417911324074189,No
7608-RGIRO,0.028973893047197413,No
7609-NRNCA,0.08980848813684267,No
7609-YBPXG,0.07461387287430264,No
7610-TVOPG,0.3862260640665995,No
7611-YKYTC,0.45042921566176103,No
7613-LLQFO,0.8332406570897898,Yes
7614-QVWQL,0.3450578480560208,No
7615-ESMYF,0.8975220047266795,Yes
7617-EYGLW,0.5636962527647735,Yes
7619-ODSGN,0.32084681231937273,No
7619-PLRLP,0.186772170091691,No
7621-VPNET,0.5151499391914874,Yes
7622-FWGEW,0.08004289971637826,No
7622-NXQZR,0.33418407228438607,No
7623-HKYRK,0.22949729754161066,No
7623-TRNQN,0.5967344757269863,Yes
7625-XCQRH,0.8251518479070825,Yes
7627-JKIAZ,0.6376705163706868,Yes
7629-WFGLW,0.3049052053381703,No
7629-WIXZF,0.43877545946684443,No
7632-MNYOY,0.30890314827589876,No
7632-YUTXB,0.05452490971635029,No
7633-MVPUY,0.04905237289551731,No
7634-HLQJR,0.02029650352768965,No
7634-WSWDB,0.7156435773299178,Yes
7636-OWBPG,0.5932533843974469,Yes
7636-PEPNS,0.12350510114956981,No
7636-XUHWW,0.5323515825301076,Yes
7638-QVMVY,0.8308093637169331,Yes
7639-LIAYI,0.09814156071786442,No
7639-OPLNG,0.03544031043737329,No
7639-SUPCW,0.314534722494653,No
7641-EUYET,0.646773615529617,Yes
7641-TQFHN,0.17902421681397923,No
7643-RCHXS,0.024000521831518053,No
7644-OMVMY,0.11683408122917406,No
7647-GYYKX,0.03189323283726905,No
7649-PHJVR,0.1255717441981721,No
7649-SIJJF,0.04027542872604251,No
7654-YWJUF,0.2292427365671177,No
7657-DYEPJ,0.17533955673682067,No
7658-UYUQS,0.6646340517650211,Yes
7660-HDPJV,0.9065130289146788,Yes
7661-CPURM,0.42015704384629005,No
7663-CUXZB,0.19470388473786238,No
7663-RGWBC,0.7079229124420225,Yes
7663-YJHSN,0.09074752852059845,No
7663-ZTEGJ,0.2866705195703123,No
7665-NKLAV,0.053898017687471836,No
7665-TOALD,0.9056916685071879,Yes
7665-VIGUD,0.1251690764821808,No
7666-WKRON,0.1756419875870057,No
7668-XCFYV,0.8946842840101984,Yes
7669-LCRSD,0.4231650122019415,No
7670-ZBPOQ,0.12153124246488288,No
7672-VFMXZ,0.1878643218331206,No
7673-BQGKU,0.015138638992021435,No
7673-LPRNY,0.4444876350188311,No
7674-YTAFD,0.2204404136181353,No
7675-OZCZG,0.7641058174312159,Yes
7677-SJJJK,0.12495740575811773,No
7682-AZNDK,0.5679919300396619,Yes
7683-CBDKJ,0.43995122336054204,No
7684-XSZIY,0.020337032865277757,No
7688-AWMDX,0.01949736949042144,No
7690-KPNCU,0.14290715553313335,No
7691-KGKGP,0.17907372941716077,No
7691-XVTZH,0.17873588792257994,No
7693-LCKZL,0.8356864886716661,Yes
7693-QPEFS,0.6763415171618584,Yes
7694-VLBWQ,0.4304409318034491,No
7695-PKLCZ,0.016374273315067786,No
7696-AMHOD,0.1731868623888197,No
7696-CFTAT,0.027504305940909746,No
7698-YFGEZ,0.4529393828117011,No
7703-ZEKEF,0.7504683536009508,Yes
7706-DZNKK,0.3009902476986912,No
7706-YLMQA,0.04141876194851891,No
7707-PYBBH,0.16055626547371024,No
7710-JSYOA,0.11938828231018137,No
7711-GQBZC,0.020292553649616542,No
7711-YIJWC,0.08067452248133923,No
7714-YXSMB,0.7473561121809141,Yes
7716-YTYHG,0.4892920550828168,No
7717-BICXI,0.01653876189038638,No
7718-RXDGG,0.6684762351613902,Yes
7718-UPSKJ,0.19085949272157388,No
7721-DVEKZ,0.45177553186366926,No
7721-JXEAW,0.4636741311778924,No
7722-CVFXN,0.4835187929693137,No
7722-VJRQD,0.04930441611858021,No
7727-SHVZV,0.26593625819804634,No
7729-JTEEC,0.7612608919660039,Yes
7729-XBTWX,0.019412308685916046,No
7730-CLDSV,0.11362656327869684,No
7730-IUTDZ,0.5277478150959372,Yes
7733-UDMTP,0.6619737830854684,Yes
7734-DBOAI,0.7893460977846126,Yes
7739-LAXOG,0.6381600251566872,Yes
7740-BTPUX,0.3355883486497615,No
7740-KKCXF,0.41477318904777377,No
7742-MYPGI,0.39094957667411995,No
7743-EXURX,0.5658764206071499,Yes
7746-AWNQW,0.32282187110506655,No
7746-QYVCO,0.149155652982531,No
7748-UMTRK,0.7256932989335413,Yes
7750-EYXWZ,0.4345635348900396,No
7752-XUSCI,0.7058393054898588,Yes
7753-USQYQ,0.19689384161252457,No
7754-IXRMC,0.6366831683652626,Yes
7758-UJWYS,0.11147891382908678,No
7758-XKCBS,0.5535562297697821,Yes
7760-OYPDY,0.9188694056226133,Yes
7762-ONLJY,0.1216610890846285,No
7762-URZQH,0.19064765329691052,No
7764-BDPEE,0.39849768993494383,No
7765-LWVVH,0.13267732623743073,No
7766-CLTIC,0.47719561999429433,No
7767-UXAGJ,0.8366081734284718,Yes
7771-CFQRQ,0.04154121462328315,No
7771-ZONAT,0.1612611408043913,No
7774-OJSXI,0.6083929169033849,Yes
7776-QGYJC,0.4219766553478799,No
7776-QWNFX,0.31720810574652797,No
7777-UNYHB,0.2289071158073119,No
7779-LGOVN,0.9017482032829754,Yes
7779-ORAEL,0.0727447872916916,No
7780-OTDSO,0.8329163585750836,Yes
7781-EWARA,0.17851681236478856,No
7781-HVGMK,0.055023162404151345,No
7783-YKGDV,0.7553198147233368,Yes
7785-RDVIG,0.41112273242574476,No
7786-WBJYI,0.7736408068262396,Yes
7787-BNTZM,0.28075027007345754,No
7789-CRUVC,0.4099783007536082,No
7789-HKSBS,0.5628017261690399,Yes
7794-JASDG,0.6479561354435255,Yes
7795-CFOCW,0.11822075225568728,No
7797-EJMDP,0.3927885779782498,No
7798-JVXYM,0.568569911246558,Yes
7799-DSEWS,0.4164416991722088,No
7799-LGRDP,0.045101502554521486,No
7801-CEDNV,0.10643000789394867,No
7801-KICAO,0.7715881924941634,Yes
7802-EFKNY,0.7525598827075093,Yes
7803-XOCCZ,0.36896559444216775,No
7808-DVWEP,0.4772621342253053,No
7811-JIVPF,0.30427094314992564,No
7812-FZHPE,0.21319253216489867,No
7813-TKCVO,0.08520240358302102,No
7813-ZGGAW,0.6153126841114325,Yes
7814-LEEVE,0.5557431359011568,Yes
7815-PDTHL,0.0268805418645145,No
7816-VGHTO,0.12035443814113511,No
7817-BOQPW,0.9292946685211221,Yes
7817-OMJNA,0.1063219794910902,No
7820-ZYGNY,0.29940319593140385,No
7821-DPRQE,0.5431473482388003,Yes
7823-JSOAG,0.9079111056475441,Yes
7824-PANSQ,0.4185640768961281,No
7825-ECJRF,0.7016822397990774,Yes
7825-GKXMW,0.7274732072638627,Yes
7826-VVKWT,0.3734036065778339,No
7831-QGOXH,0.8049839873915794,Yes
7833-PKIHD,0.15178815561517445,No
7838-LAZFO,0.1591960847695598,No
7839-NUIAA,0.216272952767533,No
7839-QRKXN,0.5188510546681314,Yes
7841-FCRQD,0.09974578518119884,No
7841-TZDMQ,0.7051755107006062,Yes
7845-URHJN,0.2737797626848367,No
7850-THJMU,0.023570185833512298,No
7850-VWJUU,0.5441178716364804,Yes
7851-FLGGQ,0.7966933715098022,Yes
7851-WZEKY,0.9603507704440927,Yes
7852-LECYP,0.7323461050465003,Yes
7853-GVUDZ,0.5034591150733978,Yes
7853-OETYL,0.7154966763017425,Yes
7853-WNZSY,0.5405017078677915,Yes
7854-EDSSA,0.389964492496912,No
7854-EKTJL,0.5843274512428844,Yes
7854-FOKSF,0.8706985878574945,Yes
7855-DIWPO,0.6925307344222859,Yes
7856-GANIL,0.41784833114438674,No
7858-GTZSP,0.8439058069914306,Yes
7860-KSUGX,0.027361921529975075,No
7860-UXCRM,0.021754016800373355,No
7861-UVUFT,0.776928732912003,Yes
7868-BGSZA,0.35258918024460995,No
7868-TMWMZ,0.14602068470997434,No
7869-ZYDST,0.4077544230402804,No
7872-BAAZR,0.0611269967504663,No
7872-RDDLZ,0.3021993904119123,No
7873-CVMAW,0.03919681777061813,No
7874-ECPQJ,0.3387843877007352,No
7876-AEHIG,0.19777703162772656,No
7876-BEUTG,0.47828209206578753,No
7876-DNYAP,0.01439693617574281,No
7878-JGDKK,0.47315053844449134,No
7878-RTCZG,0.45028157601510893,No
7879-CGSFV,0.3385214699187718,No
7880-XSOJX,0.4185486306368492,No
7881-EVUAD,0.8677781236907901,Yes
7881-INRLC,0.6740768851674523,Yes
7883-ROJOC,0.3080775922864804,No
7890-VYYWG,0.857829384231642,Yes
7892-POOKP,0.7438145860877241,Yes
7892-QVYKW,0.7330490302818106,Yes
7893-IXHRQ,0.5571562105515655,Yes
7895-VONWT,0.6786538088328604,Yes
7898-PDWQE,0.03230907204399355,No
7901-HXJVA,0.667339172859404,Yes
7901-IIDQV,0.1425137163438465,No
7901-TBKJX,0.8126779128683043,Yes
7903-CMPEY,0.9325046057761127,Yes
7905-NJMXS,0.5196100135183452,Yes
7905-TVXTA,0.5590533969989195,Yes
7908-QCBCA,0.8657725387201781,Yes
7909-FIOIY,0.4671837258462552,No
7912-SYRQT,0.7998462641478273,Yes
7916-VCCPB,0.5312482012967599,Yes
7919-ZODZZ,0.32498698637276374,No
7921-BEPCI,0.031113474301690182,No
7921-LMDFQ,0.5570843860539592,Yes
7923-IYJWY,0.1514238955414816,No
7924-GJZFI,0.6757786648037009,Yes
7925-PNRGI,0.16871966687658405,No
7926-IJOOU,0.47277937571900597,No
7927-AUXBZ,0.48489874303080716,No
7928-VJYAB,0.8084692988033096,Yes
7929-DMBCV,0.5237512129318317,Yes
7929-SKFGK,0.09627165597271849,No
7931-PXHFC,0.18101398667541443,No
7932-WPTDS,0.8890445553630246,Yes
7938-OUHIO,0.9295030220021592,Yes
7940-UQQUG,0.2878778812170287,No
7941-RCJOW,0.024028242543361077,No
7943-RQCHR,0.9052700837876237,Yes
7945-HLKEA,0.10935400096204606,No
7945-PRBVF,0.022280460969122402,No
7950-XWOVN,0.5190351043455342,Yes
7951-QKZPL,0.03477897665314275,No
7951-VRDVK,0.13499519197891519,No
7952-OBOYL,0.849135408429956,Yes
7954-MLBUN,0.16074311317071005,No
7956-XQWGU,0.16437724218747102,No
7957-RYHQD,0.48773781866506616,No
7963-GQRMY,0.6018376456019886,Yes
7963-SHNDT,0.04729231942573535,No
7964-VEXDG,0.6105406779070642,Yes
7964-YESJC,0.24135251393027182,No
7964-ZRKKG,0.3377920470863398,No
7966-YOTQW,0.5189888139836115,Yes
7967-HYCDE,0.6727576890677087,Yes
7968-QUXNS,0.261640242387536,No
7969-AULMZ,0.8402218165088887,Yes
7969-FFOWG,0.014996884394318514,No
7971-HLVXI,0.15366655130838242,No
7973-DZRKH,0.07359993773231956,No
7975-JMZNT,0.045661640660071806,No
7975-TZMLR,0.5924561530524799,Yes
7976-CICYS,0.3594147328061513,No
7977-HXJKU,0.03024549619623,No
7978-DKUQH,0.630632925795127,Yes
7979-CORPM,0.640728043882723,Yes
7980-MHFLQ,0.017497711422692182,No
7982-VCELR,0.6545391665893996,Yes
7989-AWGEH,0.5407823033916704,Yes
7989-CHGTL,0.5257437474860688,Yes
7989-VCQOH,0.3793976013831469,No
7993-NQLJE,0.4652940774660575,No
7993-PYKOF,0.7001039949505122,Yes
7994-UYIVZ,0.852181606491269,Yes
7994-XIRTR,0.1645792809380401,No
7995-ZHHNZ,0.1330688726307599,No
7996-BPXHY,0.07416232235692309,No
7996-MHXLW,0.03160335009800344,No
7997-EASSD,0.24164039692652642,No
7998-WNZEM,0.03310880393232451,No
7998-ZLXWN,0.1950864124479105,No
8000-REIQB,0.9228246134665515,Yes
8003-EWNDZ,0.38176954957751613,No
8006-PYCSW,0.4432345660471945,No
8007-YYPWD,0.06118965377666305,No
8008-ESFLK,0.3238943891477656,No
8008-HAWED,0.765224572763462,Yes
8008-OTEZX,0.0440988208210771,No
8010-EZLOU,0.8029690225907915,Yes
8012-SOUDQ,0.7340105692328299,Yes
8015-IHCGW,0.1369354286382568,No
8016-NCFVO,0.6881993492214721,Yes
8016-ZMGMO,0.2023508611718336,No
8017-LXHFA,0.8103546414569054,Yes
8017-UVSZU,0.28129491352584657,No
8019-ENHXU,0.6751254974924811,Yes
8020-BWHYL,0.6628620388224634,Yes
8022-BECSI,0.08189500143831462,No
8023-QHAIO,0.5863190731716315,Yes
8024-XNAFQ,0.11384408801183418,No
8028-PNXHQ,0.033658712974868166,No
8029-XYPWT,0.1527386971801677,No
8033-ATFAS,0.3143770594766692,No
8033-VCZGH,0.6128876873824588,Yes
8034-RYTVV,0.34062168724710534,No
8035-BUYVG,0.25940597093400775,No
8035-PWSEV,0.8135988392234149,Yes
8039-ACLPL,0.028011467615550092,No
8039-EQPIM,0.06248132638537206,No
8040-MNRTF,0.8193588390315205,Yes
8041-TMEID,0.1873454439992246,No
8042-JVNFH,0.8583113239592274,Yes
8042-RNLKO,0.06173900776141067,No
8043-PNYSD,0.015843397510661616,No
8044-BGWPI,0.29931600135176745,No
8046-DNVTL,0.04838261348529092,No
8048-DSDFQ,0.45174360540245845,No
8049-WJCLQ,0.4364099555017356,No
8050-DVOJX,0.07416243210444474,No
8050-WYBND,0.4260677589152776,No
8050-XGRVL,0.06634238508933438,No
8051-HJRLT,0.9217869579369387,Yes
8053-WWDRO,0.2883438436980803,No
8058-DMYRU,0.7661632824942047,Yes
8058-INTPH,0.9236751621504401,Yes
8058-JMEQO,0.9052128105575306,Yes
8059-UDZFY,0.7045683404132903,Yes
8060-HIWJJ,0.05608617406784375,No
8062-YBDOE,0.9242640129988291,Yes
8063-GBATB,0.7921725226773177,Yes
8063-RJYNF,0.7842607130530147,Yes
8064-RAVOH,0.7670986059441722,Yes
8065-BVEPF,0.5952799896254866,Yes
8065-QBYTO,0.21908457098189224,No
8065-YKXKD,0.8360193318744172,Yes
8066-POXGX,0.7182145734582338,Yes
8067-NIOYM,0.03132452182219674,No
8069-RHUXK,0.029520558555796196,No
8069-YQQAJ,0.4977648538305057,No
8070-AAWZP,0.3500904421218451,No
8071-SBTRN,0.14498983573891394,No
8073-IJDCM,0.5182485143804174,Yes
8075-GXIUB,0.17020142871802368,No
8076-FEZKJ,0.12850912068833922,No
8079-XRJRS,0.2586540943534605,No
8080-DDEMJ,0.775486771674599,Yes
8080-POTJR,0.26745730418690905,No
8082-GHXOP,0.30987577204555283,No
8083-YTZES,0.8687597795189126,Yes
8084-OIVBS,0.12249556132483622,No
8085-MSNLK,0.11040179027664984,No
8086-OVPWV,0.932974287267139,Yes
8087-LGYHQ,0.8779493823497966,Yes
8089-UZWLX,0.19043196060010018,No
8091-TTVAX,0.45198499468929176,No
8092-NLTGF,0.02270311523168207,No
8095-WANWK,0.39756290750406265,No
8096-LOIST,0.5541618219417583,Yes
8097-OMULG,0.12208560936440233,No
8097-VBQTZ,0.19041346635013495,No
8098-LLAZX,0.9374746495461301,Yes
8098-TDCBU,0.05203524720182402,No
8099-MZPUJ,0.16846789892900074,No
8100-HZZLJ,0.33181425768178113,No
8100-PNJMH,0.04983809880971153,No
8104-OSKWT,0.7539466878623142,Yes
8106-GWQOK,0.12387344416532282,No
8107-KNCIM,0.8264150523151722,Yes
8107-RZLNV,0.1951094893301857,No
8108-UXRQN,0.6840186408861444,Yes
8109-YUOHE,0.12718715011179843,No
8111-BKVDS,0.48815623066038505,No
8111-RKSPX,0.8395677236369478,Yes
8111-SLLHI,0.8257419699938989,Yes
8118-LSUEL,0.8588648283263259,Yes
8118-TJAFG,0.7896177880027991,Yes
8120-JDCAM,0.7307925190696539,Yes
8123-QBNAZ,0.6818251086417527,Yes
8124-NZVGJ,0.5072798924676508,Yes
8125-QPFJD,0.059359790859520235,No
8128-YVJRG,0.7391128392807881,Yes
8129-GMVGI,0.020717388626151308,No
8132-YPVBX,0.7664662327374145,Yes
8133-ANHHJ,0.36591922679498384,No
8138-EALND,0.18551170704526504,No
8143-ETQTI,0.0385382749611416,No
8144-DGHXP,0.0745281638990607,No
8146-QQKZH,0.03206553922294683,No
8148-BPLZQ,0.3109306572725393,No
8148-NLEGT,0.04752777574004363,No
8148-WOCMK,0.053974784379333694,No
8149-AIQCG,0.6176498579811178,Yes
8149-RSOUN,0.9622571787480373,Yes
8150-QUDFX,0.45089989191684704,No
8152-UOBNY,0.5839562456821336,Yes
8152-VETUR,0.19398867619014332,No
8155-IBNHG,0.6160203035580648,Yes
8158-WPEZG,0.5996545323462704,Yes
8160-HOWOX,0.7190109346696053,Yes
8161-QYMTT,0.9123214107867426,Yes
8164-OCKUJ,0.019063591384652225,No
8165-CBKXO,0.10553787253042171,No
8165-ZJRNM,0.020353052350236916,No
8166-ORCHU,0.37120947537529475,No
8166-ZZTFS,0.12686848583258664,No
8167-GJLRN,0.762619646954509,Yes
8168-UQWWF,0.8790583144298801,Yes
8169-SAEJD,0.08394930646171155,No
8173-RXAYP,0.023161865696450464,No
8174-LNWMW,0.02309949681819687,No
8174-TBVCF,0.04655423487139883,No
8178-EYZUO,0.6598410961022797,Yes
8180-AKMJV,0.7161482132659854,Yes
8181-YHCMF,0.05855589959873334,No
8182-BJDSI,0.7289948615134303,Yes
8182-PNAGI,0.2963570805063436,No
8183-ONMXC,0.909107292130923,Yes
8184-WMOFI,0.06578698723783687,No
8185-UPYBR,0.8508837053716426,Yes
8189-DUKMV,0.1738592765840144,No
8189-HBVRW,0.5253988492196325,Yes
8189-XRIKE,0.6873942520402286,Yes
8190-ZTQFB,0.4640919020487992,No
8191-XWSZG,0.06102484079412717,No
8194-PEEBY,0.056026625220835284,No
8197-BFWVU,0.04216762351432587,No
8198-RKSZG,0.4322852927436108,No
8199-ZLLSA,0.2628430279774728,No
8200-KLNYW,0.17014180916981025,No
8200-LGKSR,0.06575788985242345,No
8201-AAXCB,0.4181135768940509,No
8203-XJZRC,0.4514447475430724,No
8204-TIFGJ,0.21591339223868528,No
8204-YJCLA,0.0736153641020801,No
8205-MQUGY,0.42802868476887657,No
8205-OTCHB,0.4053125431276835,No
8205-VSLRB,0.035201197403364054,No
8207-DMRVL,0.08366335720736966,No
8207-VVMYB,0.030680947999848333,No
8208-EUMTE,0.0918402860784172,No
8212-CRQXP,0.6528779995738638,Yes
8212-DJRCH,0.7557664326660232,Yes
8213-TAZPM,0.29894903920988336,No
8215-NGSPE,0.021409904073256943,No
8216-AZUUZ,0.23705869917743305,No
8217-QYOHV,0.38662059423465567,No
8218-FFJDS,0.04974857681903437,No
8219-VYBVI,0.031447218236610466,No
8220-OCUFY,0.18546740926438307,No
8221-EQDGL,0.14928485997603758,No
8221-HVAYI,0.039806062920239194,No
8224-DWCKX,0.7782132047291818,Yes
8224-IVVPA,0.20498424710133303,No
8224-KDLKN,0.019955269360724615,No
8224-UAXBZ,0.2737365558712735,No
8225-BTJAU,0.8701951001923027,Yes
8226-BXGES,0.209337767170329,No
8229-BUJHX,0.014311475420656765,No
8229-MYEJZ,0.4728719938505114,No
8229-TNIQA,0.5327089073419965,Yes
8231-BSWXX,0.2519841623190099,No
8232-CTLKO,0.05530589244101206,No
8232-UTFOZ,0.016449006157872224,No
8234-GSZYK,0.03616629305231527,No
8237-ULIXL,0.021681154140244217,No
8241-JUIQO,0.05084167461643671,No
8242-JSVBO,0.5238626518332361,Yes
8242-PDSGJ,0.04573637802378026,No
8242-SOQUO,0.8648606005808618,Yes
8245-UMPYT,0.8851076283240444,Yes
8246-SHFGA,0.1830438742293567,No
8249-THVEC,0.05785675758333567,No
8250-ZNGGW,0.3664031462545794,No
8257-RZAHR,0.5147887747087593,Yes
8258-GSTJK,0.9396748309804743,Yes
8259-DZLIZ,0.1310986634447337,No
8259-NFJTV,0.3851336487286012,No
8260-NGFNY,0.7504355705399323,Yes
8261-GWDBQ,0.18888616373951214,No
8262-COGGB,0.5206261680801477,Yes
8263-JQAIK,0.8344165537950435,Yes
8263-OKETD,0.4485398919755131,No
8263-QMNTJ,0.1578144368322376,No
8265-HKSOW,0.0602508606160775,No
8266-VBFQL,0.8363978415987576,Yes
8267-KFGYD,0.47839093351081663,No
8267-ZNYVZ,0.3998929471684766,No
8268-YDIXR,0.37982129951222277,No
8270-RKSAP,0.7838157438770433,Yes
8272-ONJLV,0.6436134404655787,Yes
8276-MQBYC,0.8434778407435201,Yes
8277-RVRSV,0.06830401957139685,No
8280-MQRQN,0.7083183705625606,Yes
8285-ABVLB,0.016383486134933525,No
8286-AFUYI,0.6957488585007396,Yes
8290-YWKHZ,0.8189584168580292,Yes
8292-FRFZQ,0.1198044229870795,No
8292-ITGYJ,0.041501103952601925,No
8292-TYSPY,0.318095655486748,No
8294-UIMBA,0.3813919217551961,No
8295-FHIVV,0.31425118374086974,No
8295-KMENE,0.0490501419273864,No
8305-VHZBZ,0.5221318362234552,Yes
8309-IEYJD,0.8843175159577731,Yes
8309-PPCED,0.1488852036757492,No
8311-UEUAB,0.1000430070357681,No
8313-AFGBW,0.11163204918339709,No
8313-KTIHG,0.6121126933043919,Yes
8313-NDOIA,0.7982484114329654,Yes
8314-DPQHL,0.31845670700602685,No
8314-HTWVE,0.05143496408696714,No
8316-BBQAY,0.0627824711730049,No
8317-BVKSO,0.3210073038277748,No
8318-LCNBW,0.24513989285550913,No
8319-QBEHW,0.25592982461034475,No
8325-QRPZR,0.7999000178185125,Yes
8327-LZKAS,0.5959533003777551,Yes
8327-WKMIE,0.06991569668105647,No
8328-SKJNO,0.13400279499180603,No
8329-GWVPJ,0.5090956287778822,Yes
8329-IBCTI,0.45177553186366926,No
8329-UTMVM,0.5189489029646963,Yes
8331-ZXFOE,0.10475757505074816,No
8332-OSJDW,0.11832623949063083,No
8336-TAVKX,0.04313720020733289,No
8337-MSSXB,0.7661434881351532,Yes
8337-UPOAQ,0.9097831527270397,Yes
8338-QIUNR,0.027581149976247513,No
8344-WFMFH,0.5229518829425026,Yes
8345-MVDYC,0.05121667541072472,No
8347-GDTMP,0.018982543160687773,No
8348-HFYIV,0.9224270361887508,Yes
8348-JLBUG,0.19718530478103743,No
8350-NYMVI,0.28192776575815154,No
8356-WUAOJ,0.7878803388050103,Yes
8357-EQXFO,0.8792616807987448,Yes
8361-LBRDI,0.03359959033390497,No
8361-LTMKD,0.8497390787509157,Yes
8364-TRMMK,0.7566015595864929,Yes
8372-JUXUI,0.9223208351274931,Yes
8374-UULRV,0.03555571221192798,No
8374-XGEJJ,0.8022242695028551,Yes
8375-DKEBR,0.9234240722889132,Yes
8375-KVTHK,0.3193018640391301,No
8378-LKJAF,0.7163843657594174,Yes
8380-MQINP,0.021059537567419923,No
8380-PEFPE,0.8880760214617548,Yes
8382-SHQEH,0.8899436030802506,Yes
8383-SGHJU,0.12403117687180812,No
8384-FZBJK,0.7188735151017785,Yes
8387-MOJJT,0.5372032994708483,Yes
8387-UGUSU,0.1640060069442508,No
8388-DMKAE,0.05622252431786645,No
8388-FYNPZ,0.5170507360798121,Yes
8390-FESFV,0.0647671097134198,No
8393-DLHGA,0.6859393199388113,Yes
8393-JMVMB,0.4562305316844966,No
8395-ETZKQ,0.0486223414545037,No
8397-MVTAZ,0.7752513317876084,Yes
8398-TBIYD,0.07756360163049002,No
8399-YNDCH,0.5053786378599205,Yes
8400-WZICQ,0.20375563609895284,No
8401-EMUWF,0.3188281384554187,No
8402-EIVQS,0.2627726196248302,No
8402-OOOHJ,0.024363727542061408,No
8404-FYDIB,0.5070211790622903,Yes
8404-GFGCZ,0.7163397742452442,Yes
8404-VIOMB,0.08052163450660163,No
8404-VLQFB,0.36081300824174595,No
8405-IGQFX,0.2249585413045819,No
8406-LNMHF,0.28725030235797466,No
8409-WQJUX,0.3405241557029205,No
8410-BGQXN,0.2922126491411586,No
8413-VONUO,0.9189236003872416,Yes
8413-YNHNV,0.037642399464568356,No
8414-MYSHR,0.9101493105935928,Yes
8414-OOEEL,0.04625071415571756,No
8417-FMLZI,0.76683471048547,Yes
8417-GSODA,0.47567815312986683,No
8421-WZOOW,0.45398445458537096,No
8429-XIBUM,0.7542828138379372,Yes
8430-TWCBX,0.07089073519357482,No
8433-WPJTV,0.39938151278831024,No
8433-WXGNA,0.8831857595456888,Yes
8434-PNQZX,0.12440015230617517,No
8434-VGEQQ,0.017187160220244423,No
8436-BJUMM,0.7133997598017275,Yes
8439-LTUGF,0.30783860825868536,No
8441-SHIPE,0.032318917922989424,No
8443-WVPSS,0.8162441662591731,Yes
8443-ZRDBZ,0.8665001537165411,Yes
8444-WRIDW,0.4983727083932068,No
8445-DNBAE,0.815822650039877,Yes
8450-JOVAH,0.6229700765054026,Yes
8450-LUGUK,0.05028811353601003,No
8450-UYIBU,0.5799780290164556,Yes
8454-AATJP,0.08672577694951711,No
8455-HIRAQ,0.41561065100040256,No
8456-QDAVC,0.6872114182246228,Yes
8457-XIGKN,0.22258766583960896,No
8461-EFQYM,0.16648177747632273,No
8464-EETCQ,0.02546501936471775,No
8465-SBRXP,0.20246289003125906,No
8466-PZBLH,0.1017774573395811,No
8467-WYNSR,0.1876750380460552,No
8468-EHYJA,0.7277705305460307,Yes
8468-FZTOE,0.0374749652865832,No
8469-SNFFH,0.07487551541143135,No
8473-VUVJN,0.9465176353091981,Yes
8474-UMLNT,0.30695458140647547,No
8480-PPONV,0.10437118920497958,No
8481-YYXWG,0.814260618268113,Yes
8485-GJCDN,0.788027373834235,Yes
8486-AYEQH,0.6496324987185964,Yes
8490-BXHEO,0.7204014191679532,Yes
8495-LJDFO,0.5669239165644436,Yes
8495-PRWFH,0.4382596300258822,No
8496-DMZUK,0.2693728343888048,No
8496-EJAUI,0.5975979632151669,Yes
8498-XXGWA,0.170897196745485,No
8499-BRXTD,0.08844195822395635,No
8510-AWCXC,0.8690661124394834,Yes
8510-BBWMU,0.07831978435461669,No
8510-TMWYB,0.08187324868199945,No
8512-WIWYV,0.056179540676361606,No
8513-OLYGY,0.08858299579313696,No
8514-VZHEB,0.01987587061402858,No
8515-OCTJS,0.038018451641063,No
8519-IMDHU,0.8313942813874947,Yes
8519-QJGJD,0.6686800003638189,Yes
8532-UEFWH,0.031362121768312504,No
8535-SFUTN,0.6711298323976689,Yes
8540-ZQGEA,0.026807030026832105,No
8541-QVFKM,0.8469926273751966,Yes
8543-MSDMF,0.830849395962844,Yes
8544-GOQSH,0.5384570202475761,Yes
8544-JNBOX,0.018625989115953645,No
8547-NSBBO,0.364461383030797,No
8548-AWOFC,0.30228036586554324,No
8550-XSXUQ,0.2891040312818731,No
8552-OBVRU,0.6606810743074619,Yes
8559-CIZFV,0.12548604757347886,No
8559-WNQZS,0.13066384973937886,No
8561-NMTBD,0.27830084184636683,No
8562-GHPPI,0.46649953265782873,No
8563-IIOXK,0.32219824581468776,No
8563-OYMQY,0.6928292257482024,Yes
8564-LDKFL,0.5507812877780567,Yes
8565-CLBZW,0.6629334474805945,Yes
8565-HBFNN,0.21563859166225646,No
8565-WUXZU,0.06201455575122834,No
8566-YPRGL,0.5230672038073153,Yes
8570-KLJYJ,0.14306559736957478,No
8571-ZCMCX,0.11521186483152118,No
8573-CGOCC,0.19106959165096216,No
8573-JGCZW,0.13060471253988104,No
8577-QSOCG,0.030702920529750488,No
8580-AECUZ,0.9397696193077074,Yes
8580-QVLOC,0.03867878847368728,No
8582-KRHPJ,0.34137284031624837,No
8584-KMVXD,0.7119643106852336,Yes
8587-XYZSF,0.025921395695110486,No
8590-OHDIW,0.05636883522917602,No
8590-YFFQO,0.01717706395994044,No
8591-NXRCV,0.3398963343148245,No
8591-TKMZH,0.1392294670167926,No
8592-PLTMQ,0.05788608666473267,No
8593-WHYHV,0.9496979229447419,Yes
8595-SIZNC,0.15017216541263453,No
8597-CTXVJ,0.049683603452380834,No
8597-CWYHH,0.45120705468888384,No
8601-QACRS,0.6077510934896644,Yes
8603-IJWDN,0.9503966725491172,Yes
8605-ITULD,0.4523733591862938,No
8606-CIQUL,0.1218337960617783,No
8606-OEGQZ,0.04651145797579616,No
8608-OZTLB,0.11622735381855642,No
8610-WFCJF,0.7791555178612841,Yes
8610-ZIKJJ,0.2417974144312432,No
8612-GXIDD,0.07603742605222757,No
8614-VGMMV,0.5825191292175672,Yes
8617-ENBDS,0.8736503038004501,Yes
8619-IJNDK,0.01455609916252983,No
8620-RJPZN,0.5530157405803712,Yes
8621-MNIHH,0.7585010431140431,Yes
8622-ZLFKO,0.8798787684368257,Yes
8623-TMRBY,0.6983236659875186,Yes
8623-ULFNQ,0.5178613046502292,Yes
8624-GIOUT,0.3073362089000063,No
8625-AZYZY,0.8032028140275206,Yes
8626-PTQGE,0.06922137916181363,No
8626-XHBIE,0.03746582233265667,No
8627-EHGIP,0.3325741975593861,No
8627-ZYGSZ,0.4426459957139954,No
8628-MFKAX,0.13487925851953414,No
8630-FJLIB,0.7013291445913968,Yes
8630-QSGXK,0.13356917210544555,No
8631-NBHFZ,0.03501314848174513,No
8631-WUXGY,0.651440974933374,Yes
8631-XVRZL,0.1634462320903135,No
8634-CILSZ,0.3160193758650985,No
8634-MPHTR,0.8126092201938852,Yes
8637-XJIVR,0.756304748881279,Yes
8639-NHQEI,0.098920771901362,No
8640-SDGKB,0.7159070906273041,Yes
8642-GVWRF,0.8350117792628969,Yes
8644-XLFBW,0.920815174650837,Yes
8644-XYTSV,0.4285814377060858,No
8645-KOMJQ,0.0683370913612603,No
8645-KWHJO,0.7061331305247561,Yes
8646-JCOMS,0.22671811825310934,No
8647-SDTWQ,0.6299020977831015,Yes
8648-PFRMP,0.7924282876870145,Yes
8650-RHRKE,0.7629346759189003,Yes
8651-ENBZX,0.5260570077592147,Yes
8652-YHIYU,0.40967202953460424,No
8654-DHAOW,0.6910864514886379,Yes
8659-HDIYE,0.25530582420056513,No
8659-IOOPU,0.10118677999442985,No
8660-BUETV,0.6307921562035779,Yes
8661-BOYNW,0.05681987438022304,No
8663-UPDGF,0.35604139232115484,No
8665-UTDHZ,0.7889761040244647,Yes
8668-KNZTI,0.1509123753820015,No
8670-ERCJH,0.09654180551014016,No
8670-MEFCP,0.08402857012261888,No
8671-KKKOS,0.37995934749095484,No
8672-OAUPW,0.08918939668803783,No
8676-OOQEJ,0.6217971381281187,Yes
8676-TRMJS,0.862759237086785,Yes
8677-HDZEE,0.6114256303924692,Yes
8679-JOEVF,0.4542996339891235,No
8679-LZBMD,0.4599105377282735,No
8680-CGLTP,0.1199789764187004,No
8681-ICONS,0.13137813514057423,No
8685-WHQPW,0.7368277375009934,Yes
8687-BAFGU,0.8437980567620675,Yes
8690-UPCZI,0.11420229947621698,No
8690-ZVLCL,0.03837163010176299,No
8695-ARGXZ,0.6950453911384126,Yes
8695-WDYEA,0.5782969984055906,Yes
8696-JKZNU,0.7381310114190626,Yes
8699-ASUFO,0.8241952349891823,Yes
8701-DGLVH,0.02631308238354071,No
8705-DWKTI,0.6189942506385319,Yes
8705-WZCYL,0.7860593788952386,Yes
8706-HRADD,0.4158563393070099,No
8707-HOEDG,0.17838501526319478,No
8707-RMEZH,0.2205866013421116,No
8708-XPXHZ,0.7664866128943946,Yes
8709-KRDVL,0.745561096280122,Yes
8710-YGLWG,0.7041661413799457,Yes
8711-LOBKY,0.01969474516064406,No
8713-IGZSO,0.5376069673333816,Yes
8714-CTZJW,0.8361397329369573,Yes
8714-EUHJO,0.6805344451179658,Yes
8715-KKTFG,0.4109023403460038,No
8717-VCTXJ,0.07797330642546346,No
8718-PTMEZ,0.6058092961294023,Yes
8720-RQSBJ,0.7800751925506282,Yes
8722-NGNBH,0.46811426835460845,No
8722-PRFDV,0.035401300901413094,No
8725-JEDFD,0.5023548710050812,Yes
8727-JQFHV,0.020147979582507112,No
8727-XDPUD,0.11863855553345097,No
8728-SKJLR,0.5257201367238904,Yes
8731-WBBMB,0.2840104768271703,No
8734-DKSTZ,0.8260355657639373,Yes
8734-FNWVH,0.34898342357221923,No
8735-DCXNF,0.360049424934091,No
8735-IJJEG,0.3594272337093665,No
8735-NBLWT,0.2148221830485308,No
8735-SDUFN,0.0291082798607877,No
8738-JOKAR,0.11664777641943691,No
8739-QOTTN,0.4492343547106757,No
8739-WWKDU,0.7629138241771534,Yes
8739-XNIKG,0.8916153319432154,Yes
8740-CRYFY,0.925766167581121,Yes
8740-XLHDR,0.5218507239493239,Yes
8741-LQOBK,0.23944844147055738,No
8745-PVESG,0.14635627354845082,No
8746-BFOAJ,0.11245573721716416,No
8746-OQQRW,0.3623516953806582,No
8747-UDCOI,0.01970045864288004,No
8748-HFWBO,0.07719316856237637,No
8749-CLJXC,0.45264038698700143,No
8749-JMNKX,0.6840159475795339,Yes
8749-TZYEC,0.021989192138677508,No
8750-QWZAJ,0.014925922617006912,No
8751-EDEKA,0.5153233929974136,Yes
8752-GHJFU,0.2767107056170242,No
8752-IMQOS,0.13707772255130488,No
8752-STIVR,0.8555149805142429,Yes
8755-IWJHN,0.6002394689080202,Yes
8755-OGKNA,0.023136086408090385,No
8756-RDDLT,0.30618945108870044,No
8757-TFHHJ,0.6672807826904383,Yes
8760-ZRHKE,0.13422326528166473,No
8761-NSOBC,0.5443441730246658,Yes
8763-KIAFH,0.06724733883766225,No
8766-PAFNE,0.04925877665238651,No
8769-KKTPH,0.35161355391170335,No
8773-HHUOZ,0.48544390313516766,No
8774-GSBUN,0.020378655885248762,No
8775-CEBBJ,0.5108546656987688,Yes
8775-ERLNB,0.9311423313865808,Yes
8775-LHDJH,0.9513489856004493,Yes
8777-MBMTS,0.15043688465661273,No
8777-PVYGU,0.15934386901759823,No
8778-LMWTJ,0.7437651641326899,Yes
8779-QRDMV,0.9236948962284437,Yes
8779-YIQQA,0.07394950561939954,No
8780-IHCRN,0.023354010947179774,No
8780-IXSTS,0.8625053213601115,Yes
8780-RSYYU,0.17033823778122115,No
8780-YRMTT,0.037386787287797006,No
8782-LKFPK,0.6532461520496411,Yes
8782-NUUOL,0.09389900573198834,No
8784-CGILN,0.7615802914267011,Yes
8785-CJSHH,0.7106405039656051,Yes
8785-EPNCG,0.326095468031119,No
8788-DOXSU,0.1990281540380464,No
8791-GFXLZ,0.4178069031924602,No
8792-AOROI,0.09867421068370928,No
8799-OXZMD,0.4037917207571522,No
8800-JOOCF,0.8083972062242304,Yes
8800-ZKRFW,0.6912880852124145,Yes
8802-UNOJF,0.6135510244624034,Yes
8805-JNRAZ,0.6149376641021205,Yes
8806-EAGWC,0.6809453519695209,Yes
8807-ARQET,0.5697650129413926,Yes
8807-OPMBM,0.04045846026705231,No
8808-ELEHO,0.8706967057717854,Yes
8809-RIHDD,0.23429687487955667,No
8809-XKHMD,0.09784869673257053,No
8812-ZRHFP,0.38135401156346005,No
8815-LMFLX,0.2092181793982707,No
8816-VXNZD,0.9307082789632768,Yes
8818-DOPVL,0.7952102998105707,Yes
8818-XYFCQ,0.6215637674309409,Yes
8819-IMISP,0.6318740773139523,Yes
8819-WFGGJ,0.11518743545067897,No
8819-ZBYNA,0.17681107369404692,No
8821-KVZKQ,0.18007071733915908,No
8821-XNHVZ,0.8728368082884479,Yes
8822-KNBHV,0.2851048504862407,No
8823-RLPWL,0.15129177206350392,No
8824-RWFXJ,0.6472241182673093,Yes
8835-VSDSE,0.9037139682543704,Yes
8837-VVWLQ,0.7364169067891558,Yes
8838-GPHZP,0.022709008946848217,No
8840-DQLGN,0.505677886752478,Yes
8844-TONUD,0.7363757048772882,Yes
8845-LWKGE,0.17328883407272208,No
8847-GEOOQ,0.40827279361053354,No
8849-AYPTR,0.6382698397983716,Yes
8849-GYOKR,0.3851515769853144,No
8849-PRIQJ,0.3449078952304325,No
8851-RAGOV,0.22808366321106804,No
8853-TZDGH,0.14154032343335116,No
8854-CCVSQ,0.7479781274920071,Yes
8857-CUPFQ,0.018586013615437942,No
8859-AXJZP,0.04367318004482682,No
8859-DZTGQ,0.021295941076448548,No
8859-YSTWS,0.07679180848707612,No
8861-HGGKB,0.841041469149684,Yes
8865-TNMNX,0.19944860647252838,No
8868-GAGIO,0.5126831315515713,Yes
8868-WOZGU,0.7762665312472843,Yes
8869-LIHMK,0.14226061277971838,No
8869-TORSS,0.1090749215689794,No
8871-JLMHM,0.07375365376807162,No
8873-GLDMH,0.7858553824742519,Yes
8873-TMKGR,0.05814612315744461,No
8874-EJNSR,0.03216822491308583,No
8875-AKBYH,0.8361854650160954,Yes
8878-HMWBV,0.7905339771382242,Yes
8878-RYUKI,0.4761576627389955,No
8879-XUAHX,0.1586184005268212,No
8879-ZKJOF,0.17251382982107347,No
8882-TLVRW,0.028925811075958086,No
8883-ANODQ,0.11445535636550586,No
8883-GRDWQ,0.1255729420678844,No
8884-ADFVN,0.9283069918592323,Yes
8884-FEEWR,0.05523823062813669,No
8884-MRNSU,0.09015027043858873,No
8885-QSQBX,0.6143685785824925,Yes
8887-IPQNC,0.49934367758062626,No
8894-JVDCV,0.2928648424630111,No
8896-BQTTI,0.608490299057175,Yes
8896-RAZCR,0.01993585713811939,No
8898-KASCD,0.1547044719058605,No
8901-HJXTF,0.4159215665688683,No
8901-UPRHR,0.1344384028376373,No
8902-ZEOVF,0.04708226410330573,No
8903-WMRNW,0.740385743990381,Yes
8903-XEBGX,0.8155398251016047,Yes
8904-OPDCK,0.4964211297971603,No
8905-IAZPF,0.3009541117622039,No
8908-NMQTX,0.06577962965383605,No
8908-SLFCJ,0.04690374378731723,No
8909-BOLNL,0.2596156788328787,No
8910-ICHIU,0.2706831862489828,No
8910-LEDAG,0.45239537512797096,No
8914-RBTSB,0.6443902388423316,Yes
8915-NNTRC,0.10391011808937235,No
8917-FAEMR,0.02724099641947937,No
8917-SZTTJ,0.01800877289697223,No
8919-FYFQZ,0.5291455098732163,Yes
8920-NAVAY,0.412691306885615,No
8922-LIEGH,0.7851311567013579,Yes
8922-NPKBJ,0.022056156061963643,No
8929-KSWIH,0.1839220826269587,No
8930-XOTDP,0.3244727973540598,No
8931-GJJIQ,0.8875888669985766,Yes
8932-CZHRQ,0.10579119739151036,No
8937-RDTHP,0.8792337782628518,Yes
8938-UMKPI,0.7411556442914256,Yes
8942-DBMHZ,0.19357371486729813,No
8943-URTMR,0.8838795335466191,Yes
8944-AILEF,0.25069867027827125,No
8945-GRKHX,0.9026077369564537,Yes
8945-MUQUF,0.4688822373431161,No
8946-BFWSG,0.02162761902834689,No
8947-YRTDV,0.22123182083152987,No
8949-JTMAY,0.7304222297939709,Yes
8950-MTZNV,0.7039146956404058,Yes
8952-WCVCD,0.40592506788011185,No
8957-THMOA,0.024489367547561085,No
8958-JPTRR,0.11987154777964464,No
8961-QDZZJ,0.46028736684688126,No
8963-JLGJT,0.5399999978567954,Yes
8963-MQVYN,0.24661876671839006,No
8966-KZXXA,0.036695167148449434,No
8966-OIQHG,0.07855358902608899,No
8966-SNIZF,0.017547529243003925,No
8967-SZQAS,0.4024512863361342,No
8969-PRHFK,0.08944847868357111,No
8970-ANWXO,0.31328393584274855,No
8972-HJWNV,0.9127491336827217,Yes
8974-OVACP,0.4487885162280952,No
8975-SKGRX,0.1222236349978624,No
8976-OQHGT,0.32468398832275885,No
8979-CAMGB,0.4580070167413541,No
8980-WQFWL,0.4057833422367022,No
8981-FJGLA,0.7518442030484869,Yes
8982-NHAVY,0.5729979008937107,Yes
8984-EYLLL,0.22528165462096109,No
8984-HPEMB,0.14526769171723883,No
8985-OOPOS,0.5533381625432242,Yes
8988-ECPJR,0.535914029676707,Yes
8990-YOZLV,0.02671488791569478,No
8990-ZXLSU,0.7389164926321409,Yes
8992-CEUEN,0.5640247176226036,Yes
8992-JQYUN,0.9248638430277143,Yes
8992-OBVDG,0.37812931532203586,No
8992-VONJD,0.37811037087951527,No
8993-IZEUX,0.6872811292019395,Yes
8993-PHFWD,0.8136425904348635,Yes
8996-ZROXE,0.1949518861575432,No
8999-BOHSE,0.8172917189724169,Yes
8999-EXMNO,0.031738782836503505,No
8999-XXGNS,0.4184989512609382,No
8999-YPYBV,0.051110595209005696,No
9000-PLFUZ,0.16885017414748923,No
9003-CPATH,0.6188314938913811,Yes
9013-AQORL,0.40903730050987197,No
9018-PCIOK,0.08188870529756254,No
9019-QVLZD,0.9014607908311711,Yes
9025-AOMKI,0.885059011412861,Yes
9025-ZRPVR,0.3055065741493901,No
9026-LHEVG,0.6996138717173812,Yes
9026-RNUJS,0.6292487813750941,Yes
9027-TMATR,0.10222804435878403,No
9027-YFHQJ,0.41547941764845603,No
9028-LIHRP,0.041949633200241046,No
9029-FEGVJ,0.5556064303733927,Yes
9030-QGZNL,0.055254088737393556,No
9031-ZVQPT,0.20419842857795822,No
9033-EOXWV,0.3100238886403425,No
9036-CSKBW,0.43220438818859913,No
9039-RBEEE,0.32974640644922537,No
9039-ZVJDC,0.5164797662040617,Yes
9040-KZVWO,0.26118802511520167,No
9046-DQMTP,0.1123278712377898,No
9046-JBFWA,0.10750578945885936,No
9048-JVYVF,0.8236375290744475,Yes
9050-IKDZA,0.8739499813001917,Yes
9050-QLROH,0.7746269067081075,Yes
9052-DHNKM,0.16758227682782037,No
9052-VKDUW,0.6034520397098544,Yes
9053-EJUNL,0.7067788015093825,Yes
9053-JZFKV,0.09663586960683102,No
9054-FOWNV,0.7816597810184468,Yes
9055-MOJJJ,0.05009483167662768,No
9057-MSWCO,0.3490125426957993,No
9057-SIHCH,0.9577453232545078,Yes
9058-CBREO,0.7560980600394223,Yes
9058-HRZSV,0.4912305161900402,No
9058-MJLZC,0.6994204547107864,Yes
9060-HJJRW,0.35678921321710017,No
9061-TIHDA,0.8990712503543394,Yes
9063-ZGTUY,0.107754243197523,No
9065-ZCPQX,0.03471836440730728,No
9066-QRSDU,0.0991983838155073,No
9067-SQTNS,0.05573510867165345,No
9067-YGSCA,0.05197151023964062,No
9068-FHQHD,0.02514250441542782,No
9068-VPWQQ,0.046117302471773196,No
9069-LGEUL,0.4111796084281247,No
9070-BCKQP,0.12687542800316737,No
9073-ZZIAY,0.043147996655648065,No
9074-KGVOX,0.40577232511404754,No
9076-AXYIK,0.2577782619425363,No
9079-LWTFD,0.3530271795822199,No
9079-YEXQJ,0.6348525398585705,Yes
9081-WWXKP,0.020182889368698352,No
9084-OAYKL,0.022237785045677708,No
9086-YJYXS,0.21838661449832936,No
9087-EYCPR,0.026023633193183023,No
9089-UOWJG,0.4670169609560741,No
9090-SGQXL,0.7204515665113805,Yes
9091-WTUUY,0.022437362744154803,No
9092-GDZKO,0.2767648639372223,No
9093-FPDLG,0.7774106918354856,Yes
9094-AZPHK,0.8526540667147123,Yes
9095-HFAFX,0.7918191829451219,Yes
9097-ZUBYC,0.29946112697376787,No
9099-FTUHS,0.40427527887442105,No
9101-BWFSS,0.42473050972967086,No
9101-NTIXF,0.4535708158810448,No
9102-IAYHT,0.8109102052664646,Yes
9102-OXKFY,0.06826329734165057,No
9103-CXVOK,0.5307635232684705,Yes
9103-TCIHJ,0.40950916360595035,No
9107-UKCKY,0.3170796676404123,No
9108-EJFJP,0.6405053208961806,Yes
9108-EQPNQ,0.06828213090497677,No
9110-HSGTV,0.04010887928232004,No
9112-WSNPU,0.533738406342068,Yes
9114-AAFQH,0.2920741928765571,No
9114-DPSIA,0.026732038111015044,No
9114-VEPUF,0.3336755588713945,No
9115-YQHGA,0.2994171519962924,No
9117-SHLZX,0.7001282081198161,Yes
9121-PHQSR,0.798209538353111,Yes
9122-UMROB,0.45114592470397324,No
9124-LHCJQ,0.9266087913466385,Yes
9127-FHJBZ,0.14369084136599214,No
9127-QRZMH,0.08880069788995353,No
9128-CPXKI,0.23862715438821516,No
9129-UXERG,0.7779144055861853,Yes
9133-AYJZG,0.771864941613865,Yes
9134-CEQMF,0.9041806098923681,Yes
9134-WYRVP,0.24865871319598024,No
9135-HSWOC,0.022931502141385517,No
9135-MGVPY,0.03773382657943723,No
9136-ALYBR,0.8044584714731441,Yes
9137-NOQKA,0.6143106318595094,Yes
9137-UIYPG,0.5210117237509688,Yes
9138-EFSMO,0.3419264520702681,No
9139-TWBAS,0.20951011360002733,No
9139-WQQDY,0.4167012643948449,No
9140-CZQZZ,0.0416722675421447,No
9142-KZXOP,0.4290635856377085,No
9142-XMYJH,0.12311953054703763,No
9143-CANJF,0.1911407289163804,No
9146-JRIOX,0.2193201021927475,No
9150-HEPMB,0.09706665547086463,No
9150-KPBJQ,0.06300734055993867,No
9152-AMKAK,0.16543152815600104,No
9153-BTBVV,0.02343879017964811,No
9154-QDGTH,0.43412204869673615,No
9158-VCTQB,0.6056392769018957,Yes
9163-GHAYE,0.4046762180353109,No
9167-APMXZ,0.736515775862054,Yes
9168-INPSZ,0.719877710376675,Yes
9169-BSVIN,0.6117254493868103,Yes
9170-ARBTB,0.059027429257836515,No
9170-CCKOU,0.5743951801945305,Yes
9170-GYZJC,0.22336889065765825,No
9172-ANCRX,0.881769217934115,Yes
9172-JITSM,0.7062523692291289,Yes
9173-IVZVP,0.02170337854513237,No
9174-FKWZE,0.6798149576091722,Yes
9174-IHETN,0.11456782902049024,No
9178-JHUVJ,0.04903130955148273,No
9184-GALIL,0.11455545001032692,No
9185-TQCVP,0.8459480345648023,Yes
9189-JWSHV,0.847069199531443,Yes
9190-MFJLN,0.7878930302538544,Yes
9191-MYQKX,0.7498681574103324,Yes
9194-GFVOI,0.07777267495220191,No
9199-PWQVC,0.18560370946870336,No
9200-NLNPD,0.3166260931436628,No
9206-GVPEQ,0.6593318426925612,Yes
9207-ZPANB,0.1524967717746477,No
9208-OLGAQ,0.8158806474740268,Yes
9209-NWPGU,0.11721466271847558,No
9210-IAHGH,0.5663793348678579,Yes
9214-EKVXR,0.7059495476944325,Yes
9220-CXRSC,0.021643958966133303,No
9220-ZNKJI,0.1414507655986509,No
9221-OTIVJ,0.8885275324127787,Yes
9223-UCPVT,0.9335083903432393,Yes
9224-VTYID,0.06511620597736181,No
9225-BZLNZ,0.09708983521115597,No
9227-LUNBG,0.8244976144479337,Yes
9227-UAQFT,0.0390777914281829,No
9227-YBAXE,0.056260920453195744,No
9229-RQABD,0.12366277852217034,No
9231-ZJYAM,0.8813573368128149,Yes
9233-PSYHO,0.5959313080621264,Yes
9236-NDUCW,0.0693030842017319,No
9237-HQITU,0.9020451728929301,Yes
9239-GZHZE,0.11883028546211334,No
9239-ZBZZV,0.8392691761060491,Yes
9242-TKFSV,0.05586594402057776,No
9244-ZVAPM,0.6383265901062771,Yes
9248-OJYKK,0.9429916727274652,Yes
9249-FXSCK,0.3674717445787857,No
9250-WYPLL,0.8274768929976672,Yes
9251-AWQGT,0.02488398003665172,No
9251-WNSOD,0.10790856760669038,No
9253-QXKBE,0.8275011247146347,Yes
9253-VIFJQ,0.08394892118501901,No
9254-RBFON,0.43465549761848593,No
9256-JTBNZ,0.25471533315491557,No
9257-AZMTZ,0.02552995268710595,No
9258-CNWAC,0.08202891599131827,No
9259-PACGQ,0.22535320060335529,No
9261-WDCAF,0.7182476088194987,Yes
9269-CQOOL,0.7245006667174125,Yes
9272-LSVYH,0.6386732888795773,Yes
9274-CNFMO,0.8663033840582451,Yes
9274-UARKJ,0.6842792749207486,Yes
9277-JOOMO,0.5290152593023467,Yes
9278-VZKCD,0.7827811814662445,Yes
9279-CJEOJ,0.8352733809485314,Yes
9281-CEDRU,0.02916096685010173,No
9281-OFDMF,0.7277475712126101,Yes
9281-PKKZE,0.6341796182010371,Yes
9282-IZGQK,0.951583741257032,Yes
9283-LZQOH,0.700133367188398,Yes
9286-BHDQG,0.0249209434968768,No
9286-DOJGF,0.6820484307204724,Yes
9289-LBQVU,0.134720968502821,No
9290-SHCMB,0.85842969390226,Yes
9294-TDIPC,0.25059524037555275,No
9297-EONCV,0.049840418286149955,No
9297-FVVDH,0.11162553888545476,No
9298-WGMRW,0.11974786765606359,No
9300-AGZNL,0.9699880439804982,Yes
9300-RENDD,0.9240904068981505,Yes
9305-CDSKC,0.9112532556011682,Yes
9306-CPCBC,0.9282089022491324,Yes
9308-ANMVE,0.23470725924505367,No
9309-BZGNT,0.21384286461224744,No
9313-CDOGY,0.170955253965101,No
9313-QOLTZ,0.12086573142950087,No
9314-IJWSQ,0.8030547399891826,Yes
9314-QDMDW,0.40697477147569,No
9317-WZPGV,0.9261540780123408,Yes
9318-NKNFC,0.5302548070605237,Yes
9323-HGFWY,0.3236575283797742,No
9327-QSDED,0.42278760179926633,No
9330-DHBFL,0.09826926943915984,No
9330-IJWIO,0.843251469569464,Yes
9330-VOFSZ,0.18399852273861295,No
9332-GYWLO,0.5595112252544372,Yes
9334-GWGOW,0.8759333639940843,Yes
9337-SRRNI,0.027448183392518262,No
9339-FIIJL,0.050929345546669544,No
9342-VNIMQ,0.323080878360075,No
9347-AERRL,0.08799017560265936,No
9348-ROUAI,0.051671530916768495,No
9348-YVOMK,0.552447958439162,Yes
9350-VLHMB,0.5147734090961731,Yes
9350-ZXYJC,0.1275281795765697,No
9351-HXDMR,0.125721175190625,No
9351-LZYGF,0.2183464765405193,No
9355-NPPFS,0.7420260292616324,Yes
9356-AXGMP,0.5286768665490423,Yes
9357-UJRUN,0.20052158429025174,No
9359-JANWS,0.022020918056305135,No
9359-UGBTK,0.08689518373523099,No
9360-AHGNL,0.44794034987254655,No
9360-OMDZZ,0.8110253132386288,Yes
9361-YNQWJ,0.08492461983636873,No
9362-MWODR,0.20360023315394332,No
9364-YKUVW,0.2316992775337966,No
9365-CSLBQ,0.017917279574293867,No
9365-SRSZE,0.6601079644132168,Yes
9367-OIUXP,0.2833370675487273,No
9367-TCUYN,0.1923177832391878,No
9367-WXLCH,0.8132781613870943,Yes
9369-XFEHK,0.6035880688005334,Yes
9371-BITHB,0.022808357124753577,No
9372-TXXPS,0.022263304240499188,No
9373-WSLOY,0.49397567284836874,No
9374-YOLBJ,0.5304950754802222,Yes
9375-MHRRS,0.34934193779355865,No
9378-FXTIZ,0.3172021339995324,No
9381-NDKME,0.5916282470571852,Yes
9385-EHGDO,0.0237104071406882,No
9385-NXKDA,0.07295000632920166,No
9386-LDCZR,0.190678578032848,No
9388-ZEYVT,0.27629434264574565,No
9389-ACWBI,0.6720728673225487,Yes
9391-DXGGG,0.3625313201330449,No
9391-EOYLI,0.8366197460795977,Yes
9391-LMANN,0.3102040460207187,No
9391-TTOYH,0.1992757137581081,No
9391-YZEJW,0.4664953385427008,No
9392-XBGTD,0.02087324090530398,No
9396-ZSFLL,0.4064132417074534,No
9397-TZSHA,0.02275500877228361,No
9398-MMQTO,0.8137172930279465,Yes
9399-APLBT,0.8841872907502041,Yes
9402-CXWPL,0.39463005000841717,No
9402-ORRAH,0.8481259682755189,Yes
9402-ROUMJ,0.23491697349333723,No
9405-GPBBG,0.1655203966351072,No
9408-HRXRK,0.6744487417050036,Yes
9408-SSNVZ,0.8204862326195316,Yes
9411-TPQQV,0.26765643417264373,No
9412-ARGBX,0.12261418447575125,No
9412-GHEEC,0.6178340240619536,Yes
9415-DPEWS,0.7579720640777035,Yes
9415-TPKRV,0.5434503377010361,Yes
9415-ZNBSX,0.04937638496515848,No
9418-RUKPH,0.03090189848848191,No
9419-IPPBE,0.5664265758696068,Yes
9420-LOJKX,0.6965804285084011,Yes
9424-CMPOG,0.05024029260964361,No
9426-SXNHE,0.48551834074497574,No
9430-FRQOC,0.7231201852572042,Yes
9430-NKQLY,0.02474177425975444,No
9432-RUVSL,0.1902953232731232,No
9432-VOFYX,0.7047527204732689,Yes
9435-JMLSX,0.0389829842319377,No
9436-ZBZCT,0.7698070690052499,Yes
9441-QHEVC,0.45832690936145976,No
9442-JTWDL,0.12968830802317954,No
9443-JUBUO,0.05582243897974197,No
9444-JTXHZ,0.8838816584794967,Yes
9445-SZLCH,0.6271142173669255,Yes
9445-ZUEQE,0.4564209377248933,No
9447-YPTBX,0.09682472215602633,No
9448-REEVD,0.6640913578121138,Yes
9450-TRJUU,0.6321925939723043,Yes
9451-LPGOO,0.8848369297455766,Yes
9451-WLYRI,0.06765876145001463,No
9453-PATOS,0.026026150174720805,No
9462-MJUAW,0.5502168497574706,Yes
9465-RWMXL,0.6748722373435277,Yes
9467-ROOLM,0.12704405191702983,No
9469-WEJBT,0.6478739697424258,Yes
9470-RTWDV,0.23634314868249204,No
9470-XCCEM,0.560674571432983,Yes
9470-YFUYI,0.08021021425118398,No
9473-CBZOP,0.13183734334265826,No
9474-PHLYD,0.5990761273145427,Yes
9475-NNDGC,0.2982686164094979,No
9477-LGWQI,0.0459315328862189,No
9479-HYNYL,0.046682858361433315,No
9480-BQJEI,0.3436869764941096,No
9481-IEBZY,0.48824785400526116,No
9481-SFCQY,0.43715729523425745,No
9481-WHGWY,0.026894218519132575,No
9483-GCPWE,0.1127042432463673,No
9488-FVZCC,0.03818173793369858,No
9488-FYQAU,0.18702481099853357,No
9488-HGMJH,0.9207365490360405,Yes
9489-DEDVP,0.04428238221876322,No
9489-JMTTN,0.033182715573408364,No
9489-UTFKA,0.5044927283280095,Yes
9490-DFPMD,0.7624260750397792,Yes
9492-TOKRI,0.7193334628787096,Yes
9494-BDNNC,0.3794635514895171,No
9494-MRNYX,0.7941061917637842,Yes
9495-REDIY,0.22158042851016926,No
9495-SKLKD,0.6176835200294788,Yes
9496-IVVRP,0.33319177153777874,No
9497-QCMMS,0.9703026029549869,Yes
9498-FIMXL,0.16875647494467624,No
9499-XPZXM,0.023060358604919645,No
9500-IWPXQ,0.15267662604442156,No
9500-LTVBP,0.3932859723369197,No
9500-WBGRP,0.02087473351835588,No
9501-UKKNL,0.527181154779557,Yes
9503-XJUME,0.058093035031691546,No
9504-DSHWM,0.28307488964362487,No
9504-YAZWB,0.02495198698454867,No
9505-SQFSW,0.7656226877887863,Yes
9506-UXUSK,0.7289184243863303,Yes
9507-EXLTT,0.902011332465334,Yes
9507-HSMMZ,0.024860234087550476,No
9508-ILZDG,0.6335022344228962,Yes
9509-MPYOD,0.0483674534346627,No
9512-PHSMG,0.2966909693180945,No
9512-UIBFX,0.6606903491109086,Yes
9513-DXHDA,0.17353079278307784,No
9514-JDSKI,0.8736298231995397,Yes
9518-IMLHK,0.21695851434252425,No
9518-RWHZL,0.44058124512437385,No
9518-XXBXE,0.7320498231590009,Yes
9522-BNTHX,0.6376537837232363,Yes
9522-ZSINC,0.1820939816774387,No
9524-EGPJC,0.7755343212050579,Yes
9526-BIHHD,0.7087900469939623,Yes
9526-JAWYF,0.5807570661877225,Yes
9529-OFXHY,0.7332930828860771,Yes
9530-EHPOH,0.6077925407329063,Yes
9530-GRMJG,0.0841122233613617,No
9531-NSBMR,0.0984680993833517,No
9534-NSXEM,0.08272068885729902,No
9537-JALFH,0.015431790960621788,No
9537-VHDTA,0.5372525951060645,Yes
9540-JYROE,0.7101432854890606,Yes
9541-PWTWO,0.12782576050909594,No
9541-ZPSEA,0.05681779077433824,No
9544-PYPSJ,0.5844344265725744,Yes
9546-CQJSU,0.9442449131364388,Yes
9546-KDTRB,0.24599686785369604,No
9547-ITEFG,0.853072818622629,Yes
9548-LERKT,0.027276995453578874,No
9548-LIGTA,0.043062332979428256,No
9548-ZMVTX,0.06165355533988422,No
9552-TGUZV,0.6689875808483821,Yes
9553-DLCLU,0.1062505415344454,No
9554-DFKIC,0.2849637604458345,No
9555-SAHUZ,0.2304004372269657,No
9558-IHEZX,0.16556041702646945,No
9560-ARGQJ,0.7211902137877514,Yes
9560-BBZXK,0.08287882012764688,No
9564-KCLHR,0.5576530012582047,Yes
9565-AXSMR,0.023489320368761283,No
9565-DJPIB,0.7594851586153519,Yes
9565-FLVCG,0.054255314249105936,No
9565-JSNFM,0.3518435738911871,No
9570-KYEUA,0.09990271326396451,No
9571-EDEBV,0.41463263559427843,No
9572-MTILT,0.5306014682573827,Yes
9572-WUKSB,0.8172059322351496,Yes
9574-BOSMD,0.021657712736476226,No
9574-RKJIF,0.6100218850230814,Yes
9575-IWCAZ,0.1885835890356562,No
9576-ANLXO,0.8712196028409653,Yes
9576-SYUHJ,0.6896946970981903,Yes
9577-WJVCQ,0.16197390509696996,No
9578-FOMUK,0.35836836682078826,No
9578-VRMNM,0.5827364552280371,Yes
9581-GVBXT,0.1297719653923335,No
9584-EXCDZ,0.5669912831387328,Yes
9585-KKMFD,0.029228042814307065,No
9586-JGQKH,0.17341040879855446,No
9588-OZDMQ,0.7837549270483886,Yes
9588-YRFHY,0.038982682309894996,No
9589-ABEPT,0.11136879882556283,No
9591-YVTEB,0.5244915254945446,Yes
9592-ERDKV,0.2414442886993299,No
9593-CVZKR,0.038375959428362395,No
9600-NAXZN,0.7566417621213004,Yes
9600-UDOPK,0.722974886475566,Yes
9601-BRXPO,0.6955738842018053,Yes
9602-WCXPI,0.06927852137683464,No
9603-OAIHC,0.9235854632704953,Yes
9605-WGJVW,0.922393798920551,Yes
9606-PBKBQ,0.778312237933893,Yes
9609-BENEA,0.21166464759804476,No
9610-WCESF,0.06120980446428881,No
9611-CTWIH,0.9430488963787402,Yes
9614-RMGHA,0.5155635161236463,Yes
9617-INGJY,0.8604984111545781,Yes
9617-UDPEU,0.10534584081523649,No
9618-LFJRU,0.29584663723578936,No
9619-GSATL,0.11026394895656948,No
9620-ENEJV,0.6700295562639229,Yes
9620-QJREV,0.04804505114559525,No
9621-OUPYD,0.0912366885015947,No
9624-EGDEQ,0.027287204605924917,No
9625-QNLUX,0.11626347704807026,No
9625-QSTYE,0.7063639935927634,Yes
9625-RZFUK,0.01577907356408003,No
9626-VFRGG,0.6036467811394354,Yes
9626-WEQRM,0.6106561998405433,Yes
9629-NHXFW,0.49225590388037455,No
9631-RXVJM,0.02090491321257732,No
9631-XEYKE,0.7280628401440439,Yes
9633-DENPU,0.3063046619900763,No
9633-XQABV,0.9009499624383133,Yes
9637-CDTKZ,0.119021622133694,No
9637-EIHEQ,0.7197607630857908,Yes
9638-JIQYA,0.8088985149178147,Yes
9639-BUJXT,0.042716173774922546,No
9640-ZSLDC,0.15400988690383924,No
9643-AVVWI,0.8394604812747727,Yes
9643-YBLUR,0.6677532839512911,Yes
9644-KVCNC,0.34471152275155825,No
9644-UMGQA,0.5190000667155875,Yes
9646-NMHXE,0.02271553164032578,No
9647-ERGBE,0.7642014228171526,Yes
9648-BCHKM,0.06349376891496394,No
9650-VBUOG,0.03510331567934838,No
9651-GTSAQ,0.3897482374750897,No
9658-WYUFB,0.7537574142478327,Yes
9659-QEQSY,0.6339616746077341,Yes
9659-ZTWSM,0.41601960408536565,No
9661-ACXBS,0.74654077404252,Yes
9661-JALZV,0.04367117346282609,No
9661-MHUMO,0.6741448023673922,Yes
9667-EQRXU,0.6058606635948881,Yes
9667-TKTVZ,0.7063067682969011,Yes
9668-PUGNU,0.04260431807894428,No
9670-BPNXF,0.07419073452384344,No
9674-EHPPG,0.050519439011319285,No
9675-ICXCT,0.04963449807271687,No
9677-AVKED,0.2793316814114724,No
9680-NIAUV,0.10553319530167847,No
9681-KYGYB,0.6953473297544773,Yes
9681-OXGVC,0.9238399024959411,Yes
9685-WKZGT,0.8231651893084646,Yes
9688-YGXVR,0.536578036773968,Yes
9689-PTNPG,0.9206383404793066,Yes
9691-HKOVS,0.2539709298430787,No
9692-TUSXH,0.7655739705379987,Yes
9693-XMUOB,0.6508341683599608,Yes
9695-IDRZR,0.15057060989451868,No
9696-RMYBA,0.7879933590474121,Yes
9699-UBQFS,0.6941141540293376,Yes
9700-ISPUP,0.5282954540279354,Yes
9700-ZCLOT,0.4454397575165905,No
9701-CDXHR,0.44449519327930964,No
9702-AIUJO,0.1611814056520371,No
9705-IOVQQ,0.4803770852930162,No
9705-ZJBCG,0.11759708391891852,No
9708-HPXWZ,0.6476136515556385,Yes
9708-KFDBY,0.46526633370762366,No
9710-NJERN,0.0258328409722895,No
9710-ZUSHQ,0.7202711695318071,Yes
9711-FJTBX,0.19201972831231265,No
9714-EDSUC,0.6943722552228356,Yes
9715-SBVSU,0.118404022931661,No
9715-WZCLW,0.21510002806499412,No
9717-IOAAF,0.040520526695666595,No
9717-QEBGU,0.9034700683021826,Yes
9720-JJJOR,0.11383484344679268,No
9722-UJOJR,0.5553425784597446,Yes
9725-SCPZG,0.9370999391306508,Yes
9728-FTTVZ,0.9065130289146788,Yes
9730-DRTMJ,0.13703529353746216,No
9732-EQMWY,0.6797515121639801,Yes
9732-KPKBW,0.682315938456393,Yes
9732-OUYRN,0.07385478306732503,No
9734-UYXQI,0.8359511693035161,Yes
9734-YWGEX,0.8438064093790828,Yes
9738-QLWTP,0.282181093539977,No
9739-JLPQJ,0.0726336825276796,No
9741-YLNTD,0.8209048659228719,Yes
9742-XOKTS,0.16488498753396963,No
9743-DQKQW,0.8181752505474766,Yes
9746-MDMBK,0.34391603328808595,No
9746-UGFAC,0.08793328703857281,No
9746-YKGXB,0.2241859060129192,No
9747-DDZOS,0.8510977285822626,Yes
9750-BOOHV,0.13757419587141215,No
9752-ZNQUT,0.7713334202743118,Yes
9753-OYLBX,0.44669978806202904,No
9754-CLVZW,0.20137715542460563,No
9755-JHNMN,0.03133105861498346,No
9758-MFWGD,0.22991076445018965,No
9761-XUJWD,0.5460543057938413,Yes
9762-YAQAA,0.3167229710941403,No
9763-GRSKD,0.31666479246928575,No
9763-PDTKK,0.7507470447924202,Yes
9764-REAFF,0.026453670079109332,No
9766-HGEDE,0.09280428285010084,No
9767-FFLEM,0.5327938960868921,Yes
9769-TSBZE,0.02647505332177418,No
9770-KXGQU,0.30226403395841145,No
9770-LXDBK,0.43610112716006116,No
9773-PEQBZ,0.776561384074688,Yes
9774-NRNAU,0.4926507036372359,No
9776-CLUJA,0.7012092052765228,Yes
9776-OJUZI,0.5790345208756785,Yes
9777-IQHWP,0.1293733375263619,No
9777-WJJPR,0.5822735936422849,Yes
9778-OGKQZ,0.04820598218425024,No
9779-DPNEJ,0.7295254745956166,Yes
9780-FKVVF,0.5653325112983404,Yes
9782-LGXMC,0.1500698819432903,No
9786-IJYDL,0.16920778903141276,No
9786-YWNHU,0.016868801792262897,No
9787-XVQIU,0.9312428101869075,Yes
9788-HNGUT,0.11087852635985276,No
9788-YTFGE,0.310049078553856,No
9793-WECQC,0.6235596029226455,Yes
9795-NREXC,0.06792637926030645,No
9795-SHUHB,0.02147374465876943,No
9795-VOWON,0.45045025992781135,No
9796-BPKIW,0.7672740630806384,Yes
9796-MVYXX,0.1055990945982544,No
9798-DRYDS,0.1987969995085375,No
9798-OPFEM,0.04292717906123298,No
9799-CAYJJ,0.9252053359055425,Yes
9800-ONTFE,0.6537546013480304,Yes
9800-OUIGR,0.015545390149455721,No
9801-GDWGV,0.7924787834752001,Yes
9801-NOSHQ,0.06921695844459934,No
9802-CAQUT,0.10616058969556462,No
9803-FTJCG,0.058675616845059834,No
9804-ICWBG,0.9061948161363577,Yes
9805-FILKB,0.07015122682400263,No
9809-IMGCQ,0.8680783226200455,Yes
9812-GHVRI,0.6379635162469387,Yes
9814-AOUDH,0.02738742167672552,No
9817-APLHW,0.34570227116816377,No
9818-XQCUV,0.44292901104351656,No
9819-FBNSV,0.5988649679781455,Yes
9820-RMCQV,0.3601357375601235,No
9821-BESNZ,0.40841245137085064,No
9821-POOTN,0.6413930212921126,Yes
9822-BIIGN,0.29849451473689437,No
9822-OAOVB,0.8389936065040331,Yes
9822-WMWVG,0.5676969812911125,Yes
9823-EALYC,0.03244868676904459,No
9824-BEMCV,0.6871370872333668,Yes
9824-QCJPK,0.06936867497013198,No
9825-YCXWZ,0.4502837205597732,No
9828-AOQLM,0.757815573939862,Yes
9828-QHFBK,0.32761339043786175,No
9830-ECLEN,0.14343719825855722,No
9831-BPFRI,0.3777244598543646,No
9833-TGFHX,0.487537860128647,No
9835-ZIITK,0.4688824547838462,No
9837-BMCLM,0.92324090792039,Yes
9837-FWLCH,0.30826760355206784,No
9838-BFCQT,0.01718953552628126,No
9839-ETQOE,0.3825675139655643,No
9840-DVNDC,0.7731837598710467,Yes
9840-EFJQB,0.8681448935414257,Yes
9842-EFSYY,0.7100898439055641,Yes
9844-FELAJ,0.4211075501072812,No
9845-PEEKO,0.20531670199880436,No
9845-QOMAD,0.0865753722273733,No
9846-GKXAS,0.8274557691147892,Yes
9847-HNVGP,0.09022189405588948,No
9848-JQJTX,0.21351452990669542,No
9850-OWRHQ,0.9033110298235076,Yes
9851-KIELU,0.7780559889433357,Yes
9851-QXEEQ,0.780550347622856,Yes
9853-JFZDU,0.18701783064119593,No
9860-LISIZ,0.10252371297301467,No
9861-PDSZP,0.14594962779585738,No
9862-KJTYK,0.47787132193437193,No
9863-JZAIC,0.2294542272212605,No
9866-OCCKE,0.14731062676081616,No
9866-QEVEE,0.7708542400284298,Yes
9867-JCZSP,0.07855023699929119,No
9867-NNXLC,0.20087976993505555,No
9867-XOBQA,0.07313221596938235,No
9871-ELEYA,0.03052291463906066,No
9873-MNDKV,0.46459678573214597,No
9874-QLCLH,0.8197319508606508,Yes
9878-TNQGW,0.9311292839774159,Yes
9880-TDQAC,0.098223361073927,No
9881-VCZEP,0.3818476253671582,No
9885-AIBVB,0.6576343956690825,Yes
9885-CSMWE,0.921852470383401,Yes
9885-MFVSU,0.060448271694572904,No
9888-ZCUMM,0.07928487170677993,No
9889-TMAHG,0.721715640119994,Yes
9891-NQDBD,0.08011110378235516,No
9894-EZEWG,0.8580622261339981,Yes
9894-QMIMJ,0.1581363737233412,No
9895-VFOXH,0.7540340749579313,Yes
9896-UYMIE,0.2899029852230957,No
9897-KXHCM,0.9207232067432762,Yes
9898-KZQDZ,0.7478778262606878,Yes
9903-LYSAB,0.7828759858480611,Yes
9904-EHEVJ,0.6266825461191375,Yes
9906-NHHVC,0.1642218620669402,No
9907-SWKKF,0.7912098136338434,Yes
9909-DFRJA,0.30297480945203625,No
9909-IDLEK,0.5155320844310609,Yes
9912-GVSEQ,0.7960160410594763,Yes
9912-OMZDS,0.5324287818377124,Yes
9916-AYHTC,0.030392884473796275,No
9917-KWRBE,0.1615708911963788,No
9919-FZDED,0.08786798348746055,No
9919-KNPOO,0.8530441731365995,Yes
9919-YLNNG,0.5679497946751023,Yes
9921-EZKBY,0.5753341419089149,Yes
9921-QFQUL,0.687797889368531,Yes
9921-ZVRHG,0.7899063647309974,Yes
9924-JPRMC,0.1450536218596389,No
9926-PJHDQ,0.08444971349139552,No
9927-DSWDF,0.67243589088764,Yes
9928-BZVLZ,0.12283682199558296,No
9929-PLVPA,0.2659946667565242,No
9931-DCEZH,0.0940096753430724,No
9931-KGHOA,0.24551104173267238,No
9932-WBWIK,0.23357084807729664,No
9933-QRGTX,0.17789803195113849,No
9938-EKRGF,0.32075358249444824,No
9938-PRCVK,0.024863182048997984,No
9938-TKDGL,0.12502781132582394,No
9938-ZREHM,0.15698772406744166,No
9940-HPQPG,0.6781248352647142,Yes
9940-RHLFB,0.8817862617654145,Yes
9943-VSZUV,0.5062273061297012,Yes
9944-AEXBM,0.6622297907036085,Yes
9944-HKVVB,0.93824793893597,Yes
9945-PSVIP,0.030461545679769497,No
9947-OTFQU,0.7454692721698479,Yes
9948-YPTDG,0.5443927710456009,Yes
9950-MTGYX,0.02949768709284451,No
9953-ZMKSM,0.024456640156624528,No
9955-QOPOY,0.1904324901468098,No
9957-YODKZ,0.881179480237951,Yes
9958-MEKUC,0.06654351077611793,No
9959-WOFKT,0.11909026190101038,No
9961-JBNMK,0.7857088478445332,Yes
9962-BFPDU,0.4185131590751643,No
9964-WBQDJ,0.029580836960089434,No
9965-YOKZB,0.9080792657042147,Yes
9967-ATRFS,0.16915787415158032,No
9968-FFVVH,0.07211375175266371,No
9970-QBCDA,0.26863661217293866,No
9971-ZWPBF,0.7114683552344588,Yes
9972-EWRJS,0.02138007907096312,No
9972-NKTFD,0.1711455425247424,No
9972-VAFJJ,0.42607244592641913,No
9974-JFBHQ,0.40230067795643365,No
9975-GPKZU,0.021184182278366957,No
9975-SKRNR,0.45952550705804324,No
9978-HYCIN,0.35023832023394014,No
9979-RGMZT,0.658565713688273,Yes
9985-MWVIX,0.8602239424915837,Yes
9986-BONCE,0.30579440772225075,No
9987-LUTYD,0.11578249451888492,No
9992-RRAMN,0.818064967984986,Yes
9992-UJOEL,0.6735412342718937,Yes
9993-LHIEB,0.024906603473558084,No
9995-HOTOH,0.10411203760736265,No
